"Pseudotime","Group"
1.00677954417543,"CM"
0.296457460734387,"AM"
0.288680257586167,"AM"
0.296006663198129,"CM"
0.650343897013961,"AM"
0.690360939081092,"AM"
0.620028630268219,"AM"
0.252320694653482,"AM"
0.354088108283792,"CM"
0.255578474545446,"CM"
0.206234196384078,"AM"
1.45763779081432,"CM"
0.265416691833317,"AM"
0.205755808083221,"AM"
0.328852049219131,"CM"
0.224108012461763,"CM"
0.867030957711327,"AM"
0.280151556657076,"AM"
0.340763808202367,"AM"
0.309642912850621,"AM"
0.326393877523597,"AM"
2.4518010386191,"AM"
0.315485500534128,"AM"
0.297699841187168,"AM"
2.1131462197136,"AM"
0.773820464564053,"AM"
0.271652411159259,"AM"
1.02532689496059,"CM"
2.04461136408764,"AM"
0.475978621832818,"AM"
0.271613770344462,"CM"
0.225641496668052,"AM"
1.02705229434787,"AM"
0.279007427528692,"AM"
0.28596680773401,"CM"
1.03771453642222,"AM"
0.275318344108786,"AM"
0.285035650068684,"AM"
0.165850405848131,"AM"
0.529297591380167,"AM"
0.2552469218546,"CM"
0.2214519112358,"AM"
0.308680106030864,"AM"
0.217135721884241,"AM"
1.26403629542731,"AM"
0.321100600603034,"AM"
0.384367434701831,"CM"
0.282002958676185,"AM"
0.352282435467352,"AM"
0.321106618895578,"CM"
0.504090846595468,"AM"
0.260000996585563,"CM"
2.76578581486413,"AM"
0.937713387625891,"AM"
0.27604294489351,"AM"
0.234967518069725,"AM"
0.310353842097717,"AM"
0.342803333726672,"CM"
0.28348879213756,"AM"
0.319063542400369,"CM"
0.266102026672103,"AM"
0.192414183288597,"AM"
3.14106028704344,"AM"
0.302237892225545,"AM"
0.207040821726134,"AM"
0.798771783160372,"AM"
0.399378158653016,"AM"
0.45891052938722,"CM"
0.304648586938955,"CM"
0.300525167741197,"AM"
0.660678976874072,"AM"
0.192011447809136,"AM"
0.278330707544618,"AM"
0.614704720280193,"CM"
0.518595968893939,"AM"
2.93561688372153,"AM"
0.276120592196069,"AM"
2.95082854188378,"AM"
0.243083197022941,"AM"
0.825899134981745,"AM"
0.253981171764115,"AM"
0.333850821456401,"AM"
0.301050456833288,"AM"
0.286033780721437,"CM"
0.349565565960877,"AM"
2.43653200136374,"AM"
0.163585774462846,"AM"
0.320648072921884,"AM"
0.254987914802333,"AM"
0.230068157019904,"AM"
0.194759131066229,"AM"
0.324459851842695,"CM"
0.920072724230345,"AM"
0.272272877013074,"AM"
0.100952402157364,"AM"
0.277627077751706,"CM"
2.92356634505087,"AM"
3.08361924766846,"AM"
0.315336736040351,"CM"
0.311845844212351,"AM"
0.30504349327606,"AM"
0.230405679303024,"AM"
0.27269742962112,"AM"
0.930430722089337,"AM"
0.318596950068969,"CM"
0.189920551974406,"CM"
0.203566493716463,"AM"
0.33034616978431,"AM"
0.328121883658844,"CM"
0.685563893080501,"CM"
0.178850762865962,"AM"
0.781459754392189,"CM"
0.330788929992534,"AM"
0.214071254598284,"AM"
0.287903608787881,"AM"
0.335836245511187,"AM"
0.409947641312652,"AM"
0.403724017251499,"AM"
0.388203516465069,"AM"
0.351633944730543,"AM"
0.242536027331946,"AM"
0.522236194282174,"AM"
0.323724290329203,"AM"
0.303880186721628,"AM"
0.228904322382874,"AM"
1.46870155869613,"AM"
0.234387713712808,"AM"
0.272294904474006,"AM"
0.296179932530083,"CM"
0.44902251637837,"AM"
0.210716847891768,"AM"
0.231824031547247,"AM"
0.30846192689654,"AM"
0.299701916393837,"AM"
0.251388475496172,"AM"
2.97746978213341,"AM"
0.720889805928023,"AM"
0.295078734820449,"AM"
0.342042862237559,"CM"
0.286156633062499,"AM"
0.226992743378826,"AM"
0.949988444774762,"AM"
0.191869950070375,"AM"
0.500197253906001,"AM"
1.28490409872882,"AM"
0.296877642568426,"AM"
0.252105342711379,"AM"
0.630998739476342,"CM"
0.368985367333951,"AM"
2.31786065657074,"AM"
0.305580436152317,"AM"
0.252378010806904,"AM"
0.78893347240471,"AM"
1.05049637095023,"AM"
0.258583509133032,"CM"
1.04960415451701,"CM"
0.345494093049638,"AM"
0.625004722539241,"AM"
2.13049132736651,"AM"
0.558602917483705,"CM"
0.618479781226752,"AM"
0.345927291797028,"AM"
2.43690266909886,"AM"
0.234335257548887,"CM"
1.3537289095563,"AM"
0.309132080579949,"AM"
0.788170539232335,"CM"
0.31310339246492,"CM"
0.292873943358893,"CM"
0.0872397465812557,"CM"
0.329793840650465,"AM"
0.343939657067203,"AM"
0.260986377861747,"AM"
0.32335214908497,"AM"
0.570854488170985,"AM"
1.30839845456698,"AM"
0.274095513648417,"CM"
1.81786642351285,"AM"
1.94820477955243,"AM"
0.281511158193532,"AM"
0.347835744086255,"AM"
0.290898825664085,"AM"
0.326815550429131,"CM"
0.21171875687835,"AM"
0.264367717982523,"AM"
0.241415552464644,"AM"
0.834961920524839,"AM"
0.225225491157645,"AM"
0.311748253789032,"CM"
0.274573012191556,"CM"
0.163654830374941,"CM"
0.244807758892478,"AM"
2.19076745120861,"AM"
0.257889147683691,"CM"
0.530265686356493,"CM"
0.327748396400444,"AM"
0.202516981141792,"CM"
0.254843270668197,"AM"
0.311101746610076,"CM"
0.308364540808104,"AM"
0.341570236183892,"AM"
0.102172165561573,"AM"
0.328721391894171,"AM"
0.319733422284208,"CM"
0.332958148498846,"AM"
0.239838729677622,"AM"
0.342528093477547,"AM"
0.627943621557617,"CM"
0.495999241563861,"CM"
0.592861474442536,"AM"
0.25076008064173,"AM"
1.09188246947285,"CM"
0.380160688838783,"AM"
0.264455038063912,"AM"
1.06877869344404,"AM"
0.246225513475294,"AM"
0.208071731197786,"CM"
0.266095128084016,"AM"
0.377484610317837,"AM"
0.37288552487948,"CM"
0.295103630716711,"CM"
0.281582320569919,"CM"
0.337512178262229,"AM"
0.331467445721626,"AM"
0.472312573276388,"AM"
0.310247920236794,"AM"
0.290769966563217,"AM"
0.376229712520996,"CM"
0.249643583655029,"AM"
1.07735802314768,"AM"
0.560100869812259,"AM"
0.313952589424523,"AM"
0.264147360962492,"AM"
0.2948713092195,"CM"
0.600901733911427,"AM"
0.26308273338273,"AM"
0.639112133507632,"CM"
0.364433309433416,"AM"
0.38029737099246,"AM"
0.288613076393589,"AM"
0.263110506844005,"AM"
0.628475125089185,"AM"
0.285400441027587,"CM"
0.287611498326847,"CM"
0.329359330520889,"AM"
0.316400608324118,"AM"
0.316823314569306,"AM"
0.281300165448146,"AM"
1.2674333851708,"AM"
0.347569361958705,"AM"
0.286098542780999,"AM"
0.32870460977385,"AM"
0.587763209944279,"AM"
0.257928773760462,"CM"
0.189260759123363,"AM"
0.329705276916826,"AM"
0.224413990060955,"AM"
1.11455512559406,"AM"
0.848375156060205,"CM"
0.346159382927321,"CM"
0.259395106326248,"AM"
1.19744575609463,"AM"
0.284710334001877,"AM"
0.262314144812189,"AM"
0.252737155386683,"AM"
0.231890292496736,"AM"
0.368437300908103,"AM"
0.302272168016934,"CM"
0.317451706801499,"AM"
1.20325140245252,"AM"
0.491338095099626,"AM"
0.336187504120981,"CM"
0.301432043828174,"AM"
0.279598574670934,"AM"
0.292071964012078,"CM"
1.13449135689722,"AM"
0.215811893719663,"CM"
0.518829900663154,"AM"
0.315846342122457,"CM"
1.29708865860105,"AM"
0.278760608186149,"CM"
0.261682500781115,"AM"
0.286882311559281,"AM"
0.465944892770131,"CM"
0.63765202667085,"CM"
0.216535843899214,"AM"
0.241356420382188,"CM"
0.294444570622492,"AM"
0.234533656542941,"CM"
0.379967586755736,"AM"
0.214975639208027,"CM"
0.901221275493758,"AM"
2.99302496686757,"AM"
0.837092858783016,"AM"
0.235642135561618,"AM"
0.297870934644172,"CM"
0.155060241376676,"AM"
0.503057692827564,"CM"
0.389985116121124,"AM"
0.820311247468052,"AM"
2.9802497785914,"AM"
0.314092797171039,"AM"
0.291660155535972,"AM"
0.741137188444306,"CM"
0.272760512016982,"CM"
0.874825641901995,"AM"
0.233288176164878,"AM"
0.333974959111839,"CM"
0.369947922494875,"CM"
0.295622443555346,"AM"
0.284753697124679,"AM"
0.314539473115862,"AM"
0.351205172352115,"AM"
0.336360847572319,"CM"
0.298045406951932,"CM"
0.45074599309342,"CM"
0.219202466184459,"CM"
0.281206199988466,"AM"
0.262706493730933,"AM"
0.361475368045754,"CM"
0.306346339989881,"AM"
0.273973054238916,"AM"
0.341174653982653,"AM"
0.320702745930435,"AM"
0.297776493383151,"AM"
0.28694873074671,"AM"
0.37261040293302,"CM"
0.172707279595388,"AM"
0.936335937069935,"AM"
0.333340025499857,"AM"
0.918936264738517,"AM"
0.312892408643135,"CM"
0.280479169509643,"AM"
0.239718808080288,"AM"
0.323833401478469,"AM"
0.258860538781868,"CM"
0.339379818454048,"AM"
0.412505073748958,"AM"
1.47930948383941,"AM"
0.255743058734498,"AM"
0.322367467356358,"AM"
0.327214426016033,"AM"
0.249660973695289,"CM"
0.306725211392082,"CM"
0.335502433927205,"CM"
0.294838273952673,"CM"
0.332614525698294,"AM"
0.441859994622661,"AM"
0.264081427905411,"CM"
0.326982489338242,"CM"
0.29256103969424,"CM"
0.212344770149252,"AM"
0.287346434677349,"CM"
0.240681169684047,"AM"
0.959368465185065,"AM"
2.33088815449466,"AM"
1.48946047686827,"AM"
0.239350668034404,"AM"
0.473728949481141,"CM"
0.216228844507218,"CM"
0.500494845896276,"AM"
3.09964720144532,"AM"
0.277150274295812,"CM"
0.205078026773674,"CM"
3.10884981076711,"AM"
0.289783422990851,"AM"
0.295791545547228,"AM"
0.312920002605301,"CM"
0.220499118678045,"AM"
0.26371361826791,"AM"
0.32120564918865,"AM"
0.306284199799674,"AM"
0.299257243965137,"CM"
3.08613535228326,"AM"
0.320717357880782,"CM"
0.347171614921225,"AM"
0.821512899697851,"AM"
0.303972045317166,"AM"
0.291709588290765,"AM"
0.321838935004594,"CM"
1.51651883767127,"CM"
0.799651384081449,"AM"
0.224493116681979,"AM"
0.19690297681555,"AM"
0.303730959849038,"AM"
0.288841717563384,"AM"
0.307733728164339,"AM"
0.298702916665372,"AM"
0.277449446680703,"AM"
0.255655500364123,"AM"
0.476789359179639,"CM"
0.247660786726928,"CM"
0.168749725719725,"AM"
0.231106405185078,"AM"
0.183214884345825,"AM"
2.39284360047832,"AM"
1.33347328229851,"AM"
0.265332287311036,"CM"
0.226885102693912,"AM"
0.311352749905002,"AM"
0.247124500586317,"AM"
0.275200089712698,"AM"
0.683089715447244,"AM"
0.271644999706438,"AM"
0.187441416280272,"AM"
2.8725312753788,"AM"
1.36404762200717,"CM"
3.02788961236281,"AM"
0.231098841282955,"AM"
1.03967648606951,"AM"
0.373058739536569,"AM"
1.41969589736617,"AM"
0.243271136984265,"CM"
0.661077968185041,"AM"
0.328034281059887,"AM"
1.21027391676925,"AM"
0.354347116050797,"AM"
0.291473900679906,"AM"
0.336082896959621,"AM"
0.663088925600182,"AM"
0.283979046973768,"CM"
0.394453072000548,"AM"
0.432031004266783,"AM"
0.324153912742841,"AM"
0.259844959853899,"AM"
0.23550967876469,"AM"
0.370883534208003,"CM"
0.32642126920692,"AM"
0.147935053262307,"AM"
0.227555795654729,"AM"
0.553757628585025,"AM"
0.29066835702073,"AM"
0.22146258347383,"AM"
0.273362746272883,"AM"
0.337582017166898,"AM"
0.401334427749833,"CM"
0.324659575140788,"AM"
0.212380444255053,"AM"
0.859929968752749,"AM"
0.336515297542813,"AM"
0.961380297052404,"AM"
0.279306222831336,"CM"
1.92346312423855,"AM"
0.311843058858655,"AM"
0.309454827926691,"AM"
3.1082770760431,"AM"
0.182836257145563,"AM"
0.250605705766485,"AM"
0.242416977196589,"CM"
0.21037866401847,"AM"
0.315146903370185,"AM"
0.63116829216193,"CM"
0.27810047240113,"CM"
0.576743984601426,"AM"
0.256087929830002,"AM"
0.156441922404245,"CM"
0.296950886786171,"AM"
0.588604925661962,"AM"
0.34414457219494,"AM"
0.29401415432357,"CM"
1.09295033553998,"AM"
0.261278842198588,"AM"
0.285769210402478,"AM"
0.337652480746887,"AM"
0.290256516793336,"CM"
0.271311977043749,"AM"
0.214939804287802,"AM"
0.317933023036044,"CM"
0.264509998282518,"AM"
0.158379831101281,"AM"
0.326260013195252,"AM"
0.279490126518863,"AM"
0.261962381566481,"AM"
0.250976539842239,"AM"
1.21878630374323,"AM"
0.33760681591524,"AM"
0.762247493256563,"CM"
0.802509764029833,"CM"
0.521382967173818,"AM"
0.296192831229239,"AM"
0.277733464521009,"AM"
0.273665284376627,"AM"
0.796193508851686,"AM"
1.98343739553325,"AM"
0.225597030068663,"CM"
0.342542223573875,"AM"
2.62893479498772,"AM"
0.331931151176378,"AM"
0.225087583785945,"AM"
0.174633965356636,"AM"
0.264336106441593,"AM"
0.19699743107898,"AM"
0.301430043039337,"AM"
0.447728234138869,"AM"
0.200373645874321,"AM"
0.32246783010474,"AM"
1.05250950517187,"AM"
0.250550010287939,"AM"
0.249149328651259,"CM"
0.335642863737148,"AM"
0.287577673943881,"CM"
0.51610009136826,"AM"
0.18084841369549,"CM"
1.16101564178,"AM"
0.330054844560404,"CM"
0.262846209774522,"CM"
0.303907715205074,"AM"
1.36342555805074,"AM"
0.72065503646609,"AM"
0.53120995341019,"AM"
0.335948217293141,"AM"
0.276981386817705,"AM"
0.844606895013637,"AM"
0.265994440162838,"AM"
0.30118404671154,"CM"
0.320918465217861,"AM"
0.302851485305645,"AM"
0.268477281043397,"AM"
0.263900005432655,"AM"
0.300305421324635,"AM"
0.289374679917603,"AM"
1.26527972742264,"AM"
0.737100320065103,"AM"
2.95886560442968,"AM"
0.229167215523507,"CM"
0.285986840458008,"CM"
0.251163724592498,"AM"
0.333267654643356,"AM"
1.58225386295495,"CM"
0.336050296811127,"CM"
0.281884506054657,"AM"
0.293848252767636,"AM"
0.290779883187288,"CM"
0.294802605017219,"AM"
0.659220549593129,"CM"
0.594586092991221,"AM"
2.97937966537714,"AM"
1.04795990259196,"AM"
0.920638908505021,"AM"
0.46522068700937,"AM"
0.288451491199889,"AM"
0.298982816265858,"AM"
0.597966734595009,"AM"
0.283315562385889,"AM"
0.30569624763001,"AM"
0.215862053681464,"CM"
0.306661819584809,"AM"
2.02676742167211,"AM"
0.223476080088392,"AM"
0.26793231329267,"CM"
2.35494873519438,"AM"
0.19774233877009,"AM"
0.232399804355101,"AM"
0.848206114121925,"AM"
0.302706636589437,"AM"
1.62434262653403,"AM"
2.89585461336637,"AM"
0.304176226111639,"AM"
0.876484795850497,"AM"
0.254600649125788,"AM"
1.85093789128874,"AM"
0.248012213673924,"AM"
0.739094056983964,"AM"
0.207685638517472,"AM"
0.187517323282793,"AM"
0.253417681744627,"AM"
0.252093977713324,"CM"
0.347796357383158,"CM"
0.334055936508185,"AM"
0.316026590388775,"CM"
0.506826529095798,"AM"
3.03213265929426,"AM"
0.26404735238453,"AM"
0.267814971737473,"AM"
2.86057736387,"AM"
0.192636145139872,"AM"
0.310424592965198,"AM"
0.741125325334652,"AM"
0.270247800289852,"AM"
0.779578748418723,"CM"
0.559312296697512,"AM"
0.221444114461335,"AM"
0.260818719185498,"AM"
0.267322478140196,"AM"
0.491992749825081,"CM"
0.279365427881058,"AM"
0.318830482257465,"CM"
2.93310806393649,"AM"
0.327439011777701,"CM"
0.330586295725524,"AM"
0.332967426228425,"AM"
0.796606377747166,"AM"
0.276589597379843,"AM"
0.847480119345548,"AM"
0.287879446361566,"AM"
0.134896086125454,"CM"
0.258099892919908,"AM"
0.987168365012129,"AM"
0.229149108711799,"CM"
0.254517262342013,"AM"
1.21701018277595,"CM"
0.143730339579448,"AM"
0.86703250143464,"AM"
1.99917719268083,"AM"
0.188269240769603,"AM"
0.375009936683108,"AM"
0.317139505837645,"CM"
0.277637154795109,"CM"
0.531549052262967,"AM"
0.48219717377118,"AM"
1.71075523342192,"AM"
0.25007150904236,"AM"
0.8688035534514,"AM"
0.290041788624286,"CM"
0.687300030519992,"AM"
0.317868267650168,"CM"
0.264474290652406,"AM"
0.244226644182223,"AM"
0.263300789729739,"AM"
0,"CM"
0.317564556004483,"AM"
0.343204673248956,"AM"
0.555128974456845,"AM"
0.961534611280833,"AM"
0.351769413734181,"CM"
0.302663836438654,"CM"
0.261942791381776,"AM"
0.175859025424062,"AM"
0.603996211634845,"AM"
0.32560062928685,"AM"
0.819144886979893,"AM"
0.26777447754856,"AM"
0.360271233006978,"CM"
1.14126580552603,"CM"
0.297794532940533,"AM"
0.326361988002187,"CM"
2.17018812043437,"AM"
0.304379876847465,"CM"
0.335075683370049,"AM"
0.245735000550741,"AM"
0.554238656707125,"AM"
0.205744684453757,"AM"
0.543467970119377,"AM"
0.332329932143039,"CM"
1.47671182838383,"AM"
0.319828234944042,"AM"
0.300817463181116,"AM"
0.224967715816485,"CM"
0.518794798254679,"AM"
0.256797146883925,"AM"
1.06323644417962,"AM"
0.369567436693679,"CM"
0.24626930671306,"AM"
0.357725635759723,"AM"
0.256448981766988,"CM"
0.317071061123831,"CM"
0.335577927511412,"CM"
0.340679471280305,"AM"
0.27992319413067,"CM"
0.255547243948238,"AM"
0.305912417983248,"CM"
0.30594703633933,"AM"
0.251129778064938,"AM"
0.281482025929624,"CM"
1.02698942570137,"AM"
0.27250391838583,"AM"
0.299079695530666,"CM"
0.236231454578078,"AM"
1.2914538713881,"AM"
0.300661328701813,"AM"
0.197746694951345,"CM"
0.177212660674517,"AM"
0.318933032200888,"AM"
0.717928752108464,"CM"
1.17800606323235,"AM"
0.440280632189976,"AM"
0.999501017776485,"CM"
0.271465695691952,"AM"
0.313876018359408,"CM"
0.12893765959438,"AM"
0.994302271396817,"AM"
0.294981450153534,"AM"
0.291071336746251,"AM"
0.309763342956606,"CM"
0.796586068681602,"AM"
0.253038361250462,"AM"
2.3939358442277,"AM"
0.299777385749025,"AM"
3.01723776401732,"AM"
0.227861082265608,"AM"
0.256278375364746,"AM"
0.334244579322083,"AM"
0.162796220393176,"AM"
0.325839683873117,"CM"
0.252040777678241,"AM"
0.198351627167731,"AM"
3.10203865912716,"AM"
0.164508401811254,"AM"
0.325135079355649,"AM"
0.187791429058318,"CM"
0.303534863227261,"AM"
0.191614287136403,"CM"
0.372528950750546,"AM"
0.273125877713678,"AM"
1.16454581054533,"AM"
0.509888838124501,"AM"
0.301159241005311,"AM"
0.312223839357813,"CM"
0.371908795196649,"AM"
0.254072710337576,"CM"
0.24903908947211,"AM"
0.333653285836953,"AM"
0.175570237255524,"AM"
0.221881903583688,"AM"
0.283183276178626,"AM"
0.365816837970911,"CM"
0.72433297451887,"CM"
0.430091125705551,"AM"
0.354499321406465,"AM"
0.832664101401922,"AM"
0.979244788676535,"AM"
0.287942717129778,"CM"
0.311203016662915,"AM"
0.250539623490807,"CM"
0.78269591474885,"AM"
0.285998265976842,"CM"
0.372782007044476,"CM"
0.378567776970676,"AM"
0.305895802863052,"AM"
0.254259958465045,"AM"
0.260729103475169,"AM"
0.253944225567578,"AM"
1.13389622267879,"AM"
2.56698787273661,"AM"
0.292181463809501,"AM"
0.279322672972173,"AM"
0.709271933958074,"AM"
0.255248823064855,"CM"
0.2980486848404,"AM"
0.296705572328205,"AM"
0.331234096476532,"AM"
0.30322526220888,"AM"
0.346139850724782,"CM"
0.290835255908089,"CM"
0.256122353498313,"AM"
0.256211802168353,"AM"
0.305147099605916,"AM"
0.318827912857022,"CM"
0.246646396710519,"AM"
1.9492661650958,"AM"
0.1713381234651,"AM"
0.358901030915334,"AM"
0.286772655680071,"AM"
0.175672094682544,"AM"
0.21679136114087,"AM"
0.333891538567533,"CM"
0.444768473916562,"CM"
0.738599711502002,"CM"
2.99002393886508,"AM"
0.299959904560973,"AM"
0.320003456196173,"AM"
0.233131525113907,"AM"
0.268985134822175,"AM"
0.276900677598287,"AM"
0.282991464912239,"AM"
0.346179656128902,"AM"
0.973004626880035,"AM"
0.296315578416878,"AM"
0.358072026888728,"CM"
0.290776251359353,"AM"
0.629153866684497,"AM"
0.25314566574438,"CM"
0.28490950837687,"AM"
0.230325284985267,"AM"
0.297522514588655,"AM"
0.260268003725044,"AM"
0.316016048035746,"CM"
0.322091118214682,"AM"
0.248941133377672,"AM"
0.323125491262272,"AM"
0.271735598529745,"CM"
0.866546330267158,"AM"
0.184605542833612,"CM"
0.297364942746491,"CM"
0.245078890395968,"CM"
0.340606981092678,"AM"
0.272382932271285,"AM"
0.285398090210324,"AM"
0.265708788799993,"AM"
0.291500806662908,"CM"
0.260386505133943,"AM"
0.343044523376602,"AM"
0.304906613629716,"CM"
0.302053939358995,"AM"
0.403161099412003,"AM"
0.257942860263646,"AM"
0.285351974248882,"AM"
0.227705256776061,"AM"
0.322943558963462,"AM"
0.331323493032756,"AM"
0.345802373499943,"AM"
0.709286796187487,"CM"
0.328835656728283,"AM"
0.342940466931263,"AM"
0.246609796890908,"AM"
0.287822715151117,"AM"
0.241295602749402,"CM"
0.332260299144645,"AM"
0.216331234314461,"AM"
0.286825150790349,"CM"
0.502839807335543,"CM"
0.309204190516415,"AM"
0.25879294588214,"AM"
2.20474975616569,"AM"
0.30953986927891,"AM"
2.95557624562104,"AM"
0.748850077215294,"AM"
0.551275575429742,"AM"
0.514779250226728,"AM"
0.312918356890562,"AM"
0.328277265410565,"CM"
0.306409673905704,"AM"
0.311383831482569,"AM"
0.306376509716656,"CM"
0.263343783865999,"AM"
0.286789381495935,"CM"
0.399035695913496,"AM"
0.245558922686905,"AM"
0.232203948755894,"AM"
0.285632925344344,"AM"
0.298843570037708,"AM"
0.263572596651939,"CM"
0.26592904042513,"AM"
0.326973870174688,"AM"
0.270356440409447,"CM"
0.288004263127679,"AM"
0.31969998552899,"AM"
0.283356497918666,"CM"
0.2880459029759,"CM"
0.480698072190825,"CM"
0.242500657521369,"AM"
0.58462937645699,"CM"
0.359124251758313,"AM"
0.348731860952103,"AM"
0.293510782797563,"CM"
0.273286297756151,"AM"
0.27357906335813,"AM"
0.276547729002489,"AM"
0.553395030626391,"AM"
2.89061775172955,"AM"
0.271317408239151,"CM"
0.295773482188162,"AM"
0.267666784458175,"CM"
0.90298340993299,"AM"
0.299431295025628,"AM"
0.202674753107247,"CM"
0.447940828283458,"AM"
0.243484423233542,"CM"
0.866484027062306,"AM"
0.20360159052634,"CM"
0.340181008382652,"CM"
0.327867490738297,"AM"
0.258089118225676,"AM"
1.14713348781773,"CM"
0.16700782612062,"AM"
0.268413973135822,"AM"
0.226909902028663,"AM"
0.335857067746319,"CM"
0.252823415939813,"CM"
0.685802227962336,"AM"
0.639853647229627,"AM"
0.28440709388117,"AM"
0.332737795492701,"AM"
0.195445130398642,"AM"
0.319386020053486,"CM"
0.311861085895895,"AM"
0.378902669354821,"AM"
0.346257417523328,"AM"
0.541716407562912,"AM"
0.353046803719861,"AM"
0.179217332223834,"AM"
0.129090087956364,"AM"
0.324969711451224,"AM"
0.33206579774817,"CM"
0.257791703223368,"AM"
0.668461722846236,"CM"
0.194810382595718,"AM"
0.172819783687211,"CM"
0.207765129951781,"AM"
0.338375260098748,"AM"
2.54233996638842,"AM"
0.260234674113843,"CM"
0.274275230052212,"AM"
0.229044603864138,"AM"
0.277872755037125,"AM"
0.298493687901552,"CM"
0.385047847086478,"AM"
0.339717252336042,"AM"
0.0610590069801014,"CM"
0.270508221562612,"AM"
0.201847064716378,"AM"
0.241870644115289,"CM"
0.248729864350995,"AM"
0.439864118414088,"CM"
0.243749790020029,"AM"
0.312229792165408,"AM"
0.279250561472681,"AM"
0.295000271874675,"AM"
0.261347505043703,"CM"
0.913516402940972,"AM"
0.263332727554449,"CM"
0.514247548031356,"CM"
0.369683804524846,"CM"
0.280385518351431,"CM"
0.262560572737993,"CM"
0.601235343196946,"CM"
0.679784091059356,"AM"
0.177474362762434,"AM"
0.25731643587629,"CM"
0.191256732533254,"CM"
0.260917180319363,"AM"
0.214123714104532,"AM"
0.317374231754458,"CM"
0.283136229940409,"AM"
0.245001269385807,"AM"
0.261338324971324,"CM"
0.231491729255568,"AM"
0.35449340728517,"CM"
0.318688445534497,"AM"
2.94902258493063,"AM"
0.272493366856549,"AM"
0.269055543882216,"AM"
0.500363506128373,"CM"
0.289018629138226,"AM"
0.573087539210574,"CM"
0.332979560330969,"CM"
0.575855043296755,"AM"
0.238399487200187,"CM"
0.28163257602838,"AM"
0.293841602180669,"AM"
0.250975265543261,"CM"
0.874846215281931,"AM"
0.309417377974149,"AM"
0.221959685844049,"AM"
0.235053622173278,"AM"
0.325208928492573,"AM"
2.98580375673576,"AM"
0.275150563409149,"AM"
2.71477887953731,"AM"
1.46619547607546,"AM"
0.311514683918059,"AM"
0.344096253815175,"AM"
0.267288529905915,"AM"
0.603504167640776,"CM"
0.847184148906437,"CM"
1.25483827378205,"CM"
0.238995971967381,"AM"
2.10129006399242,"AM"
0.329891561697588,"CM"
0.266433860299657,"AM"
0.332558515705387,"AM"
0.333812560863506,"AM"
0.335661308026681,"AM"
0.241159200801831,"AM"
0.323952844739992,"AM"
0.784271401009896,"AM"
0.302394955430574,"CM"
0.328987474074027,"CM"
0.754836968092011,"AM"
0.218001922804233,"AM"
0.327578133282911,"AM"
0.208403727703959,"AM"
0.219826154723675,"AM"
0.286310446597129,"CM"
0.309577851485955,"AM"
0.8837213610312,"CM"
0.211282649312469,"AM"
0.278476971136678,"AM"
0.302072004021335,"AM"
0.263005284304939,"AM"
0.197785838467115,"CM"
0.120494384475,"CM"
0.338755621304142,"CM"
0.335658489509442,"CM"
0.330950129490437,"AM"
0.294810450766722,"AM"
0.303533524309386,"AM"
0.282855785937336,"AM"
0.264780711988283,"CM"
0.316879761683023,"AM"
0.309111210366646,"CM"
0.329755045228596,"AM"
0.245802774775795,"CM"
0.264083256030578,"CM"
0.326011504398123,"CM"
0.30113304840176,"AM"
0.228052821024069,"AM"
2.98217611095385,"AM"
0.536700617911344,"CM"
0.386423525366245,"AM"
0.290684414880118,"AM"
0.312821260850023,"AM"
0.261862875451084,"CM"
0.275799004520229,"AM"
2.9689876949245,"AM"
0.353885949329535,"CM"
0.318597341303439,"CM"
0.267772488303962,"AM"
0.221918203414848,"AM"
0.285796979735276,"AM"
0.718804307181155,"CM"
0.474192668851184,"CM"
0.238953492801693,"AM"
0.258028961373011,"AM"
0.561639327843533,"AM"
0.259843379860312,"AM"
0.369022670311709,"CM"
0.242846245411629,"CM"
0.823258816618335,"AM"
0.2294589347977,"AM"
0.260431274324637,"AM"
0.29745275345888,"AM"
0.233144472395753,"CM"
0.2857768071377,"CM"
0.292659856871757,"CM"
0.291528798203879,"AM"
0.332955259010352,"AM"
0.267443873544021,"CM"
0.528565766839142,"AM"
0.349076602525433,"CM"
0.314840339218544,"AM"
2.2843703900023,"AM"
0.355176640965211,"CM"
0.989784324820658,"AM"
0.325779627999941,"CM"
0.315007465659947,"AM"
0.303167914344267,"AM"
0.294964380472167,"CM"
0.202385673513059,"AM"
0.712085343807262,"AM"
0.267915662947099,"AM"
0.326761696459539,"AM"
0.298004329848575,"AM"
0.324194465429065,"AM"
0.31155026417784,"AM"
0.805841990920223,"AM"
0.267740030982776,"AM"
2.85868292244667,"AM"
0.240646861106243,"AM"
2.95163156331334,"AM"
0.32575613473844,"AM"
0.747761147254297,"AM"
0.43965518072087,"CM"
0.312743347445759,"AM"
0.213778774570859,"AM"
0.583639716163923,"AM"
0.328244366736795,"CM"
0.262006964552849,"AM"
0.306755047813852,"CM"
0.349061130446893,"AM"
0.270706342644174,"AM"
0.306530546221225,"AM"
0.333075653956551,"AM"
0.521771541386959,"CM"
0.313394316949621,"AM"
0.114525273041214,"CM"
0.17476085690672,"CM"
0.599298885750061,"AM"
0.213450748864051,"AM"
0.372436167832031,"CM"
0.273056335270883,"AM"
0.146942610473827,"CM"
0.329783655202137,"AM"
0.248702214078881,"AM"
0.297379958058786,"CM"
0.589270119823865,"AM"
0.320990954108877,"AM"
0.676427534001377,"CM"
0.331488237952003,"CM"
0.730206401673354,"CM"
0.300721754422517,"CM"
0.328903972242105,"AM"
0.311506737620543,"AM"
2.77409157534157,"AM"
0.307818795547747,"CM"
0.557258153074276,"AM"
0.474139094295525,"CM"
0.334853442623512,"CM"
0.318874105609747,"CM"
0.480252870321616,"CM"
2.68854468660623,"AM"
0.331590593455397,"AM"
0.343955549917791,"CM"
0.311891318427459,"CM"
0.162725952511086,"CM"
0.538826502320843,"AM"
0.345213736801949,"CM"
0.323297829192173,"AM"
2.54654082979193,"AM"
1.19445764929979,"AM"
0.679104579417593,"AM"
0.560295449185819,"CM"
0.28311897590543,"AM"
0.5304165490852,"AM"
0.381699686950945,"AM"
0.253270078392115,"CM"
1.14688865782571,"CM"
0.273549369069658,"AM"
0.319373375772683,"AM"
0.191932393271115,"AM"
0.578993866278143,"CM"
0.204047812664121,"AM"
0.264614041217594,"CM"
1.03421580930477,"AM"
1.2618665515137,"AM"
0.246790495061203,"CM"
1.91389378864763,"AM"
0.294229242404544,"CM"
0.276063770823115,"AM"
0.309901298957213,"AM"
0.231324958264231,"CM"
0.322875111719951,"AM"
0.878310184609815,"AM"
0.348889699851111,"AM"
0.296648450642592,"CM"
1.07931426305298,"AM"
0.255494032778086,"AM"
0.273747070521472,"AM"
0.235669772851633,"AM"
0.284400244392189,"AM"
0.448468430739585,"AM"
0.282372118771661,"AM"
0.259768343003758,"CM"
0.229557586750825,"CM"
0.321666188318267,"AM"
0.861825767027828,"CM"
0.174841188023179,"CM"
0.266480174368959,"CM"
0.202676829541662,"AM"
0.326281319880813,"AM"
0.22788803608297,"AM"
0.302731992929747,"AM"
0.21430819563777,"AM"
0.26473170150487,"CM"
0.329613207542832,"CM"
2.93329751963916,"AM"
0.245489965488542,"AM"
0.299927484763181,"CM"
0.172152730825684,"AM"
0.23876696989724,"AM"
0.320381984967195,"AM"
0.555023920569048,"CM"
0.72563664369244,"AM"
0.570276524903631,"AM"
0.21605091412262,"AM"
0.284836654508212,"AM"
0.288178940662215,"AM"
0.276023352662286,"AM"
0.298008987857277,"AM"
0.34102857669516,"AM"
0.35491936402259,"AM"
0.628246932466311,"CM"
0.257402486187531,"AM"
0.325294992530781,"AM"
0.316508576474153,"CM"
0.171569811966473,"AM"
0.17468707324092,"AM"
0.335846212707773,"CM"
0.197904107981051,"CM"
0.19061569740322,"CM"
0.266239954993102,"AM"
0.356685869947145,"AM"
0.207773295782797,"AM"
0.983067609968165,"CM"
1.19082601856776,"CM"
0.258822886151261,"CM"
0.302401585878346,"AM"
0.559827729394799,"AM"
0.234927074745596,"AM"
0.317965481255395,"CM"
0.298262361227674,"AM"
0.223318057343071,"AM"
0.210113690538361,"CM"
0.286477659218799,"CM"
0.22069253304752,"AM"
0.200447756915065,"AM"
0.305638213801517,"AM"
0.179693555104359,"AM"
0.335052122053992,"CM"
0.229825787235934,"AM"
0.156897222663064,"CM"
0.325827843636293,"CM"
0.344852107740729,"CM"
0.334008017996151,"AM"
0.230331251725133,"AM"
0.286301551879674,"AM"
0.41622644655793,"AM"
0.297597072879755,"AM"
0.166018785216111,"AM"
3.11237639356865,"AM"
0.282258397691222,"AM"
0.875876507389274,"AM"
0.653185414095788,"AM"
2.97141225769051,"AM"
0.314501163889734,"AM"
0.268628444712573,"AM"
0.248405995826724,"AM"
0.314756259639602,"AM"
0.642511327095552,"AM"
0.304064549813612,"AM"
0.319231891878161,"AM"
0.266240265821493,"AM"
0.215497870798877,"AM"
0.29945670713762,"AM"
0.319972920049932,"AM"
0.335751505991473,"AM"
0.438854818743234,"CM"
0.663944048678989,"AM"
0.230458019155709,"AM"
0.590002033127578,"AM"
0.205937766368566,"AM"
0.285587418636806,"CM"
0.287518974979471,"AM"
0.501788249372566,"CM"
0.346146979212724,"AM"
0.2625623590883,"CM"
2.50349722120319,"AM"
0.343518506020586,"CM"
0.193244601626991,"AM"
0.29671629457519,"AM"
0.269959291693655,"CM"
0.537171487889482,"AM"
0.221545244851509,"AM"
0.24215455054092,"AM"
0.300244246808306,"CM"
0.283171197579435,"CM"
0.206730588636246,"CM"
0.245072724475649,"AM"
0.152098252469826,"CM"
0.265512791449037,"AM"
0.329549122880819,"AM"
0.294793889978518,"CM"
0.281058179819938,"CM"
0.225512014662474,"CM"
1.28506875958162,"CM"
0.312533469778176,"CM"
0.26687180690769,"AM"
0.201183913647313,"CM"
0.358947209437412,"AM"
0.259791742137617,"CM"
2.38406848587296,"AM"
0.2950869734191,"AM"
0.203858411481632,"AM"
0.262824049739763,"AM"
0.248996961718271,"AM"
0.834039637371734,"AM"
0.182614893775528,"AM"
0.321228675692693,"AM"
0.254572369259311,"AM"
0.287510910689079,"CM"
0.302841150545482,"AM"
0.246273448747494,"AM"
0.374165497230389,"CM"
0.346288640459338,"AM"
0.502696807769632,"CM"
0.236882405894572,"CM"
0.529913795256022,"CM"
0.361627748666929,"CM"
0.260122197691981,"AM"
0.558005221576897,"AM"
0.696578229192617,"AM"
0.310954710701711,"CM"
0.272857220137681,"CM"
0.315893527844776,"AM"
0.32763295471578,"AM"
0.293488436177562,"AM"
0.232563795011969,"AM"
0.277947577369897,"CM"
1.15796134335295,"AM"
0.192793643066173,"CM"
0.258796703123328,"AM"
3.10317025370438,"AM"
0.334425763054775,"AM"
0.321237682691389,"AM"
3.16763200248044,"AM"
0.48325720495914,"CM"
0.673819457838892,"AM"
0.698699576002044,"AM"
2.13076617687471,"AM"
0.282685554713707,"CM"
0.267926986023218,"AM"
2.50582743879961,"AM"
1.60241612042377,"AM"
0.381667779460601,"CM"
0.246709392947312,"AM"
0.23980794308577,"AM"
0.312081700644509,"AM"
0.216324664561773,"AM"
0.273309729876457,"AM"
0.325834040764974,"CM"
0.25674872621998,"AM"
0.247384282653756,"CM"
0.33484133639143,"AM"
0.272573459875721,"AM"
0.273453842892356,"AM"
0.359974460098258,"AM"
0.300804159042619,"AM"
0.951681641458116,"AM"
0.298440090867845,"AM"
0.85633179625897,"AM"
0.257771084783772,"CM"
0.243329791902404,"AM"
0.57226402575469,"AM"
0.257565361037456,"AM"
0.261181947286428,"AM"
0.771140638624817,"CM"
0.323253330136551,"AM"
0.465160252558487,"AM"
2.954839900688,"AM"
0.271048148401912,"AM"
0.24131831866422,"AM"
0.225601571282716,"CM"
1.61180224691949,"AM"
0.437323161455651,"AM"
0.30464638446494,"AM"
0.273162946054754,"AM"
1.13023901929368,"AM"
0.860595230763953,"AM"
0.684697997004425,"AM"
0.283440916105499,"AM"
0.373198056093355,"AM"
0.335978119369838,"AM"
0.238917893352737,"AM"
0.350046224672552,"CM"
0.336413137956707,"AM"
0.287466371004353,"AM"
0.0984429985675956,"AM"
1.66675065047422,"AM"
0.274826310308365,"AM"
0.838813797383334,"AM"
0.2743988871565,"CM"
0.352545070922631,"CM"
0.312376050351097,"AM"
0.384809736247682,"CM"
0.264620323736276,"AM"
3.30118456164346,"AM"
2.01252499016081,"AM"
0.229448900607696,"CM"
0.725294881822933,"AM"
2.02684591190951,"AM"
0.49881097045024,"AM"
0.298537980486654,"AM"
3.26018910092756,"AM"
0.274545949083678,"AM"
0.409214431501823,"AM"
0.653034983749883,"CM"
0.443559447943522,"AM"
0.24064349090636,"CM"
0.296016027786726,"AM"
0.187320387007848,"CM"
0.214048954980944,"CM"
0.905723744483833,"CM"
0.445640788992386,"AM"
0.241074535741122,"AM"
0.258726345723423,"AM"
2.86655675669018,"AM"
0.165368109801096,"CM"
0.248060651944996,"AM"
0.320645683614697,"AM"
0.309706552047366,"AM"
0.329651787749159,"AM"
0.623659973788548,"AM"
0.252506320843989,"CM"
0.287541261221509,"CM"
0.341195380028931,"CM"
0.244637691249424,"AM"
0.318487047746136,"AM"
0.4174352940228,"AM"
3.16100998979666,"AM"
0.356210975215797,"CM"
0.19702819771916,"AM"
0.152086552896165,"CM"
0.993288994496586,"CM"
0.335782611682424,"AM"
0.187967479108004,"AM"
0.24269464515837,"AM"
0.333178545702156,"AM"
2.87705618275154,"AM"
0.323926871873254,"AM"
3.08853292784282,"AM"
0.660236452301133,"CM"
0.120995512561171,"CM"
2.45091852723737,"AM"
0.305237176011081,"AM"
0.504260087950632,"CM"
0.331487284799181,"AM"
0.178623885834151,"CM"
0.294663962806665,"AM"
0.31101338350086,"CM"
0.298291088286817,"AM"
0.229206011089499,"AM"
1.30951136284893,"AM"
0.303786385944985,"AM"
0.205714972111745,"CM"
0.306000399125963,"CM"
0.333759584956154,"AM"
0.278109082356594,"AM"
0.410542258067248,"AM"
0.281485256861867,"CM"
0.411959576042787,"AM"
0.21518454065764,"AM"
0.412924101803235,"AM"
0.727951296767407,"AM"
0.291494890381886,"CM"
0.312461524216758,"AM"
2.7732559025579,"AM"
2.27695707531526,"AM"
0.312673374416755,"CM"
0.312894880085043,"AM"
0.241547464056517,"AM"
0.264862010717355,"CM"
0.351047838129125,"CM"
0.163845267591533,"AM"
0.357738701162101,"AM"
0.240495571518478,"CM"
0.254604844950878,"AM"
0.300803723105543,"AM"
0.411524524446574,"AM"
0.334974090024354,"AM"
0.235438282264834,"AM"
0.17456155128697,"AM"
0.290473662441319,"CM"
0.202363149665891,"CM"
0.213857193627629,"AM"
0.293434750093677,"AM"
0.343353006725762,"CM"
0.666679991652197,"CM"
0.839451983370564,"AM"
0.285615661576644,"AM"
0.417188502929635,"AM"
0.285209959246974,"AM"
0.151678455323473,"CM"
0.172213204568854,"AM"
0.898632663176683,"CM"
2.70819417814828,"AM"
0.290775934914866,"AM"
0.377196367408981,"AM"
0.263535082844238,"AM"
1.11450455613684,"AM"
2.97962399973291,"AM"
0.232744134534238,"AM"
0.326274456022697,"CM"
0.323910931736645,"AM"
1.49352563804167,"CM"
0.149231836733568,"AM"
0.263230415768004,"AM"
3.12331364393759,"AM"
0.310555113205495,"AM"
0.320978850677533,"AM"
0.272940817785231,"CM"
0.209747190180633,"AM"
0.34279975401774,"AM"
0.294840914067079,"AM"
0.269367381194559,"AM"
0.191397143925785,"AM"
0.266842950973592,"CM"
0.273895805290978,"AM"
0.266605392563945,"AM"
0.268220071261826,"CM"
0.688324223646779,"AM"
0.356433655878947,"CM"
0.252600979289702,"AM"
0.343881174971668,"CM"
0.323338135203844,"CM"
3.05494645887786,"AM"
0.865812098943261,"AM"
0.279992178366796,"AM"
0.271078495705959,"CM"
0.27638863670576,"AM"
0.311230783104902,"AM"
0.341119061529654,"AM"
3.1612554567109,"AM"
0.983692136902815,"AM"
0.58596274763678,"CM"
0.252012242630158,"CM"
0.288565049101208,"AM"
0.358585138264326,"CM"
0.232176000865596,"CM"
0.33291434903335,"AM"
0.276621627809888,"AM"
0.381420175208135,"CM"
0.200330497577061,"CM"
0.25096706008563,"AM"
0.466831800883639,"AM"
0.33792979872858,"AM"
0.281299897641417,"CM"
0.443482527867708,"AM"
0.514876900771774,"AM"
0.872876185392941,"AM"
3.07282269047352,"AM"
0.309182448270385,"AM"
0.117218048435797,"AM"
0.600145759199556,"AM"
0.355810667194349,"AM"
0.774140298814894,"AM"
0.317058163208254,"AM"
0.243488274771854,"AM"
0.199207234146427,"CM"
2.21625062117591,"AM"
0.633037962260533,"AM"
0.340792369201331,"AM"
0.325874680476901,"AM"
0.791754542203637,"AM"
0.300014294148147,"AM"
0.94246132139295,"CM"
1.27565111559945,"AM"
0.246155797529809,"CM"
0.404469596782015,"AM"
0.277412519842539,"AM"
0.125849058172367,"AM"
0.340885242348943,"CM"
0.359400700568542,"AM"
0.292002367738506,"AM"
0.218951690305974,"CM"
0.252892679801334,"AM"
0.355215566127065,"AM"
0.283393066870747,"CM"
0.293062201394657,"AM"
0.352995819044607,"AM"
0.321023850717526,"AM"
0.709441038646798,"AM"
2.47252738855444,"AM"
0.312792612591289,"AM"
0.193314823359426,"AM"
1.14184770939248,"AM"
0.303011241614291,"AM"
0.476215761778938,"AM"
0.837438374566648,"CM"
0.352163944705151,"AM"
0.30883002491391,"AM"
0.280281823893857,"CM"
0.226574547875329,"AM"
0.291576796014268,"AM"
0.547516237949124,"CM"
0.191207233041996,"AM"
0.312613779386242,"CM"
0.250930272011329,"AM"
0.377278610887896,"AM"
1.1741099065197,"CM"
0.256322657662801,"AM"
0.329875016557852,"AM"
0.313947734495579,"AM"
0.526651710207507,"AM"
0.29237061903163,"AM"
0.288101800649163,"AM"
3.05282947466466,"AM"
0.402995899549838,"CM"
0.294123674780361,"AM"
1.37738354250481,"AM"
0.300336107930381,"AM"
0.285507550151087,"AM"
0.318992637674857,"CM"
0.436057857102341,"AM"
0.218886773037216,"CM"
0.559497431131488,"AM"
0.262090724058669,"CM"
0.295972497232136,"AM"
0.222622266829411,"AM"
0.311532601070518,"AM"
2.99753400379075,"AM"
0.281950302501858,"AM"
0.279470013969192,"AM"
1.4009059459984,"CM"
0.330086694144835,"AM"
0.217775092411734,"CM"
0.259504889859203,"AM"
1.00877783151584,"AM"
0.256016715491111,"AM"
0.292201720908434,"AM"
1.16132126104329,"AM"
0.232990257647134,"AM"
0.322027472312835,"AM"
0.22179278359238,"AM"
0.155217300867357,"AM"
0.632237792153194,"AM"
0.24902280764998,"CM"
0.537183833421239,"AM"
0.274258285094309,"CM"
0.649182607233524,"CM"
0.428780482631367,"AM"
0.488216475541934,"AM"
0.315451974883746,"CM"
0.316900173553059,"AM"
0.241135058573697,"AM"
0.317815052949114,"AM"
1.31982438626929,"CM"
0.11836401946956,"AM"
0.34546086635133,"AM"
0.275706700161028,"AM"
0.214771793132549,"AM"
0.317258374764041,"AM"
1.04735096474181,"AM"
0.790207891806261,"AM"
0.270006893985962,"CM"
0.180240085846441,"CM"
0.265935776242953,"AM"
0.274434368691716,"AM"
0.595882334484094,"AM"
0.518620451782558,"AM"
0.321212747843621,"CM"
0.246953095673789,"CM"
0.523947866807564,"AM"
0.247952564083093,"CM"
0.337329594154771,"AM"
1.13196518414037,"AM"
0.281902351090713,"AM"
0.58528012645534,"AM"
0.640680528238469,"AM"
0.299149732283932,"AM"
0.136904483788222,"CM"
3.1068988083978,"AM"
0.273175189093203,"AM"
0.314665133731251,"AM"
0.256142276964773,"AM"
0.290329149109888,"AM"
0.325142469006525,"CM"
0.661283562610819,"AM"
0.207284176382388,"CM"
0.233187096865199,"AM"
0.352692749507588,"CM"
1.2028490982072,"AM"
0.321136574181249,"CM"
0.403970246988872,"AM"
1.24945600704868,"AM"
2.90644915632264,"AM"
0.357583338006705,"CM"
0.255903108942302,"AM"
0.502162306682713,"CM"
0.294143999068059,"AM"
0.341104803205973,"AM"
0.283120549184062,"CM"
0.310802898382653,"CM"
0.291932443053137,"AM"
0.237758343696521,"CM"
0.362956459675967,"AM"
0.287617675884191,"AM"
0.319164391434459,"AM"
0.75240612271001,"AM"
0.570095995200289,"CM"
0.227642968853662,"CM"
0.281142670470421,"AM"
0.816839534142246,"AM"
0.326674363509288,"AM"
0.290493608910712,"AM"
2.70534078251096,"AM"
0.485293532454825,"CM"
0.349605757998011,"AM"
0.317598743471925,"CM"
0.23289194767543,"CM"
1.75469184624751,"CM"
2.93678484396525,"AM"
0.267930357533431,"AM"
0.298258065575181,"AM"
0.144723899159711,"AM"
0.26387184522559,"CM"
0.310913209901419,"AM"
0.319553658883425,"AM"
0.2628543214307,"AM"
2.31588424439932,"AM"
0.227849594209679,"AM"
0.206311631246291,"CM"
0.20485659447816,"AM"
0.222277704131352,"AM"
0.874600508921836,"AM"
0.312796675376164,"AM"
0.312846726554039,"AM"
0.221511132403379,"AM"
0.271794317480892,"AM"
0.268478638360489,"AM"
0.273574315947769,"AM"
0.24286265962975,"AM"
0.25497010110888,"CM"
0.336807736950051,"AM"
0.238236625769334,"AM"
0.20808509948528,"AM"
0.17866246704317,"AM"
0.388012584568449,"AM"
0.293005291644726,"AM"
0.258533750532319,"AM"
1.43849219048449,"AM"
2.91987319209258,"AM"
0.49538374215922,"AM"
0.331542432884972,"AM"
0.161034940043066,"AM"
0.841757193539599,"AM"
0.238122508962716,"CM"
1.94791343591267,"AM"
0.231171757682809,"CM"
0.970495490380921,"AM"
0.33020077635744,"CM"
0.737860328598745,"CM"
0.205784919419889,"AM"
0.529553515897721,"AM"
0.247228541269279,"AM"
0.276379278822813,"AM"
3.08578979990357,"AM"
0.239065786952411,"AM"
0.339274727516195,"CM"
0.196634650915875,"AM"
0.280421420404818,"CM"
0.255136829397314,"CM"
0.553655256486407,"AM"
0.313996430089827,"AM"
0.247300523181507,"AM"
0.277105508893412,"CM"
0.285273274887656,"AM"
0.304309613694148,"AM"
0.32865673183066,"CM"
0.277282430848232,"CM"
0.25311274430834,"AM"
2.9473024141229,"AM"
0.247716291460787,"AM"
0.296232937850488,"CM"
0.283710463939011,"AM"
0.370381370988458,"AM"
0.232209317468871,"AM"
1.56306808439161,"AM"
0.283186005588743,"AM"
0.443081557008385,"CM"
3.10564767126441,"AM"
0.248816417934058,"AM"
0.321891194459391,"CM"
0.205456370557933,"AM"
0.325629612719956,"AM"
0.565086856801338,"CM"
0.30781936800748,"AM"
0.293906557158472,"AM"
0.190731535161146,"CM"
0.285943470884009,"AM"
0.332147057099399,"AM"
0.211837681465759,"CM"
0.304021013301478,"AM"
0.24176483334032,"AM"
0.28725243216906,"CM"
0.287323071128499,"CM"
0.288536444696603,"AM"
0.329257013534722,"CM"
0.266747973957956,"CM"
0.314019995959549,"AM"
0.329181189449037,"AM"
0.187404787590115,"AM"
0.830067085913725,"AM"
1.57042681185967,"AM"
0.2525958656024,"AM"
0.256267602693059,"AM"
0.51366540870617,"CM"
0.386981376643116,"AM"
0.601049740012297,"AM"
0.304466498729631,"AM"
0.261944715922139,"AM"
0.300750761277815,"CM"
0.340371275058156,"CM"
0.320258729500979,"CM"
0.217540473957128,"CM"
0.230772777139904,"AM"
0.310968587365616,"AM"
0.322707326943453,"AM"
0.303052511132666,"AM"
0.318592344552862,"CM"
0.73687257766002,"CM"
0.29408963244698,"CM"
0.294003251668622,"AM"
2.79725173925181,"AM"
0.329259206158681,"AM"
0.318014486943983,"AM"
0.196085429778125,"AM"
0.199166419498916,"CM"
0.352846749285886,"AM"
0.269286561951135,"AM"
0.693755935614116,"CM"
0.284330391411068,"AM"
1.96567023620415,"AM"
0.883880086569319,"AM"
0.335853823659092,"CM"
0.306350464882287,"AM"
0.294482367562824,"CM"
0.344148226609618,"AM"
0.330208855142474,"CM"
2.77580551818961,"AM"
0.27968105849442,"AM"
0.457702005308533,"CM"
0.289583240233219,"AM"
0.251619281353882,"AM"
0.210859028549116,"AM"
0.328184311325218,"AM"
0.333019130290715,"CM"
0.463100051754016,"AM"
0.38200113854224,"AM"
1.06843980373114,"AM"
0.219816592250335,"CM"
0.263425159695893,"AM"
0.251198115039746,"AM"
0.203380851430574,"AM"
0.267848798261875,"AM"
0.261684464629898,"AM"
0.553482785067546,"AM"
0.269906046707399,"AM"
1.01478311733505,"AM"
0.282500257456377,"AM"
1.20043171828371,"AM"
2.91872397118395,"AM"
0.338599365401451,"AM"
2.99019421681113,"AM"
2.16412530705302,"AM"
0.936392227607356,"AM"
2.93117313799946,"AM"
0.269704213392396,"CM"
0.233043503724118,"CM"
0.576711230142823,"AM"
0.65474440570304,"CM"
0.290769874678143,"AM"
0.900556189442236,"AM"
1.23969958871318,"AM"
0.28264593415472,"CM"
0.283534838204991,"AM"
0.562525430898797,"AM"
0.29007581999835,"AM"
0.648099565704938,"AM"
0.560291041058877,"CM"
0.343224767006313,"CM"
0.258047603331077,"AM"
0.510956252053969,"CM"
0.319931831629797,"CM"
2.52770055947992,"AM"
0.282681801593966,"CM"
0.164796548122924,"CM"
0.220281414647765,"AM"
0.343486218087208,"AM"
0.242938558164419,"AM"
0.395025372297337,"AM"
0.562885940236366,"AM"
0.497544742226588,"AM"
1.24813266514116,"CM"
0.528758348833316,"AM"
0.661288933057733,"AM"
0.444149368181813,"CM"
0.803545942809206,"CM"
2.36743863527896,"AM"
2.31995728854385,"AM"
0.970351803614006,"AM"
0.332308953840506,"CM"
0.280108190410102,"AM"
0.263525614953173,"CM"
1.01029490727962,"AM"
0.309809672803454,"AM"
0.238736239826937,"AM"
0.275667246310757,"AM"
0.263537505918384,"AM"
0.309768175954575,"AM"
0.216225863601966,"CM"
0.263133082230313,"CM"
0.351669832588197,"CM"
0.257005052416802,"CM"
0.307224244085191,"AM"
0.27254599806786,"AM"
0.603432003435386,"AM"
0.686661255461704,"AM"
0.200817713848261,"AM"
0.175694075361239,"CM"
0.26849420176442,"AM"
0.607270496530072,"AM"
0.24395989018284,"CM"
1.35162071866285,"AM"
0.257399983164196,"CM"
0.457697914457514,"AM"
0.32674988944775,"CM"
0.289388321360086,"AM"
0.308510309534369,"AM"
0.294982048686451,"CM"
0.283712706974882,"CM"
0.412536446182452,"AM"
0.313517834261894,"AM"
0.501011591044275,"AM"
0.28834856293467,"AM"
0.318452599548049,"CM"
0.465660624338808,"CM"
0.297372224838324,"AM"
0.870890786212478,"AM"
0.253017202443328,"AM"
0.28436475598441,"CM"
0.306471462195624,"AM"
0.266419643318546,"AM"
0.24790018835205,"AM"
0.291850198286918,"CM"
0.90331947938906,"AM"
0.261208632845605,"CM"
0.771321942813563,"CM"
0.819833559980072,"CM"
0.306754687073901,"AM"
0.483532631786916,"AM"
0.321739978683787,"AM"
0.306402984438556,"CM"
0.21398636323326,"AM"
0.308239629632416,"AM"
0.191918761229303,"AM"
0.322244387863767,"CM"
0.501081514759594,"CM"
0.282530163781796,"AM"
3.0662403035388,"AM"
0.302914876391658,"AM"
0.354957867507856,"AM"
0.14695564145013,"CM"
0.187456917359664,"CM"
0.328354070111658,"AM"
0.18611989192862,"AM"
0.226986515716708,"AM"
1.05662245468374,"AM"
1.37574187166556,"CM"
0.242531551217579,"AM"
0.235807568862502,"AM"
0.248124604416809,"AM"
0.254954464196438,"AM"
0.302512182574452,"AM"
0.258449126951207,"AM"
0.201846752445721,"AM"
0.302072879566762,"AM"
2.18862219073866,"AM"
0.235051243409675,"AM"
0.274920870159541,"CM"
0.332564697675984,"AM"
0.286554424557512,"AM"
0.29581732386094,"AM"
1.25744623922708,"AM"
0.331069939179654,"CM"
0.340010227189519,"AM"
0.265894756077047,"CM"
0.267319702472894,"AM"
0.264269437455273,"AM"
0.334933272338371,"AM"
0.283360524611929,"CM"
1.22218651169524,"CM"
0.355019178485187,"AM"
0.771284608002765,"AM"
0.301920337424792,"AM"
0.312105566763119,"AM"
2.99007953608962,"AM"
0.334084839731075,"AM"
2.25076286435871,"AM"
0.273273467169165,"CM"
0.227129330749428,"AM"
0.238307233164456,"AM"
1.45952110858714,"AM"
0.348188872890354,"CM"
0.708845401973107,"CM"
0.236868918497567,"AM"
0.183233165093218,"AM"
0.321011973391602,"AM"
0.295203061910393,"CM"
0.181058795340732,"AM"
1.68394571527592,"AM"
0.247083908370964,"CM"
0.259279647799133,"AM"
0.454340758385395,"AM"
0.268893456105367,"AM"
0.240627135650892,"AM"
0.245406763988093,"AM"
0.277547287246775,"AM"
3.01617190168183,"AM"
0.713144585330504,"AM"
0.309043753762892,"AM"
2.95293279614605,"AM"
0.336941800023415,"CM"
0.377366847002998,"AM"
0.214535807458392,"CM"
0.320873076409776,"AM"
0.250216954821901,"AM"
0.253328836711158,"AM"
0.273894049508339,"AM"
0.313370580538241,"AM"
0.245563325953086,"CM"
0.754413332003198,"AM"
0.32288528858342,"AM"
0.267805421787835,"CM"
0.325535058721052,"CM"
0.449345271157012,"CM"
1.10922609179619,"AM"
0.659750582149692,"AM"
0.25195333029454,"CM"
0.32802674092622,"AM"
0.171974180929991,"AM"
0.270437601775669,"AM"
0.337974944706788,"AM"
0.573309535014144,"CM"
3.00649887402509,"AM"
0.276774502412181,"AM"
0.263491545974509,"AM"
0.196475689227233,"AM"
0.223175796105232,"AM"
0.241043872737997,"CM"
0.321396572676674,"AM"
0.596737471776215,"AM"
0.431372492371229,"AM"
0.300666067772065,"AM"
0.213729988728576,"AM"
0.310539506971439,"CM"
0.502191974167583,"AM"
0.318814099398105,"AM"
0.28713711924736,"AM"
0.32771795366289,"AM"
3.07164952006231,"AM"
0.301807600499393,"AM"
0.849503545782067,"AM"
0.651616562056143,"AM"
0.238056943716849,"CM"
0.868658670401507,"AM"
0.955050180028767,"AM"
0.254677908936422,"AM"
1.93900100104301,"AM"
0.882626958776769,"AM"
3.13652459514643,"AM"
0.306003917690535,"AM"
0.230335333636144,"AM"
0.382128170072997,"AM"
0.734353731100523,"CM"
0.310573591202192,"CM"
0.266688477147538,"AM"
0.286807424419704,"AM"
0.195023627901982,"AM"
0.246801983937304,"AM"
0.231874643898617,"AM"
0.246009878827503,"CM"
0.288389611622286,"AM"
0.323823719071912,"CM"
1.92123962503731,"AM"
0.2667626780166,"AM"
0.256024654984332,"AM"
0.315008682295521,"CM"
0.263320657882506,"AM"
0.197938572627275,"AM"
0.280712977301291,"AM"
0.249556515208354,"AM"
0.58718698889368,"AM"
0.233099840922065,"AM"
0.19999937011721,"AM"
0.535725750398009,"AM"
0.185892521609865,"AM"
1.31706643837799,"AM"
0.342109514294047,"AM"
0.312694742008526,"CM"
0.331387131654837,"AM"
1.1490232917505,"CM"
0.216040602324655,"AM"
2.94846617728081,"AM"
0.147731925990333,"AM"
2.98763428030549,"AM"
0.307321985946519,"CM"
0.324603253304014,"CM"
0.210842776871731,"CM"
0.214919186338915,"AM"
0.313669542906894,"AM"
0.892044442882001,"AM"
0.689162971016572,"AM"
0.282619607069469,"AM"
0.242450438128741,"AM"
3.00577278932751,"AM"
0.229739410168504,"AM"
1.7779808339693,"AM"
0.151849830883131,"AM"
0.369565098956888,"CM"
0.337327332332562,"CM"
0.330659299046736,"AM"
0.292795922692681,"CM"
0.491933049805873,"AM"
0.142124273265621,"CM"
0.376880681176815,"AM"
0.68757479495206,"CM"
0.517957093718755,"AM"
0.260584760872522,"AM"
0.312179722598978,"AM"
0.303781606018038,"CM"
1.61251569598558,"AM"
0.268068780449178,"AM"
0.850920635293487,"AM"
3.10576457636029,"AM"
2.96895387963928,"AM"
0.246990111876309,"AM"
0.0713109326652095,"AM"
0.215802846248484,"AM"
0.235937777521682,"AM"
0.217313616634205,"CM"
0.339886261556585,"AM"
0.568595853755593,"CM"
0.340757289082711,"AM"
0.209833753789998,"CM"
0.287550770589502,"AM"
0.312114891471414,"CM"
0.276812404611926,"AM"
2.7688707711314,"AM"
2.96863935178658,"AM"
0.147967431011754,"CM"
0.268743881694975,"AM"
2.99399309952999,"AM"
0.140066456368013,"AM"
1.08282659045694,"AM"
0.286216428264658,"CM"
0.244669688758803,"CM"
0.242026147624041,"AM"
1.11298311781327,"CM"
0.747142481958679,"AM"
2.24331272764229,"AM"
0.148375074445125,"AM"
2.95739159989852,"AM"
0.242663417857123,"AM"
0.303188539508103,"AM"
0.251475422431231,"AM"
0.373566118280485,"AM"
0.36151023836118,"AM"
0.282896097991359,"AM"
0.194215848088919,"CM"
2.51530122049049,"AM"
0.367779530954707,"AM"
1.04828624560067,"CM"
1.67800915279207,"AM"
0.32069739761299,"AM"
0.416958323629682,"AM"
0.265971954231523,"AM"
0.395817815404353,"AM"
2.97834319576257,"AM"
0.174772364170693,"CM"
0.279875401877984,"AM"
0.46018295737406,"CM"
0.197181905070057,"AM"
0.239593697309641,"AM"
1.02208485844669,"AM"
0.426181457151136,"AM"
0.318400693386331,"AM"
2.00101590216422,"AM"
2.01929323856647,"AM"
2.98685417283136,"AM"
2.92286585092574,"AM"
0.703638541106992,"CM"
2.98158200746559,"AM"
2.56843881551834,"AM"
0.264141226840399,"CM"
0.149956223573282,"AM"
0.0563126370084104,"AM"
0.986458044320857,"CM"
0.203684635853447,"AM"
0.290859110591835,"AM"
0.304180292581013,"CM"
0.219547789422817,"AM"
0.311972555994805,"AM"
0.27362001142294,"AM"
1.30880212347068,"AM"
0.299661826208037,"CM"
0.321182819119806,"AM"
0.326169701906737,"CM"
3.04529417822187,"AM"
0.237194201230448,"AM"
0.30678587802873,"CM"
0.252573472118473,"CM"
2.95139450718892,"AM"
0.628730968689798,"AM"
0.274569099082504,"AM"
0.663395174668504,"AM"
0.892371204671642,"AM"
1.08239363006792,"AM"
1.38389915632384,"AM"
3.08735867540698,"AM"
0.276036983442395,"CM"
0.26579114893573,"CM"
0.279327014142079,"AM"
3.00046891262868,"AM"
0.246647268308848,"AM"
0.334251623439697,"CM"
0.24621480495134,"AM"
0.147980092269227,"CM"
1.56692127972054,"AM"
0.262703768738274,"AM"
2.18204413251728,"AM"
0.170175672900396,"CM"
0.272325044252172,"CM"
2.94507053539263,"AM"
0.174238495300822,"CM"
2.95813291944396,"AM"
1.62949500641513,"AM"
0.944794199894168,"AM"
0.276605577951973,"CM"
0.289879263751248,"AM"
3.02814022191493,"AM"
0.335093078654401,"CM"
0.266242431995553,"CM"
0.292962380030668,"CM"
0.309465088388511,"AM"
0.334828310683403,"AM"
2.94257484845189,"AM"
0.279573465058901,"AM"
0.275757891071202,"AM"
0.219744230647121,"AM"
0.187183251508788,"AM"
0.229349331927444,"AM"
0.280624479653989,"AM"
0.251370086159645,"AM"
0.29546480978888,"AM"
0.652056129107326,"AM"
0.441991021536891,"AM"
1.59576908611846,"AM"
0.135785448887356,"AM"
0.331673275929,"CM"
0.240465974305309,"CM"
0.28960508869439,"AM"
0.516706402779922,"AM"
0.106531921937156,"CM"
0.222102419643269,"AM"
0.328493463100103,"AM"
0.26696699633327,"CM"
0.273674424590895,"AM"
2.70705286736078,"AM"
2.89230446972847,"AM"
2.36259125503043,"AM"
0.621517912936469,"AM"
0.477094918771497,"AM"
1.16198717497306,"AM"
0.219721652723059,"CM"
0.231188858790581,"AM"
0.206065263763359,"CM"
0.244146422508497,"AM"
0.258110245174475,"AM"
2.94064780709575,"AM"
0.156178892971515,"AM"
0.225444319635769,"CM"
0.228709370165575,"CM"
0.216805258524445,"CM"
0.71756839437583,"AM"
0.25252575868266,"AM"
0.117129856500558,"CM"
0.596528676724805,"CM"
0.261773986570154,"AM"
0.290180728511098,"AM"
0.251371566759258,"AM"
0.541459183660029,"AM"
0.556846451133312,"CM"
0.261347067282618,"AM"
0.405901237157677,"AM"
0.411503891320611,"CM"
0.56354734113282,"AM"
0.133733550456276,"CM"
0.211400041183872,"AM"
2.91238190110719,"AM"
0.368144049162626,"AM"
0.247592219134712,"AM"
0.20948899021703,"CM"
3.14646149640665,"AM"
1.24625117604197,"AM"
0.213045744751581,"AM"
2.2289946416101,"AM"
0.187939397786758,"CM"
0.490388179613397,"CM"
0.340133094700127,"AM"
0.218753385613741,"AM"
1.32237337002496,"AM"
0.267058118543312,"CM"
0.291096316847918,"AM"
1.26148902064605,"AM"
0.285644564346578,"AM"
1.39786825844438,"AM"
3.00837923669899,"AM"
2.94827522437225,"AM"
0.14964713485621,"AM"
0.780278582608896,"AM"
2.96933572198705,"AM"
0.294464297487736,"CM"
2.97716544987555,"AM"
0.74806421346192,"CM"
0.294820884910531,"AM"
0.268889417545951,"AM"
0.244963727298198,"AM"
0.326121071540364,"CM"
0.264974584211209,"AM"
0.220487518415353,"CM"
1.94594522847644,"AM"
0.266757599813909,"AM"
0.311967475614998,"AM"
2.92917617648402,"AM"
0.329652926229678,"CM"
0.31011336174579,"AM"
1.34196295623454,"AM"
3.0028381441004,"AM"
0.703690054312568,"CM"
0.30766541746492,"CM"
0.303758003961215,"CM"
0.859000638820545,"AM"
0.232917632424504,"AM"
0.333300821110927,"AM"
0.580390906789981,"AM"
0.295479628090743,"AM"
0.181673825406284,"AM"
1.98819116104703,"AM"
0.249767897971679,"CM"
0.416462146466743,"AM"
0.189072162422374,"AM"
2.14027999208689,"AM"
2.2948998062797,"AM"
2.94553317003999,"AM"
2.48545342337172,"AM"
0.430095542093747,"CM"
3.13548246315389,"AM"
0.274212830881843,"AM"
0.340179732906084,"AM"
0.42209241883732,"CM"
0.278348953203529,"CM"
1.00285602377221,"AM"
0.503242922580831,"CM"
0.31468336158055,"AM"
0.320044369207132,"AM"
0.317480291121644,"AM"
0.30086967613628,"AM"
0.39277630731003,"CM"
0.229687658654852,"AM"
1.00296091416025,"AM"
0.233523073944284,"AM"
0.300217124723205,"AM"
0.248834524626095,"AM"
0.190307257977921,"AM"
0.275366154321701,"AM"
0.172036811789484,"AM"
0.483243897674185,"AM"
0.339280846249913,"CM"
0.316412351368705,"AM"
2.96558548677323,"AM"
0.242998368761589,"AM"
0.213810457289056,"CM"
0.245015404697339,"CM"
0.359297264873139,"AM"
0.363879521925483,"AM"
0.232305452103788,"CM"
0.253451221382749,"CM"
0.299191516227177,"AM"
0.240016127745001,"AM"
0.0677591765668823,"AM"
0.161479002007926,"AM"
0.313970938900522,"AM"
0.261905033915226,"CM"
0.990610348228124,"AM"
0.19067651354231,"AM"
0.449174273417811,"CM"
0.970260517018701,"AM"
0.280326844687924,"AM"
3.15967880471889,"AM"
0.660111239308448,"CM"
0.828655235794855,"AM"
0.332749008727561,"AM"
0.757468426726339,"AM"
1.70029487867802,"AM"
2.95511557420362,"AM"
0.261481622315685,"AM"
0.178645558682878,"AM"
0.183180114730525,"CM"
0.351320735668939,"AM"
0.350543259605442,"AM"
0.173750624748965,"AM"
2.99914877824121,"AM"
3.02894907509637,"AM"
0.319302123638937,"AM"
0.278125155505428,"AM"
2.95381667881589,"AM"
0.627708608030247,"AM"
0.231511145943348,"AM"
3.06690381725909,"AM"
0.211953286308264,"AM"
0.702751817324163,"AM"
0.174122786926503,"AM"
0.256230080722689,"AM"
0.244212580586746,"AM"
0.68465758528741,"AM"
0.156049263880554,"AM"
0.256257421997607,"CM"
2.63112002937328,"AM"
0.289455824902489,"AM"
0.951647477213027,"CM"
2.99327270532288,"AM"
0.300817768486646,"AM"
0.55853996939521,"CM"
0.291628760185382,"CM"
0.225763754951412,"AM"
0.302758757759027,"AM"
0.343059958881666,"AM"
0.289311936886019,"AM"
2.95720709684966,"AM"
0.257721679701782,"CM"
0.379719132106997,"CM"
0.515427652795237,"AM"
0.159284952019769,"AM"
0.255069217540835,"AM"
0.309476167257442,"CM"
0.271462986686617,"AM"
0.18476959510548,"CM"
0.326651892657052,"AM"
0.257397846036423,"AM"
0.254404176829199,"CM"
0.272545890232593,"AM"
0.323840647488282,"AM"
0.307656319680863,"CM"
3.10608024207856,"AM"
0.936639275441864,"AM"
0.468554104060432,"CM"
0.301673363704066,"CM"
0.159778900291534,"AM"
0.70779478976866,"AM"
0.252938255901672,"AM"
0.174502150557562,"CM"
2.85164864893585,"AM"
2.99179201198422,"AM"
0.793209039235156,"CM"
0.304855482337483,"CM"
2.50994558465063,"AM"
0.276131447784988,"AM"
3.06039585542138,"AM"
0.804219933573406,"AM"
0.358131946343084,"CM"
0.0706513275121835,"AM"
0.31677290902827,"CM"
0.262139169653996,"AM"
0.570862017547684,"AM"
0.292878816176624,"CM"
0.780102992827743,"AM"
1.03170002734998,"CM"
0.314324640965062,"AM"
0.147053246457463,"CM"
0.195358235849892,"AM"
0.303692181106295,"AM"
0.294949308604244,"AM"
0.191338192859152,"AM"
0.842901205724814,"AM"
0.240155462321364,"AM"
0.383088843182336,"AM"
0.278511414156854,"AM"
0.307265531050347,"AM"
0.600210948843075,"CM"
2.9353290240201,"AM"
0.279475101218504,"AM"
0.274967241074005,"AM"
0.758596040019827,"AM"
0.432262125648151,"CM"
0.198542868801006,"AM"
0.288115147707721,"AM"
3.00157828670537,"AM"
0.297192710452421,"CM"
0.312885405070506,"AM"
2.97726618705448,"AM"
0.253355113445125,"CM"
0.311141512442195,"AM"
0.279473285776433,"AM"
0.627655515757976,"CM"
0.252558511025507,"AM"
0.292523471839818,"AM"
0.261166261239116,"AM"
3.01416206233623,"AM"
0.326172389115795,"AM"
0.331685808295814,"AM"
0.14475172445238,"AM"
0.228453577348873,"AM"
0.306013318533605,"AM"
0.244390914494071,"AM"
0.309076993615511,"AM"
0.156194905027178,"AM"
0.343441766666169,"AM"
0.337958268800984,"AM"
0.436680366866091,"CM"
0.502547753390698,"CM"
0.311787171058928,"AM"
0.211742009472611,"CM"
0.786040088366211,"AM"
0.227932677265168,"CM"
0.263138362825495,"AM"
0.444430161838818,"AM"
0.296342346218922,"AM"
0.276267663099946,"CM"
0.28843288604,"AM"
0.255194149519454,"AM"
0.919454998333676,"CM"
0.287889890224914,"AM"
0.061258568289907,"AM"
0.851882037210396,"AM"
0.448570293980371,"AM"
0.342858730027813,"AM"
0.803545007301803,"CM"
0.201734657011301,"AM"
0.773361111941702,"CM"
0.89534443362348,"AM"
0.405193461506828,"AM"
0.401499308128603,"AM"
0.355096139663365,"AM"
0.221879552678578,"CM"
0.287495490457903,"AM"
0.167668972081171,"AM"
0.630455140399299,"AM"
0.139084705542156,"AM"
0.487859992439874,"AM"
0.0502222203403547,"AM"
0.311754407283513,"CM"
0.200545398008061,"CM"
0.501751217864311,"AM"
1.98840616158742,"AM"
0.67694226298954,"AM"
0.276697640643468,"CM"
0.266714904348412,"AM"
2.9430396147544,"AM"
0.224684940854145,"AM"
0.124140532388804,"AM"
2.98055012643666,"AM"
0.880640820239077,"AM"
3.10291968978736,"AM"
0.287629013564457,"AM"
0.194774403660768,"CM"
2.94407337641145,"AM"
0.708917633532173,"AM"
2.90556413799039,"AM"
3.18730714529082,"AM"
1.25241529533746,"CM"
0.197883057382522,"AM"
0.347899015214349,"AM"
0.190923677303045,"AM"
0.547818713434702,"CM"
0.679078800637932,"AM"
0.305992393011988,"AM"
0.321461975723121,"CM"
0.315211112612779,"AM"
0.163571508513398,"AM"
0.271170356783342,"AM"
0.654518917183014,"AM"
0.291935842438265,"AM"
0.506778064509718,"CM"
0.316544848767683,"AM"
0.294812861978095,"AM"
0.473830707305128,"CM"
0.310701129938722,"CM"
0.221605722748897,"CM"
0.286106260137206,"AM"
0.319981481999623,"AM"
0.31533930468433,"CM"
0.293764336303848,"AM"
0.234743159385758,"CM"
0.236628680786494,"AM"
0.281982473815511,"AM"
0.26300388290951,"AM"
3.14372596883223,"AM"
2.31113695540386,"AM"
0.231528451349938,"AM"
0.332547556417518,"AM"
2.91262327148399,"AM"
0.295669011815912,"AM"
0.426975442229185,"AM"
0.273698055270502,"AM"
0.231610373923805,"AM"
0.288542821634888,"AM"
0.246101998806903,"AM"
0.311761656753728,"AM"
0.168490695532176,"CM"
0.175222662479112,"AM"
0.784636499932324,"AM"
0.221069525522116,"AM"
2.35083186482195,"AM"
2.98955064033434,"AM"
1.9817443987735,"AM"
0.300860564727731,"AM"
1.03921864953977,"AM"
0.237820162608604,"AM"
0.181718248481343,"AM"
0.663645701246479,"AM"
2.15886575342004,"AM"
0.14470982224859,"AM"
0.243736994293738,"CM"
2.24592663034885,"AM"
0.248705085705171,"CM"
3.15953374401769,"AM"
0.21817371974356,"AM"
1.0851104298857,"AM"
0.191548011770986,"AM"
0.274330168833697,"CM"
0.521887101453233,"CM"
1.14897073067664,"AM"
0.224906378553166,"CM"
1.24565864105477,"AM"
0.23345332585794,"AM"
0.262403526508584,"AM"
0.331991942214976,"AM"
0.336143181256105,"CM"
0.620425661770863,"AM"
0.496008608964875,"AM"
0.318529062145714,"AM"
0.265712122917162,"AM"
0.388837931933953,"AM"
0.200930266744206,"AM"
0.343362190973726,"CM"
0.128506818844469,"AM"
1.38554598766719,"AM"
0.30951341775115,"AM"
0.284772064995692,"AM"
0.268293439078031,"AM"
0.43070686955186,"CM"
0.259905583727641,"AM"
3.02713706196943,"AM"
0.238991058245693,"AM"
0.293335435856303,"AM"
0.319243899005827,"AM"
0.32963519677326,"AM"
0.192430109931726,"AM"
0.768477907250822,"AM"
0.296160521341007,"CM"
3.08633862736277,"AM"
0.20753748874104,"CM"
0.310461991589241,"CM"
1.23872576869244,"AM"
1.25582592420482,"AM"
0.318437827383433,"AM"
0.24201011496939,"AM"
3.01119547429166,"AM"
1.1453485910984,"AM"
0.731445850375042,"AM"
0.208558350047685,"AM"
0.508515623363457,"CM"
0.437138239513284,"AM"
0.286908106891102,"AM"
0.172485787711945,"AM"
1.59372574911873,"AM"
0.371834234540938,"AM"
2.61401362006675,"AM"
0.166030193475823,"AM"
0.228729412867428,"AM"
0.114388708703408,"CM"
0.386802369221751,"CM"
0.311951965397101,"AM"
0.853194785213739,"AM"
0.27706447034046,"CM"
0.162410690962317,"CM"
0.298072430389057,"AM"
2.69834531860464,"AM"
0.244472187911338,"AM"
0.209780498340929,"AM"
0.624278977204335,"AM"
3.1176580184578,"CM"
2.92094388287606,"AM"
3.06640510111163,"CM"
2.83671858247797,"CM"
2.89967914691462,"CM"
2.11210318744203,"CM"
2.92804889007178,"CM"
2.79974998410701,"CM"
3.10104728230842,"CM"
2.35998099912433,"CM"
2.93311800396679,"CM"
3.06075522143724,"AM"
2.41598552505201,"CM"
3.17616080549807,"CM"
3.11472659466433,"CM"
3.12107813128904,"CM"
2.12502953353565,"CM"
2.46875566650317,"CM"
2.64275527718586,"CM"
3.06955012972282,"CM"
2.33353347317648,"CM"
3.06783504822601,"CM"
2.40460677280047,"CM"
2.58242908895796,"CM"
3.08648046109174,"AM"
2.45068834945423,"CM"
2.49757877765783,"CM"
2.90746670514442,"CM"
2.70133917340984,"AM"
2.92708576410189,"CM"
3.03376112998112,"CM"
2.36618953099597,"CM"
2.61525287249869,"CM"
2.2750076707141,"AM"
2.67000639986378,"CM"
2.43349091481282,"CM"
3.10367670516446,"CM"
2.29975439386341,"CM"
3.09576877993666,"CM"
3.10078664062107,"AM"
3.05238142377792,"CM"
3.1222364937954,"CM"
2.17226926943435,"CM"
2.93069011870957,"CM"
3.10791031140438,"CM"
3.10143394967512,"CM"
3.06423248569636,"CM"
2.99469478863093,"CM"
1.57489162248504,"CM"
2.12085078000505,"CM"
2.71155224527914,"CM"
3.11002605341801,"AM"
3.11846833096557,"CM"
2.58596074508318,"CM"
3.19107190698575,"CM"
2.32471954294656,"CM"
3.00474797928319,"CM"
2.30993469141762,"CM"
3.14640140620059,"CM"
2.37692983079714,"CM"
3.17182504414397,"CM"
2.68023200721034,"CM"
2.98503655081599,"CM"
2.77301443535044,"CM"
3.03692978776544,"CM"
2.5839186428335,"CM"
2.98211529754972,"CM"
2.82514965811814,"CM"
2.88445589809264,"CM"
3.10144069283981,"CM"
2.87174447618602,"CM"
3.0771904538554,"AM"
2.10481466456294,"CM"
2.98979048037157,"CM"
2.92024618076708,"CM"
3.10647649098025,"CM"
2.2428745688052,"CM"
2.79878308163295,"CM"
3.05096298454051,"CM"
2.91581952648842,"CM"
2.56720231408621,"CM"
1.77314525337255,"CM"
2.64296338076116,"AM"
2.74409060545524,"CM"
2.7289483136329,"CM"
3.06104791705534,"CM"
3.02036172524695,"AM"
3.07896174335993,"CM"
2.48484742347462,"CM"
2.10834898126831,"CM"
3.08446015110602,"CM"
2.50092872816745,"CM"
3.04558254534446,"CM"
2.31961334188753,"CM"
3.11994349790335,"CM"
2.95433923384785,"CM"
2.78130715507815,"CM"
2.59310190931737,"CM"
2.59063804863896,"CM"
3.10648777875508,"CM"
2.68454028409584,"CM"
2.26912684459283,"CM"
3.42997034973133,"CM"
2.74946093553935,"CM"
3.08924486307762,"CM"
2.28799038612254,"CM"
3.06483154397682,"AM"
3.09940998667559,"CM"
3.06267774050338,"CM"
3.041766911893,"CM"
2.95738204645845,"CM"
2.95955785074134,"CM"
3.05742874705418,"CM"
2.95877474909452,"CM"
2.71841903668632,"CM"
3.10846363178524,"CM"
2.9623088885502,"CM"
2.11078510973099,"CM"
3.10312750848934,"CM"
2.53997121036531,"CM"
2.46905451573796,"CM"
2.91091324238467,"CM"
2.97126920513515,"CM"
2.81698605585741,"CM"
3.09631846953065,"CM"
3.10694535442119,"CM"
2.6940028431065,"CM"
3.081627832152,"CM"
2.92125528239537,"CM"
3.07726032504866,"CM"
3.12231235668298,"AM"
2.9154782024232,"CM"
2.95202253649212,"CM"
2.7035923828569,"CM"
2.49465849258165,"CM"
3.11065001723367,"CM"
2.28667164354801,"CM"
3.08923891676491,"AM"
2.55590008681215,"CM"
2.21701254762334,"CM"
2.15092530308758,"CM"
2.34189499976992,"CM"
2.92404894591318,"CM"
3.17776918197026,"CM"
2.97265562152629,"CM"
2.91034345478461,"CM"
3.17329231960242,"CM"
2.93446071098025,"CM"
2.12240937868316,"CM"
3.08387233784732,"CM"
3.08073595655121,"CM"
2.52844732727139,"CM"
2.9423876452674,"CM"
2.94718183332159,"AM"
3.05262500732475,"CM"
2.55189201467478,"CM"
2.38475938421994,"CM"
3.00130651417188,"CM"
3.12642699054275,"CM"
3.14203549494503,"CM"
2.94178781694493,"CM"
3.19790168191102,"CM"
2.64522792445255,"CM"
2.32523092509682,"AM"
2.51603977244746,"CM"
2.66391750121829,"CM"
3.00862978935831,"CM"
3.09348524619625,"AM"
2.49834033923963,"CM"
2.25675890921888,"CM"
1.95848535665534,"CM"
3.04326566033634,"AM"
2.15554989648082,"CM"
2.72079454162781,"CM"
3.10829022243453,"CM"
2.51543512203017,"CM"
2.1974299713667,"CM"
2.41104507985084,"CM"
3.12456114464099,"CM"
3.05010970533572,"CM"
2.39506137731809,"CM"
2.53486519564049,"AM"
2.63586614241602,"CM"
2.91772993284346,"CM"
3.14636705453065,"CM"
2.45720638248751,"CM"
2.48505493463068,"CM"
2.27439003804029,"CM"
2.18815080176077,"CM"
2.68259950984052,"CM"
2.55728958702019,"CM"
2.58801953632869,"CM"
2.63460158653086,"CM"
2.98614631387861,"CM"
2.68372829267066,"CM"
2.99395771556691,"CM"
3.08157535021078,"CM"
2.60618984996775,"CM"
2.60589355915718,"CM"
2.49113569617537,"CM"
2.50050911408923,"CM"
2.52909591451977,"CM"
1.69356008373974,"CM"
2.11465904140929,"AM"
3.05986256473297,"CM"
3.09774709979141,"CM"
2.99152340378579,"CM"
2.45235013462763,"CM"
3.03495288740458,"CM"
2.14178140983453,"CM"
3.04495971395921,"AM"
3.02502894385343,"CM"
3.04877916758839,"CM"
3.02251238094403,"CM"
2.7225600163241,"CM"
2.56182854544142,"CM"
3.09689591416122,"CM"
2.4725614751747,"CM"
2.08405654230085,"CM"
2.8075228451464,"CM"
3.1422100979659,"CM"
2.88924707429764,"CM"
2.70848288399246,"CM"
3.09728043663785,"CM"
2.73967062895329,"CM"
2.80091868962175,"CM"
3.08195085945397,"CM"
2.44995519899153,"CM"
3.20856008550616,"CM"
3.07164018165038,"CM"
2.36413413864271,"CM"
2.28920987945472,"CM"
2.24768032806861,"CM"
3.13107142776082,"CM"
2.96918661554315,"CM"
3.13939729916742,"CM"
2.91550719222846,"CM"
2.12361703018428,"CM"
3.01248578609612,"CM"
2.69122692826606,"CM"
2.06278949926748,"CM"
2.93877535794243,"CM"
3.01075346146772,"CM"
2.43687456689969,"CM"
2.83778659683536,"CM"
3.12155874606624,"CM"
2.91895585466505,"CM"
3.04633159563068,"AM"
2.96450529210814,"CM"
2.90180814852217,"CM"
3.09793676817609,"CM"
3.10962130096626,"CM"
2.91088517660235,"CM"
1.91559005801103,"CM"
3.04836076045469,"CM"
3.10687353587804,"CM"
1.97734490224137,"AM"
3.15163040624187,"CM"
2.70891868736443,"CM"
3.02885311127802,"CM"
2.06476532173605,"CM"
2.90733366821675,"CM"
1.92708050292989,"CM"
2.6280514215843,"CM"
2.92428938024329,"CM"
2.44994810795573,"CM"
3.10885730229777,"CM"
3.05493926747755,"CM"
2.68297428336433,"CM"
2.47231427458375,"CM"
3.09204157281412,"CM"
3.19683329457437,"CM"
2.18414239443247,"CM"
2.71010178838756,"CM"
2.60989299767911,"CM"
2.91472632254576,"CM"
3.0095057952905,"CM"
3.18399552168741,"CM"
3.15387150582618,"CM"
3.0688109262399,"CM"
2.7204024500292,"CM"
2.68050203510623,"CM"
3.02962986132397,"CM"
2.8690775382235,"CM"
3.0748700800882,"AM"
2.17027967258203,"CM"
2.70589297538953,"CM"
2.8297358970331,"CM"
3.06187398203268,"CM"
3.22007074130014,"CM"
2.65827646099746,"CM"
3.16400141666458,"CM"
2.95954503476047,"CM"
3.1196370017376,"CM"
3.16217371280826,"CM"
3.01569705220321,"AM"
3.05329574483463,"AM"
3.08601186537024,"CM"
3.11852407313539,"CM"
2.97453262756441,"CM"
2.73594720303479,"CM"
2.6056454360614,"AM"
2.25572236377965,"CM"
2.81201867457269,"CM"
2.7567158260452,"CM"
2.65670109852778,"CM"
3.0384506116787,"CM"
2.81512427567952,"CM"
2.40278338457818,"CM"
2.9719382471633,"CM"
3.12658244572556,"CM"
3.02404546580015,"CM"
3.12900363513331,"CM"
2.95324965062901,"CM"
2.88547992556999,"CM"
2.4641632971674,"CM"
3.04415662462414,"CM"
2.86296169625702,"CM"
1.96345446618545,"CM"
3.1710173308498,"CM"
3.12126446245631,"CM"
2.70869672061181,"AM"
2.93520673754069,"CM"
3.15043356912284,"CM"
3.17323255333846,"AM"
3.08943097247393,"CM"
2.99819368650229,"CM"
2.02175356859507,"CM"
1.91759415483498,"CM"
3.06440891125858,"CM"
2.05757407620738,"CM"
2.97155711306968,"CM"
2.48188857345901,"CM"
3.13296819809043,"CM"
2.79524037559377,"CM"
3.12442360492586,"CM"
2.17588153728194,"CM"
2.78827398390581,"CM"
2.80672954314428,"CM"
2.84095410071752,"CM"
3.06323476603147,"CM"
2.67138467114666,"CM"
2.87694372278928,"AM"
2.82254235861315,"AM"
2.91053047034648,"CM"
2.67117811590408,"CM"
3.0881393627568,"CM"
3.07958047749714,"CM"
2.43243097765822,"CM"
3.06717278364913,"CM"
2.83466195495827,"CM"
2.98045650395284,"CM"
2.76095641919961,"CM"
2.93489433514935,"CM"
2.49311786640478,"CM"
2.26349327964946,"CM"
3.08383676890463,"CM"
2.91480168917727,"CM"
3.05791513217136,"CM"
2.66739735321596,"CM"
2.78219500953378,"CM"
2.3435808734131,"CM"
2.61502445957635,"AM"
2.40427435110855,"CM"
3.04829160137057,"AM"
3.07299523962673,"CM"
2.33570934093199,"CM"
2.33909197086133,"CM"
2.72215637407555,"CM"
2.11165724926976,"CM"
2.02416236709902,"CM"
3.13474367312421,"CM"
3.14623293149977,"CM"
3.16259033217177,"CM"
2.91727799404471,"CM"
2.91658749996919,"CM"
3.06788904528636,"CM"
3.34172100124097,"CM"
2.9834789869179,"CM"
3.05628844668703,"AM"
2.97538664693036,"CM"
2.11752179219233,"CM"
2.5000772805285,"CM"
2.31647982422024,"CM"
2.93657804000253,"CM"
2.08762138446452,"CM"
3.36533242029259,"CM"
3.06994428800281,"CM"
2.16060141102878,"CM"
2.13415219917654,"CM"
2.35116289623382,"CM"
2.75188246576752,"CM"
3.10368976756157,"CM"
3.08138830103196,"CM"
2.65061403165114,"CM"
2.9555867414431,"CM"
2.32860441803654,"CM"
2.45389763409335,"AM"
3.11548246985275,"CM"
3.02686208495144,"CM"
3.07680145953443,"CM"
2.89321418703008,"CM"
2.93763393783239,"CM"
2.93517407966444,"CM"
3.09648901039857,"AM"
2.41615044147164,"CM"
1.95031124054296,"CM"
2.44608187223224,"CM"
2.30806261702721,"CM"
3.06934722006533,"CM"
3.11721226636349,"CM"
2.88394157914533,"CM"
2.51956193455053,"CM"
3.00250669569321,"CM"
2.94829981655312,"CM"
2.53699777405225,"CM"
2.290155460344,"AM"
2.82462334781417,"AM"
3.06539798048777,"AM"
3.19678657271477,"CM"
3.07383309053709,"CM"
2.50734622937385,"CM"
2.93015928863986,"AM"
3.10179531323202,"CM"
2.70699619751631,"CM"
2.1308101720813,"CM"
2.9135034713531,"CM"
2.90287990589648,"CM"
2.44052844479124,"CM"
3.07060897991092,"CM"
3.0510808674085,"AM"
3.14387137659456,"CM"
2.86788676221641,"CM"
3.38545815502974,"CM"
3.15661413775353,"CM"
2.60993984336103,"CM"
2.57674934810508,"CM"
2.91939260250647,"CM"
3.02269181944316,"AM"
3.07203252315414,"CM"
3.07215417343491,"AM"
2.66620528709503,"CM"
2.95955782740756,"AM"
2.66793869093324,"CM"
2.54475522507403,"CM"
3.10216661726344,"CM"
3.15382215494316,"CM"
3.07347121107206,"CM"
2.39403517845061,"CM"
3.15461814234425,"AM"
2.70561003640137,"CM"
2.32320135023872,"CM"
2.97915422092045,"CM"
2.77478543436182,"CM"
3.05040254762765,"CM"
3.14137308220685,"CM"
2.50846817370005,"CM"
2.98897229527767,"CM"
3.12301735647178,"CM"
3.04514236083233,"CM"
2.73483082826025,"CM"
2.9492699473476,"CM"
2.38665242491986,"CM"
2.37845911328383,"CM"
2.89908256125418,"CM"
2.93695591089546,"CM"
2.8213974625356,"CM"
2.17347633764478,"CM"
2.5797779394171,"CM"
3.0522304284232,"CM"
3.07528574076379,"CM"
2.47683544763592,"CM"
2.05099643492165,"CM"
3.08419295817596,"CM"
2.45640980292371,"CM"
2.64207014620637,"CM"
3.25228145323709,"CM"
2.80829578765391,"CM"
3.18039277260771,"CM"
3.06308601171167,"AM"
2.73661574675326,"CM"
2.5454169163325,"CM"
2.50314724263842,"CM"
2.96491636373664,"CM"
3.00802278693838,"CM"
2.52272202592274,"CM"
3.06774874368772,"CM"
3.00902003503625,"CM"
3.01944378297663,"CM"
2.64558833801245,"CM"
3.08988304775984,"CM"
3.01639369851213,"AM"
3.05897183032457,"CM"
2.64674694395904,"AM"
2.91958437752694,"CM"
2.6557691630554,"CM"
2.34946797287424,"CM"
3.10400406820849,"CM"
2.46478362903351,"CM"
2.73565065654727,"CM"
3.05220063153926,"CM"
2.8838765313827,"CM"
3.08171043817212,"CM"
3.08558329957728,"CM"
1.81415010652873,"CM"
2.81569704385298,"CM"
2.63024531915044,"CM"
2.82556931947421,"AM"
3.10852898631621,"CM"
2.72040861658185,"CM"
2.72531436591067,"CM"
2.18863842173613,"CM"
3.01934660688001,"CM"
2.64310352658162,"CM"
2.97123472063339,"CM"
3.08110746648307,"AM"
3.07570648759553,"CM"
3.07471920477363,"AM"
3.15545045090815,"CM"
2.72455208732031,"CM"
3.05110401600729,"CM"
1.88326638244781,"CM"
2.6732995292575,"CM"
3.01819673490502,"CM"
2.607632806035,"AM"
3.06015768490107,"CM"
3.01912244003236,"CM"
2.52518029480706,"CM"
1.97426227045838,"CM"
3.09320686345758,"AM"
2.85233288205872,"CM"
3.28356944764193,"CM"
2.92211268642856,"CM"
2.16526005256491,"CM"
3.05989138593628,"AM"
2.67275166859829,"CM"
3.07712485590001,"AM"
3.03829575684654,"CM"
3.11313164097266,"CM"
2.22250133746979,"CM"
2.79718091182343,"CM"
3.03629409323938,"CM"
3.12845540428843,"CM"
2.68374198378109,"CM"
2.81141036278733,"AM"
2.62446223016039,"CM"
3.03424976628871,"CM"
2.50183678427036,"CM"
2.67493260608362,"CM"
2.50778056414322,"CM"
2.86665036121139,"CM"
2.58856950230835,"CM"
3.05470528956705,"CM"
3.07454819914735,"CM"
3.06059958603674,"CM"
1.735460403555,"CM"
2.35854480147732,"CM"
2.6519290094242,"CM"
3.03620080689222,"AM"
3.09135215654145,"CM"
2.65829993834757,"CM"
3.02312000899233,"CM"
2.98485232434198,"CM"
2.26854749265585,"CM"
3.03899564766929,"CM"
3.05174176572338,"CM"
2.77569067919423,"AM"
2.93833771494812,"CM"
2.07248901142566,"CM"
3.12771556688661,"CM"
3.1368121575314,"CM"
2.59374889989332,"CM"
2.04943794010618,"CM"
2.70659582557241,"CM"
1.74971818463559,"CM"
2.11772212659948,"CM"
2.88728132417898,"CM"
2.70654511194522,"CM"
3.05724770240638,"CM"
2.65281675923294,"CM"
2.72918333921813,"AM"
3.07259008512475,"CM"
2.82786458360087,"CM"
2.68109492544657,"CM"
2.28567915502391,"AM"
3.13221322880434,"CM"
2.17233532049451,"CM"
2.16473309590091,"CM"
2.95367245617148,"CM"
3.04461575054688,"AM"
2.30265981593122,"CM"
2.59478572445646,"CM"
3.12229197849627,"CM"
3.11500966085641,"CM"
3.0774835313111,"CM"
2.95374909404008,"CM"
3.11303753255781,"CM"
3.17890476069992,"CM"
3.12900917869945,"CM"
3.04769496701838,"CM"
2.42978821158384,"CM"
2.93566388973106,"CM"
2.70955995602183,"CM"
2.97408259184378,"AM"
3.0649572845637,"CM"
3.06959655847733,"CM"
3.10092358936384,"AM"
3.08202390844287,"AM"
2.82415990163193,"CM"
2.80986864765592,"CM"
2.71384311060804,"CM"
2.79928740282435,"CM"
3.09548984405461,"CM"
2.6300613867714,"CM"
2.68396784510233,"CM"
2.4244313447696,"CM"
3.0620438466355,"CM"
2.15507883590364,"AM"
1.78075922634263,"CM"
3.1457349416315,"CM"
2.98240433447185,"CM"
2.75943403122761,"CM"
3.00693211225126,"CM"
2.25070993892731,"CM"
3.13941841450916,"CM"
2.61014003587628,"AM"
1.74672271828375,"CM"
2.87428921867735,"CM"
2.93972906773136,"CM"
2.23296621354352,"CM"
2.14628314183796,"CM"
2.26978087881552,"CM"
2.71723990450169,"CM"
3.09295508226575,"CM"
2.35823599710337,"AM"
2.96219287508168,"CM"
3.08078320845001,"CM"
2.28691504508183,"CM"
2.45876198779447,"CM"
2.98132261997763,"CM"
3.10184387304266,"CM"
2.98278891170161,"CM"
3.10740078669055,"CM"
3.01005499620294,"CM"
3.14142111823917,"CM"
2.2672745730808,"AM"
2.67482989396695,"AM"
2.69862370721216,"CM"
3.09144933212771,"CM"
2.13288592206281,"CM"
2.11538019310154,"CM"
2.68883213576783,"CM"
3.05603514854905,"CM"
2.98731150613123,"CM"
2.34840903092677,"CM"
2.94934386788682,"CM"
2.99637478216556,"CM"
2.70557785381658,"CM"
1.87759890468763,"CM"
2.61442825444377,"AM"
2.72803220900787,"CM"
3.04701785458361,"CM"
2.97228802537113,"CM"
2.92315824569432,"CM"
2.87103438997359,"AM"
3.10758506297992,"CM"
2.85422603688819,"CM"
3.01257578902787,"CM"
3.06504376145039,"CM"
2.09309870303104,"CM"
3.11314208743877,"CM"
3.07026145715647,"CM"
2.37057220876856,"CM"
2.49572126973462,"CM"
3.03796312811681,"CM"
3.13312387354189,"CM"
1.95546370466925,"CM"
3.0091470128042,"CM"
2.97434277529994,"CM"
1.8079108712134,"CM"
3.08342124482639,"CM"
3.06454475974013,"CM"
2.6978994746379,"AM"
2.95756567777182,"CM"
2.47377219248229,"CM"
3.07830274374659,"CM"
2.03930390107577,"CM"
3.03978842350015,"CM"
2.93306349457089,"CM"
2.32116296859795,"CM"
2.92924241817829,"CM"
1.7155450992019,"CM"
3.06038339529115,"CM"
3.09617487277744,"AM"
2.07652118722018,"CM"
2.89295375376091,"CM"
2.04164868377405,"CM"
2.01508140675068,"CM"
2.85522328919382,"CM"
2.06451803036802,"CM"
3.07404809559394,"CM"
3.09326173537404,"CM"
2.9822500180368,"CM"
3.04476432275061,"CM"
3.09805020833291,"CM"
2.12397121074267,"CM"
3.14223907967842,"CM"
2.95054353785094,"CM"
2.93482683753209,"CM"
3.04662659693952,"CM"
2.63277263918114,"CM"
2.34786409272017,"CM"
2.59552236045623,"CM"
3.11767410534733,"CM"
2.45193641275224,"CM"
3.09172604952935,"CM"
2.16151369056813,"CM"
3.01016990719776,"CM"
2.96625937252542,"CM"
2.9552218722009,"CM"
3.14291204018315,"CM"
2.69999576704585,"CM"
2.91260080830173,"CM"
3.0410839821689,"CM"
1.93030981659842,"CM"
3.01228457148729,"CM"
3.07705711943804,"CM"
3.0780981397251,"CM"
3.18807505477763,"CM"
2.62587918343849,"CM"
2.51272252553596,"CM"
2.12330494123362,"CM"
3.11311484730511,"CM"
3.09168122690233,"CM"
3.06344380419665,"CM"
2.99259056276829,"CM"
2.79478897184308,"CM"
2.85834721469303,"CM"
2.49308657389647,"CM"
2.57857184014474,"CM"
3.09413394045112,"CM"
1.98016179541266,"AM"
2.62758873821188,"CM"
2.95485195257049,"CM"
2.61217887023461,"CM"
3.11584885319755,"CM"
2.90830487679727,"CM"
2.83260784523586,"CM"
3.11885869827815,"CM"
3.04784381694467,"CM"
2.61281644942482,"CM"
3.0086668681614,"CM"
2.18632655882943,"CM"
3.02376509532661,"CM"
2.65413002618531,"CM"
3.16531775358415,"CM"
2.91498645508347,"CM"
3.06320960890901,"CM"
2.57815082164579,"CM"
2.16076226125243,"CM"
2.99532467960343,"AM"
3.12386853187316,"CM"
2.77011606960699,"CM"
2.31792083534026,"CM"
3.00879605192488,"CM"
3.12803129601632,"CM"
2.10807978952506,"AM"
3.07669670046552,"CM"
3.05230229955811,"CM"
2.92329948251541,"CM"
2.47502436275747,"CM"
3.0327617398157,"CM"
2.14823593804126,"CM"
3.13913017672143,"CM"
1.99708129485384,"AM"
3.08332935229586,"CM"
3.00679721164838,"AM"
3.13461801011605,"CM"
3.10441710139491,"CM"
2.64780932936526,"CM"
3.07775018081126,"CM"
2.83978608652176,"AM"
3.08635938995486,"AM"
2.33540817815203,"CM"
3.08508358806757,"CM"
3.05424712367621,"CM"
2.36063595472007,"CM"
3.04157839570348,"CM"
2.63510849227753,"CM"
3.09811763158587,"CM"
2.09133826928251,"CM"
2.92987291734394,"CM"
2.15637347892,"CM"
3.07795153091082,"CM"
2.12638253058438,"CM"
3.28433845386438,"CM"
2.971008711352,"CM"
2.94993626500676,"CM"
2.86397311215031,"CM"
2.94069005278556,"CM"
2.84285439676409,"CM"
2.51296875333877,"CM"
3.10295146139404,"CM"
1.81727431987583,"CM"
2.55195946537449,"CM"
3.15518964824667,"CM"
2.58596892256992,"CM"
3.07114863235711,"CM"
3.03529562846393,"CM"
2.83128824382363,"CM"
1.75471907824767,"CM"
3.02904118167627,"CM"
2.23485529118587,"CM"
2.56736577831929,"CM"
3.07902639613012,"CM"
2.62010087900779,"CM"
3.13157496025881,"AM"
3.13250251477709,"CM"
2.30404923985267,"CM"
2.69281590557894,"CM"
2.3996933176076,"CM"
3.15764148916582,"CM"
3.07351558052108,"CM"
2.51143028692151,"CM"
2.79031045697947,"CM"
3.08725524754712,"CM"
3.09010509693568,"AM"
3.07349555179223,"CM"
2.08512692418536,"CM"
2.13391787830719,"CM"
2.94534119570459,"CM"
1.76908357178538,"CM"
2.95289142040429,"CM"
3.13051764825572,"CM"
3.03741179895021,"CM"
3.10148483735906,"AM"
2.63056021452099,"CM"
3.16937736709857,"CM"
2.96318579886124,"CM"
3.09713564285091,"CM"
3.00927445853906,"CM"
2.31895150729166,"CM"
2.8561242164513,"AM"
3.07662139968935,"CM"
2.80786168165632,"CM"
3.0695448228222,"CM"
2.12035661093202,"CM"
2.94742738410929,"CM"
2.81946744885577,"CM"
3.10787083600451,"CM"
2.92725247297848,"CM"
3.25965101687507,"CM"
2.32390201339562,"CM"
3.14196821330919,"CM"
2.84519704632725,"CM"
2.98834479711412,"CM"
3.09436710403832,"CM"
2.69288854013707,"CM"
1.94192221660632,"CM"
2.23223323594172,"CM"
2.64538516788629,"CM"
3.0511872298922,"AM"
2.894685497873,"CM"
2.41914074193254,"CM"
1.95915137060708,"CM"
2.92378619427492,"CM"
3.09689107395886,"CM"
2.97338888106585,"CM"
2.97528264878081,"CM"
2.64804193496176,"CM"
2.75972027230302,"AM"
2.58559151322108,"CM"
3.0676386362525,"CM"
2.27231136353731,"CM"
3.18981258413156,"CM"
3.11671592130816,"CM"
3.11222134677177,"CM"
3.15508056115396,"CM"
3.07558418968359,"CM"
2.40551845902845,"CM"
3.0520787456755,"CM"
3.1308260558834,"CM"
2.76688459303298,"CM"
3.05431336901529,"CM"
2.94485917637001,"CM"
2.84172549856299,"CM"
2.38251651554802,"CM"
2.97206305890034,"CM"
2.31522618587796,"CM"
2.68965122207665,"CM"
2.96654430131009,"CM"
2.22180332542557,"CM"
3.00036440877289,"CM"
2.93236794745393,"CM"
2.99333137850496,"CM"
2.13925444632822,"CM"
2.6619922835639,"CM"
3.0990376126052,"CM"
3.08006009312351,"CM"
3.06404127667461,"AM"
3.11661886815553,"AM"
2.99252248784876,"CM"
1.81982412261549,"CM"
2.17129874669905,"CM"
2.63440104115429,"CM"
3.05537655116907,"CM"
2.65003697181836,"CM"
2.03836073402182,"CM"
3.10359026459917,"CM"
2.66386933422116,"CM"
2.91952757183592,"CM"
2.6325942970567,"AM"
2.26569091273649,"CM"
2.97660226074728,"CM"
3.1368125428131,"CM"
2.73845458025125,"CM"
3.09624512676711,"CM"
3.07153943969331,"CM"
2.46843470333405,"CM"
2.64334131880338,"CM"
3.12781793643602,"CM"
3.0668335614497,"CM"
2.68302342474316,"CM"
2.5285766407195,"CM"
3.03612266504108,"CM"
2.05623997918759,"CM"
3.059492761202,"AM"
3.16538958503838,"CM"
3.04051504033104,"CM"
2.94117382807846,"CM"
2.50620956919588,"CM"
2.75694760631217,"CM"
2.78270908804536,"CM"
2.08282129090442,"CM"
3.11379294030762,"CM"
2.57650272577524,"CM"
2.70262597995039,"CM"
3.06893263090396,"CM"
3.10695718034881,"CM"
3.11925326498843,"CM"
2.82977348302279,"CM"
3.02669490886195,"CM"
2.93724588177929,"CM"
2.90092436608245,"CM"
2.70859238432955,"CM"
3.04360096999503,"CM"
2.11200916127089,"CM"
1.93698785941983,"CM"
3.04482786608678,"CM"
1.95422057204382,"CM"
2.59898986449623,"CM"
2.32389501357953,"CM"
3.10255180270617,"AM"
2.38595349769345,"CM"
3.00252445010541,"CM"
2.33016418986149,"CM"
3.05411483958002,"CM"
2.29957619094059,"CM"
3.02904069135621,"CM"
2.53004865163783,"CM"
2.40005806572383,"CM"
3.09767182845699,"CM"
2.24718393871075,"CM"
2.98146387539505,"CM"
3.02413018590742,"CM"
2.39597103403882,"CM"
2.85713655464677,"CM"
2.95865342889033,"CM"
2.56337857974183,"CM"
1.95859829854256,"CM"
3.10473450785714,"CM"
3.38553851680021,"CM"
2.38029300340164,"CM"
2.6500310613801,"CM"
2.65100476371244,"AM"
3.04495746022281,"CM"
3.06292379883517,"AM"
3.18117226375523,"CM"
2.99077980221507,"CM"
2.23460099056082,"CM"
2.17213226845421,"CM"
2.99936758868109,"CM"
3.07936611049642,"CM"
2.61355159349504,"CM"
3.028409734189,"CM"
3.07790802277419,"CM"
2.95763225408593,"CM"
3.0530272654634,"CM"
1.34934054386728,"CM"
2.04805648304856,"CM"
3.04437905974375,"CM"
2.85584507599924,"CM"
3.12806100846565,"CM"
3.06721056710108,"CM"
3.0851946460497,"CM"
3.13862197042923,"CM"
2.93740372078795,"CM"
3.09743565370831,"CM"
3.0981680127291,"CM"
2.25768761428512,"AM"
2.14557434975861,"CM"
2.71138673088921,"CM"
2.56123170797376,"CM"
3.18371061500528,"CM"
3.04706194268193,"CM"
2.68492999923243,"AM"
1.88578358160503,"CM"
3.15272872464242,"CM"
2.48816761337635,"CM"
3.08272561868299,"CM"
3.03172009203345,"CM"
3.0960134143208,"CM"
3.07543929000825,"CM"
2.03533988212217,"CM"
3.06591352665005,"CM"
2.61937448516775,"CM"
2.9264436041275,"CM"
2.64358739701948,"CM"
2.42243188163594,"AM"
1.69050907671551,"CM"
2.06988495852523,"CM"
2.64580431131814,"CM"
2.8706362442467,"AM"
1.8860418088764,"CM"
2.95046894869725,"CM"
1.77866439724986,"CM"
1.75207978205103,"CM"
3.0280605169362,"CM"
2.94191857835264,"CM"
2.57768423557301,"AM"
3.04729022061806,"CM"
2.25938414071678,"CM"
2.14633803802761,"CM"
2.30895377347508,"CM"
3.01806031212951,"CM"
2.66892523572597,"CM"
3.09395241858571,"CM"
2.23784977315954,"CM"
2.88424820241431,"CM"
2.35157663659866,"CM"
2.93140921615266,"AM"
2.16197377466781,"CM"
3.05122409907907,"CM"
3.1132065472669,"CM"
2.68944013143394,"AM"
3.07245116134864,"CM"
3.02724970020069,"CM"
2.81452868442231,"CM"
3.19981613319289,"CM"
2.33392126428407,"CM"
3.03308209228248,"CM"
3.03189632947306,"CM"
3.08548779553815,"CM"
2.76247347516366,"CM"
3.05065870296166,"CM"
2.81663579002708,"CM"
2.46120580373493,"CM"
3.04070880722897,"CM"
3.01517739698305,"CM"
2.44399023293124,"CM"
2.92603068609271,"CM"
2.33639988883896,"CM"
3.09192060586024,"CM"
2.43866064208429,"CM"
2.99531674230161,"CM"
3.08065438891989,"CM"
3.10696053959608,"CM"
3.01770234676468,"CM"
2.20601489883746,"CM"
2.96253348189458,"CM"
2.96583801124147,"CM"
2.42076089909199,"CM"
2.91449956680181,"CM"
2.95207697909026,"CM"
2.79124591314724,"CM"
2.9766616620459,"CM"
2.9592969444935,"CM"
2.30481985885479,"CM"
2.65530500864586,"CM"
3.1308226333992,"AM"
2.97875025908166,"CM"
2.81206264500726,"CM"
3.04812456768048,"CM"
2.7071746881951,"CM"
3.25079102052918,"CM"
3.06333839842539,"AM"
3.10372898231148,"CM"
2.37939362130061,"CM"
2.61256986957048,"CM"
2.66265301341462,"AM"
3.08257750836324,"CM"
3.05640691354199,"CM"
2.6480478318508,"AM"
3.043356958123,"CM"
2.61135370006864,"CM"
2.99420370618245,"CM"
2.66165625979304,"CM"
2.98593754292784,"CM"
2.2862196071632,"CM"
1.96840362521438,"CM"
3.08091120844149,"CM"
2.72384550268606,"CM"
2.40644086529221,"CM"
1.98559004716264,"CM"
2.99710515047144,"CM"
3.12421640372007,"AM"
2.67889100937382,"AM"
2.24563873514419,"CM"
3.01739688050651,"CM"
3.07179096095541,"CM"
2.93525190402561,"CM"
2.85043622909946,"AM"
2.39390773702841,"CM"
2.24622793413797,"CM"
3.05696566513754,"CM"
2.18305041888766,"CM"
2.23236232252059,"CM"
3.16852274102469,"CM"
3.02572388916356,"CM"
2.39863845852632,"CM"
2.97281625611723,"CM"
3.11725005808318,"CM"
2.90427620358513,"CM"
3.06252219736987,"CM"
2.09236841155234,"CM"
1.8204017875284,"CM"
3.09851300833512,"AM"
3.12489081087273,"AM"
2.59510519625248,"CM"
2.69454354126192,"AM"
1.91756233560557,"CM"
3.02301065600762,"CM"
2.98970068817473,"CM"
2.20896549190535,"CM"
2.74934731965782,"AM"
3.04829660752318,"CM"
3.01340239713571,"CM"
3.06027003526294,"CM"
2.99098599456823,"CM"
2.36637190488803,"CM"
2.98922922888657,"CM"
2.56344832417743,"CM"
1.89730911008551,"CM"
2.94207358699711,"CM"
3.08212110446981,"CM"
2.45334990172837,"CM"
3.06553596556493,"AM"
2.95358240118738,"CM"
3.07476325505821,"CM"
2.67910104274038,"AM"
2.71221081345339,"CM"
2.34976769643812,"CM"
2.9519896046883,"CM"
2.84660949925694,"AM"
2.53079248535065,"CM"
2.88682393085609,"CM"
2.83656784643909,"CM"
2.49178101526853,"CM"
3.05785895220724,"AM"
2.97222142495205,"CM"
2.95180925141978,"CM"
2.18954264382561,"CM"
2.81439982672301,"CM"
2.42928127062626,"CM"
2.85665191411535,"CM"
2.96620586667712,"CM"
2.92721285850192,"CM"
2.0522045140543,"CM"
2.95520608714921,"CM"
2.58319137866119,"CM"
2.73673691389163,"CM"
2.11122762779112,"CM"
2.59278652182217,"AM"
3.0244574371632,"CM"
3.14185960146258,"CM"
3.06869075032627,"CM"
2.61708490988175,"CM"
3.14504098092337,"CM"
2.23116128129074,"CM"
3.13732134439656,"CM"
3.11654717164792,"CM"
2.97340505942694,"CM"
2.97789238868391,"CM"
2.94302773074661,"CM"
3.08341753912508,"CM"
2.9464783067217,"CM"
2.52106590013395,"CM"
2.73869208033774,"CM"
2.94484793539707,"CM"
3.05863098923949,"CM"
3.08403287519506,"CM"
2.92601992938695,"CM"
2.82421411632974,"CM"
2.58367157598019,"AM"
3.15300167192076,"CM"
3.13012571590841,"CM"
2.655326211798,"AM"
3.04646598979582,"CM"
2.94281549112158,"CM"
2.55755820721985,"CM"
3.08203052001028,"CM"
3.00490566760129,"CM"
2.43882400814126,"CM"
2.79810822972074,"AM"
1.95188793439285,"CM"
2.58061283671478,"AM"
2.01939974796553,"CM"
3.08482804447312,"CM"
2.79615472715141,"CM"
2.89159536020672,"CM"
2.83437700550548,"CM"
3.08932570219094,"CM"
3.12117139317715,"AM"
3.01575685593683,"CM"
3.01922549698698,"CM"
2.34028484964997,"CM"
3.03285880882514,"AM"
2.73206139695584,"CM"
2.39093686987228,"CM"
2.60717898113067,"CM"
2.10310405138342,"CM"
3.10631072312032,"CM"
2.63814398506857,"CM"
2.63216975163676,"CM"
2.91749572897166,"CM"
2.70802198517398,"CM"
3.0827017721215,"CM"
2.63594138160368,"AM"
2.68667699502226,"CM"
2.88496113867068,"CM"
2.98486427372704,"CM"
3.05556826409718,"CM"
2.8543538301541,"CM"
3.08417504128353,"CM"
2.94728636227909,"CM"
3.06186948328952,"CM"
3.0334904154203,"CM"
3.09907447950713,"CM"
3.14740907616186,"CM"
2.36259418249139,"CM"
3.1689973854818,"CM"
2.77439212959291,"CM"
2.35633146919325,"CM"
2.59480589614371,"CM"
2.64662929211532,"CM"
2.68246641644095,"CM"
3.1787453222927,"AM"
3.02096955534396,"CM"
3.1382544587367,"CM"
2.73165680198911,"AM"
3.02610196485119,"CM"
2.93112997283152,"CM"
2.90427031842673,"CM"
3.07070524541301,"CM"
3.09630592705071,"CM"
2.76432245351478,"CM"
2.1259912158765,"CM"
2.74591465759592,"CM"
3.09634913247093,"AM"
3.15686659403812,"CM"
3.09435186205873,"AM"
2.3957915951921,"CM"
2.1677917738333,"CM"
3.15460767641398,"CM"
3.09958881147198,"CM"
2.5531420928186,"CM"
3.12963985242859,"CM"
2.21971851141169,"CM"
2.4194324300888,"CM"
1.91324062949324,"CM"
2.87850718958658,"CM"
3.03879831732537,"CM"
3.05023728606775,"CM"
2.75957734558863,"CM"
3.07447520414819,"CM"
2.98009400571968,"CM"
3.08156541054246,"CM"
3.08979094250704,"CM"
2.1679654519094,"CM"
2.89487005986591,"CM"
2.55656330993042,"CM"
1.92096078975992,"CM"
2.85619946573125,"CM"
2.33347492650205,"AM"
3.1227306176327,"CM"
3.05665995306027,"CM"
2.48236946937334,"CM"
2.04114632097089,"CM"
2.77352470220631,"CM"
3.01899018533116,"CM"
3.05326442350604,"AM"
2.04841763335242,"CM"
2.40819555687264,"CM"
2.11611865088325,"CM"
2.94225185472366,"CM"
2.27571185664436,"CM"
3.0627140874446,"CM"
2.36805141661176,"CM"
2.95310196143963,"CM"
2.95282892856925,"CM"
1.75130291575888,"CM"
2.59613736265551,"CM"
2.55627643064865,"CM"
2.86118949038228,"CM"
2.95903842735126,"CM"
2.69551746661944,"AM"
3.04590965791669,"CM"
2.96528933650935,"CM"
2.93789866976915,"CM"
2.46821183107869,"CM"
2.82068718182219,"CM"
2.97851910635268,"CM"
3.15288460798026,"CM"
2.48719575079547,"CM"
3.09502411217202,"CM"
2.33025981932251,"CM"
2.87006292544459,"CM"
3.03415106431406,"CM"
2.74439120320068,"CM"
3.00978656663345,"CM"
3.04988787262562,"CM"
3.23740156111572,"CM"
2.76185942894353,"CM"
3.03344311145486,"CM"
3.14933894022885,"CM"
3.17185850232416,"CM"
3.08025883778123,"CM"
2.73038713443045,"CM"
3.03187414069169,"CM"
2.93639364935244,"CM"
2.90614013580822,"CM"
3.07580424977317,"AM"
2.2568223328126,"CM"
3.13411054972642,"CM"
2.91412753199493,"CM"
3.06096591838887,"CM"
2.46880694792169,"CM"
3.03714110061543,"CM"
2.91306834442605,"CM"
2.32269223715099,"CM"
2.94441180748473,"CM"
3.10142434313259,"CM"
3.16664676005867,"CM"
3.09705277613601,"CM"
2.13614433375028,"CM"
2.80830859727597,"CM"
2.1965230535569,"CM"
2.27968838107933,"CM"
3.10094566600192,"AM"
3.10051082857687,"CM"
3.24997421602188,"CM"
3.10217174244593,"CM"
3.08549017553702,"AM"
2.57637309529654,"CM"
2.33437980108734,"CM"
1.93515390285336,"CM"
2.97652325405717,"CM"
2.07903321617628,"CM"
3.15350237236744,"CM"
2.5993237021663,"CM"
2.98296955861573,"CM"
3.07331710121915,"AM"
2.86699773008084,"CM"
2.66755217114355,"CM"
3.06955808478962,"CM"
3.12252989032672,"CM"
3.12192494188117,"CM"
2.59624226694533,"CM"
3.17500070748599,"CM"
1.8254386701585,"CM"
3.08283821669155,"CM"
2.99648637872089,"CM"
2.01710972241954,"CM"
2.69390233083362,"CM"
2.2462789173518,"CM"
3.08537863110625,"CM"
2.90232425573961,"CM"
3.09942771010231,"CM"
2.2920609469772,"CM"
2.65785962073851,"CM"
3.1355005082409,"CM"
3.13027637603717,"CM"
2.95114867729873,"CM"
2.72425834798081,"AM"
3.04752514243641,"CM"
3.10573984991108,"CM"
2.56578112358503,"CM"
2.91472090667466,"CM"
3.05591167477746,"CM"
3.10101916616505,"CM"
2.97033998474708,"CM"
3.06685259035405,"CM"
2.95488775750417,"CM"
2.15155979830202,"AM"
3.05317210374684,"CM"
2.42200314947364,"CM"
2.91475902004933,"CM"
2.99988842838276,"CM"
2.66417818516637,"CM"
2.35778848390798,"CM"
2.6439859716838,"CM"
3.02580349543157,"CM"
1.79167427871436,"CM"
3.02369270018218,"CM"
2.67224408738468,"CM"
2.50155721022901,"CM"
3.09136987213914,"CM"
2.63535587227395,"CM"
3.03455696409069,"CM"
2.58088130532555,"AM"
2.94497466827803,"CM"
2.48646491921565,"CM"
3.01995493580155,"AM"
2.84331028512646,"CM"
1.78206265822259,"CM"
3.17078719782922,"CM"
2.32806411328933,"CM"
2.99514548557858,"CM"
2.0611146351958,"CM"
2.6928582641704,"CM"
2.94767265621588,"CM"
2.65558302194532,"CM"
3.05494429323337,"CM"
2.47992494579294,"CM"
1.85059763820601,"CM"
3.10956217941773,"CM"
3.03803169604777,"CM"
2.82045832848694,"CM"
3.05113520456969,"AM"
2.27232844681179,"CM"
3.09186688745991,"CM"
2.83400008945746,"CM"
3.08196947161537,"CM"
3.11237244951851,"CM"
1.58488979193696,"CM"
2.39040311672211,"CM"
2.60530028483045,"CM"
3.20247979338116,"CM"
2.96832879226049,"CM"
2.96234805871758,"CM"
2.32911087537723,"CM"
3.09405842573852,"CM"
3.0821731063529,"CM"
2.8870414113974,"CM"
3.00621577017153,"CM"
2.59103193863185,"AM"
3.09544629500063,"CM"
2.05880836158302,"CM"
3.14135334684463,"AM"
3.04973867789889,"AM"
3.09211397685824,"CM"
3.1012312162071,"CM"
2.59929459997671,"CM"
2.96727615161369,"CM"
2.27224019834643,"CM"
3.02846596201121,"CM"
2.88316709049378,"CM"
2.96253529833841,"CM"
3.09358074545317,"CM"
2.98387233691842,"CM"
2.93509252920873,"CM"
2.70594534292577,"CM"
2.97763504386913,"CM"
2.81122870835346,"CM"
3.0974250281309,"CM"
2.11269762814236,"CM"
2.26985205195252,"CM"
2.81452062835872,"CM"
2.95350105368326,"AM"
3.16484144646831,"CM"
2.84762918152568,"CM"
2.8032177600062,"CM"
2.69791153117173,"CM"
2.73768674070657,"CM"
2.47092791123071,"CM"
2.19500574395219,"CM"
2.61663000684589,"CM"
2.94668741858771,"CM"
3.10656250869433,"AM"
2.63528472849175,"CM"
2.55028339804517,"CM"
2.3736369019133,"CM"
2.91884333063691,"CM"
3.11683932063559,"AM"
3.0303166487444,"CM"
2.5251109678598,"CM"
2.11621856438467,"CM"
2.09391967292429,"CM"
3.06496234991495,"CM"
3.12526286336638,"AM"
2.28130851689371,"CM"
3.13379471829492,"CM"
2.64038195417377,"CM"
2.84609836207136,"CM"
2.32437840759674,"CM"
2.58171462681859,"CM"
2.75380762413789,"CM"
2.68167794654554,"CM"
2.69262319998869,"CM"
3.1007763483291,"CM"
2.70281002603688,"CM"
2.34408710370495,"CM"
3.10521486964291,"CM"
2.5796373595387,"CM"
3.11351379686481,"AM"
2.19140143186837,"CM"
2.22091790632867,"CM"
2.93298962903961,"CM"
2.96063698197235,"CM"
3.09395109367506,"AM"
2.6035811402442,"CM"
3.46113050482619,"CM"
2.75597600034674,"CM"
2.36532964913088,"CM"
2.69725905136596,"CM"
2.17913964917912,"CM"
2.59210036607073,"CM"
2.74284032779602,"CM"
2.22386561971111,"CM"
3.06018142557606,"CM"
2.65323787254568,"CM"
2.14761510232325,"CM"
2.7225275167707,"CM"
2.03853751651491,"CM"
3.10347384458511,"CM"
2.62201522007629,"AM"
2.97808327549646,"CM"
3.0981213733779,"CM"
3.07872606720651,"AM"
2.73987678883188,"CM"
3.09108093815155,"CM"
2.09408855470166,"CM"
2.93080363999062,"CM"
2.90323516466481,"CM"
3.01130206400246,"CM"
2.41066050061975,"CM"
3.09159203416558,"CM"
3.0583216285928,"CM"
2.91505728760583,"CM"
2.28217140607819,"CM"
2.72670010948396,"CM"
2.74133276652721,"CM"
3.04842961904481,"AM"
1.98860192987421,"CM"
2.1786665197724,"CM"
3.12488575145264,"CM"
2.9079500628623,"CM"
2.96930159151052,"CM"
1.91287934286041,"AM"
2.95070907124325,"CM"
2.07261918826493,"CM"
2.66311851457636,"CM"
2.90270340833621,"CM"
2.95233861029564,"CM"
3.04515365650865,"CM"
2.99505684653055,"CM"
2.58368505094166,"AM"
2.97158518646215,"CM"
3.04212174863399,"CM"
3.16931518174971,"CM"
2.93419473156037,"CM"
2.93578458393858,"CM"
2.55689344688437,"CM"
3.07322756125521,"CM"
2.93482289146603,"CM"
2.53769827160424,"CM"
2.55448481430228,"CM"
2.93975015433827,"CM"
2.59822797985333,"CM"
2.9268070667143,"CM"
2.93187126531382,"CM"
2.60459412688668,"AM"
2.91551391138171,"CM"
3.08608394646476,"CM"
2.98083633231227,"CM"
1.95901315698281,"CM"
2.24891498893391,"CM"
2.93224534997487,"CM"
2.62000766608633,"CM"
2.65349413945394,"CM"
3.01549253852013,"CM"
2.92982495985334,"CM"
3.01177830499555,"CM"
2.45430882799869,"CM"
2.96152848067124,"CM"
2.94267591117364,"CM"
3.09121914715354,"CM"
2.46139740967097,"CM"
2.98814233232059,"CM"
3.08096991644932,"AM"
3.15608702506124,"CM"
3.12163894622052,"CM"
3.16278863443514,"CM"
3.06381737244386,"CM"
2.5842288561955,"CM"
3.12418211569516,"CM"
2.16722368913062,"CM"
3.04888879444163,"AM"
2.59666372646182,"CM"
2.92706498180254,"CM"
2.93054703711054,"CM"
2.6799355683004,"CM"
2.69097855546698,"CM"
2.50302081582422,"CM"
2.16716721492415,"CM"
3.04543944975451,"CM"
3.05717472589643,"AM"
2.35985185838858,"CM"
2.04141748723042,"CM"
2.75850486893291,"CM"
3.07604139324276,"CM"
2.13559059203735,"CM"
2.84380352100251,"CM"
3.05757238253781,"CM"
2.28085888960289,"CM"
3.02110570919992,"AM"
2.66859757090144,"CM"
2.38248830323707,"CM"
3.0486810274768,"CM"
2.2203654624485,"CM"
3.07922573911442,"CM"
2.1276725701587,"CM"
2.67834761999651,"CM"
2.14936166113558,"CM"
2.86140500515656,"CM"
3.06388434401181,"CM"
3.136791640862,"CM"
2.57137274333415,"CM"
2.99639479578089,"CM"
2.80065826681824,"CM"
2.40728619941859,"CM"
2.71137813832853,"CM"
2.22236581170729,"CM"
3.09337391512163,"CM"
2.94163043202915,"CM"
3.09069424161131,"AM"
2.92962295047313,"CM"
2.68503066270032,"CM"
2.03245043929784,"CM"
2.26154384171191,"AM"
3.09794398710605,"CM"
2.19872537045712,"CM"
2.7083076124114,"CM"
2.14144816703286,"CM"
3.00449227294588,"CM"
3.12668595956647,"AM"
2.33017491937258,"AM"
2.32129295689594,"CM"
2.31271877448096,"AM"
3.11567581467713,"CM"
2.9307910395731,"CM"
3.04556417414175,"CM"
3.04345280466928,"CM"
3.12562807375624,"CM"
2.38005430717,"CM"
2.65227122310896,"CM"
3.09002792511756,"CM"
2.69148261365179,"AM"
3.06968049775861,"CM"
3.12593319502846,"CM"
3.06384728753672,"CM"
2.95714899764151,"CM"
2.64319949564179,"CM"
2.61875573906149,"CM"
2.29123617602075,"CM"
2.0761315558006,"CM"
2.98433437453608,"CM"
2.33343990263567,"CM"
2.49388543059505,"CM"
2.36378558329782,"CM"
2.60128783387455,"CM"
3.0578255031206,"CM"
3.05221715688875,"CM"
3.12520254064197,"CM"
2.39416303170541,"CM"
2.25287055039421,"CM"
3.06371639933895,"CM"
2.90002758130073,"CM"
2.98268734528349,"CM"
3.04528343184463,"CM"
2.49316141749399,"CM"
2.92859189473062,"CM"
2.36613711078477,"AM"
3.0298664170594,"CM"
3.08963643049671,"CM"
3.02221284948035,"CM"
2.97320705361381,"CM"
3.11596221362415,"CM"
2.91141681067118,"CM"
3.0659355589669,"CM"
1.98794888018514,"CM"
3.0270651980827,"CM"
3.09765321244236,"CM"
2.8813703646782,"CM"
3.01172043707744,"CM"
3.16402205173439,"CM"
3.05344119853168,"CM"
2.60892487924406,"CM"
2.91432101529027,"CM"
2.70828833656436,"AM"
3.07184283678741,"CM"
2.19294470368735,"CM"
2.69312541109302,"CM"
3.08304754512387,"CM"
2.59348077010094,"CM"
2.75460931244065,"AM"
3.00997057439685,"CM"
2.69801561622296,"CM"
3.08326035239347,"CM"
2.99332594599785,"CM"
2.97394533562164,"CM"
3.04370083146791,"CM"
3.07996524874696,"CM"
2.70584298595752,"CM"
3.05603549071973,"CM"
2.88103113537027,"CM"
2.5381073382137,"CM"
2.71122023026326,"CM"
2.97779947481918,"CM"
2.94565668114033,"CM"
2.67376276615459,"CM"
3.03285060708937,"CM"
2.92301466883624,"CM"
2.62706848450812,"CM"
2.43108086468907,"CM"
2.33773760013893,"CM"
2.88195334471252,"CM"
1.97424107315098,"AM"
2.19478593718298,"CM"
3.08503091941374,"CM"
3.09520566790657,"AM"
2.96669607095732,"CM"
3.15653338946411,"CM"
2.51203108487732,"CM"
2.62923523545734,"CM"
2.04018606635422,"CM"
3.05073335159683,"CM"
2.26106794140037,"CM"
2.96004734680813,"CM"
2.03603274710589,"CM"
2.84100343639269,"CM"
2.27169174246132,"CM"
2.93087025029144,"CM"
3.00051139656865,"AM"
2.46394405775996,"CM"
3.04970470276461,"CM"
2.79941833686935,"CM"
3.03802663934008,"CM"
2.70771183938411,"CM"
2.98528618554688,"CM"
2.8358828558877,"CM"
1.72661295790666,"CM"
2.12611928201047,"CM"
2.97134386069259,"CM"
2.92659381391138,"CM"
2.68075611716112,"CM"
3.14227698121114,"CM"
2.38458217247577,"CM"
3.19338795434649,"CM"
3.0349309902989,"CM"
3.07228887604159,"CM"
3.09842503013399,"AM"
2.95928252009684,"CM"
3.1216348647183,"CM"
2.84356485638618,"CM"
3.07293086419663,"AM"
2.06586975202869,"CM"
2.77661154973879,"CM"
2.79847785808544,"CM"
2.22800357499515,"CM"
2.15734028425792,"CM"
3.08713601907268,"AM"
2.96052039276352,"CM"
3.01798423194678,"CM"
2.44274612046487,"CM"
3.02857481261599,"CM"
2.26550663122966,"CM"
3.16016315373619,"CM"
3.04883973882603,"AM"
2.52293169237193,"CM"
2.85614451358409,"CM"
2.47935398211331,"CM"
2.291359222567,"CM"
2.67903367821216,"CM"
1.79594520859347,"CM"
3.07205504191576,"CM"
2.69310538144166,"CM"
3.07450183396349,"CM"
2.27486634386685,"CM"
2.28651241479542,"CM"
3.12064481051021,"CM"
2.97398119918848,"CM"
2.91804368160247,"CM"
2.25939868548213,"CM"
2.72884300328095,"CM"
3.13808159019804,"CM"
3.10696976338144,"CM"
2.10581031815313,"CM"
3.14206495023568,"CM"
1.73445104560539,"CM"
2.71691832538196,"CM"
2.92611800111544,"CM"
2.96944154720457,"CM"
1.849194745065,"CM"
3.08918450863947,"CM"
3.02124831974439,"CM"
3.07070970976258,"CM"
2.93198542381961,"CM"
2.66557876727758,"CM"
3.12199819488908,"CM"
2.63497975162181,"CM"
2.93689535553049,"CM"
2.59250772767098,"CM"
3.05633790438394,"CM"
2.15627925458904,"CM"
2.688235076841,"CM"
2.93360892742039,"CM"
3.11306371260345,"CM"
3.08325566659191,"CM"
3.14169234385148,"CM"
3.02417319231752,"CM"
2.97619184300604,"CM"
3.07691811925791,"AM"
2.29346590966453,"CM"
2.09352820101893,"CM"
2.62501675219702,"CM"
2.50709821294625,"CM"
3.07689342129473,"AM"
2.34312256640828,"CM"
3.06576467707468,"CM"
2.59017680691638,"CM"
3.12087355906683,"CM"
2.89705196754347,"CM"
2.11241156655029,"CM"
2.64086813871128,"CM"
2.52270780111567,"CM"
3.02545429633796,"CM"
3.14466765432806,"CM"
2.91433640133525,"CM"
2.41137083065732,"CM"
2.90091201016195,"CM"
3.19210683180921,"CM"
3.08927317416293,"CM"
2.03425986273293,"CM"
3.04375720783442,"CM"
2.57123982395244,"CM"
3.03985364871987,"CM"
2.50624589874673,"CM"
2.87010605596358,"CM"
2.30698222038969,"CM"
3.01228081427703,"CM"
2.9271654407902,"CM"
2.71334408770209,"CM"
3.07999372122627,"CM"
2.03069242449771,"CM"
2.27298886947177,"AM"
2.16009251716641,"CM"
2.46920479103871,"CM"
3.06969318233572,"CM"
2.13152769756198,"CM"
2.6139292254524,"AM"
1.98782823665332,"CM"
3.08074671274479,"CM"
2.02455427644743,"CM"
2.97573160033074,"CM"
1.98494288042412,"AM"
2.7023219896339,"CM"
2.82460952722614,"CM"
2.43181132540836,"CM"
2.94470658416487,"CM"
3.1120934883686,"AM"
3.07524670151456,"CM"
2.042304638507,"AM"
2.10341480136836,"CM"
2.61944128266751,"CM"
3.00003896583147,"CM"
2.71589456511373,"CM"
3.11748493452427,"CM"
2.95545044136246,"CM"
2.6243001798741,"AM"
2.65716290817194,"CM"
2.82365538672765,"CM"
1.92431722486873,"CM"
3.14422465232989,"AM"
3.06671432659641,"CM"
1.99741975750573,"CM"
2.5024588761493,"CM"
2.59528653393302,"CM"
3.16558437603255,"CM"
2.63256355413618,"CM"
2.33787702825286,"CM"
3.03406375063024,"CM"
1.83532637081619,"CM"
2.32471590135297,"AM"
2.23644186497284,"CM"
2.95276952585733,"CM"
2.27530247241043,"CM"
2.68995324424865,"CM"
2.94051324422806,"CM"
3.06043111353864,"CM"
3.07975279317498,"CM"
3.09207879895735,"CM"
3.04375348706554,"AM"
3.13588021810898,"CM"
2.85360053488441,"AM"
2.41210101160338,"CM"
2.07878624668797,"CM"
2.60897774837888,"CM"
3.32604173325384,"CM"
2.79995815528365,"CM"
2.08392919785134,"CM"
2.34982319305605,"CM"
3.14725483966429,"CM"
2.92155929920708,"CM"
3.14975645480614,"CM"
2.89930111462126,"CM"
2.93584771928361,"CM"
2.58470270379615,"CM"
2.93517229317967,"CM"
3.18061015216454,"CM"
3.0323870288295,"CM"
2.83773773351077,"CM"
3.10829209155496,"CM"
3.36946270779209,"CM"
2.54883148556353,"CM"
2.64945660461049,"CM"
2.10047720616711,"CM"
2.47481164587504,"CM"
2.98749726120978,"CM"
3.02308715340459,"CM"
3.09345555265597,"CM"
2.27341032068787,"CM"
3.07514410229229,"CM"
3.04111442583535,"CM"
2.40297706607697,"CM"
2.62649859274591,"CM"
3.08665095883865,"CM"
2.60359758136999,"CM"
2.95578703927999,"CM"
2.10595381636137,"CM"
2.8615819778043,"CM"
2.65269003944697,"AM"
3.04632274816188,"CM"
2.87763708245642,"AM"
2.08297342899747,"CM"
2.99064424437921,"CM"
3.07998471707618,"CM"
2.96746604410077,"CM"
3.0126876735329,"CM"
3.05641989667046,"CM"
3.07871351307351,"CM"
3.01553167563898,"CM"
1.77486510005406,"CM"
2.79510240114173,"CM"
2.87490682941963,"CM"
2.94413135537719,"CM"
3.04041284963809,"CM"
2.63845206053111,"CM"
2.83124568498054,"CM"
2.65285014470739,"CM"
2.70731563486369,"CM"
3.16704679213655,"AM"
2.94156367143693,"CM"
2.28716879997723,"CM"
3.16677744844379,"CM"
2.70448294560386,"CM"
2.64747562204782,"CM"
2.7093520720267,"CM"
2.90862112031127,"CM"
3.09721058249745,"CM"
2.68938883876566,"CM"
3.09016491404003,"CM"
2.97453510996618,"CM"
2.59442884906761,"CM"
3.00621374828331,"CM"
3.04745148192219,"AM"
3.12018255986365,"CM"
2.88480374639963,"AM"
3.10290128947327,"CM"
2.2239719528812,"AM"
1.74717397252016,"CM"
2.65098288465491,"CM"
2.30392443458669,"CM"
3.11885595124575,"CM"
3.15564996112224,"CM"
3.09246905769146,"CM"
2.90171026309979,"CM"
3.08267707484914,"CM"
2.1093034042143,"CM"
3.04939452227491,"CM"
2.93372170624414,"CM"
2.47039941887441,"AM"
2.69219239457226,"CM"
2.66704998047387,"CM"
3.09590892978732,"CM"
2.94512842823092,"CM"
2.67030164460063,"CM"
2.93040388898101,"CM"
2.98270865777836,"CM"
2.55587712119879,"CM"
2.10143567932306,"CM"
3.24060564528363,"CM"
1.93638128609186,"CM"
2.44243644135439,"CM"
3.0320489913377,"AM"
2.63440356084089,"AM"
3.1408453204005,"AM"
3.08629046038747,"AM"
2.9590567514481,"CM"
2.110740308442,"CM"
2.3279487333456,"CM"
3.09841422251832,"CM"
3.06688964627747,"CM"
3.1191017200546,"CM"
2.69325685899239,"CM"
2.91486974055937,"CM"
2.10286323237436,"CM"
3.08172143614266,"CM"
3.01775210128132,"AM"
2.51083288210509,"CM"
3.12881793582639,"AM"
3.02259235540825,"CM"
2.7033704968336,"CM"
2.84903469316841,"CM"
2.65426602103326,"CM"
2.43891666739254,"CM"
2.94575455177811,"CM"
2.97591533092999,"CM"
3.07880127503966,"CM"
2.43282854588384,"CM"
2.18989235134019,"CM"
2.8599182323761,"CM"
3.24376046809441,"CM"
2.19542720656156,"CM"
2.68716012221019,"CM"
2.72456492959686,"CM"
3.07301905422572,"CM"
2.91968512157107,"CM"
3.08135376051392,"CM"
2.25290657445476,"CM"
2.43733535683515,"CM"
3.03103287414108,"CM"
2.63518965827463,"CM"
3.02828851149425,"CM"
2.65054998892051,"CM"
3.07970682651632,"CM"
3.02108020232749,"CM"
3.03816738810162,"CM"
2.78586187441405,"CM"
3.29512390632168,"CM"
3.09343568797704,"AM"
3.01676066425819,"CM"
2.69560408950005,"AM"
3.1325515740599,"CM"
2.98648572044678,"CM"
2.3605344093522,"CM"
2.59060031978813,"CM"
1.93489100380733,"CM"
3.15195387809167,"CM"
2.26163226620024,"CM"
3.14758010515628,"CM"
2.49654038997302,"CM"
2.91513233396995,"CM"
2.41847325208005,"CM"
1.96047206807785,"CM"
2.95777262056758,"CM"
2.22093973529118,"CM"
3.08415646190525,"AM"
2.0062417098965,"CM"
2.76922427019066,"CM"
3.05223480650762,"CM"
1.98389226093237,"CM"
3.16806672698278,"CM"
3.0415728085442,"CM"
2.62428625189441,"CM"
3.04738675094515,"CM"
2.35338411253359,"AM"
2.87005253910875,"CM"
3.08248541592097,"CM"
3.07879649930824,"CM"
3.11878235735826,"AM"
2.93644888667799,"CM"
1.89277294456405,"CM"
3.00787609151627,"CM"
2.93058255798305,"CM"
2.3170159887764,"AM"
2.59394789479186,"CM"
2.7909072337193,"CM"
3.07497929083581,"AM"
2.8943129805469,"CM"
2.67140868451574,"AM"
2.71975253191482,"CM"
2.74039000759755,"AM"
2.20523690360557,"CM"
3.11971800159673,"AM"
2.62643168943513,"CM"
2.6590007187684,"CM"
2.90149695395581,"CM"
2.8092723666074,"CM"
2.68709121146741,"CM"
3.11371840821634,"CM"
3.26185778721639,"CM"
3.14245853542705,"CM"
2.41146061401849,"CM"
3.01710011618493,"CM"
3.08999648185564,"CM"
3.00319727226456,"CM"
3.10543294191583,"CM"
2.98263538178153,"CM"
2.51304815128618,"CM"
1.99653238583744,"AM"
3.11894263991945,"CM"
2.18228697880695,"AM"
2.94766638349213,"CM"
2.66843807742057,"CM"
3.02622561112371,"CM"
2.12926767389235,"CM"
2.96250714988402,"CM"
2.95348242008622,"CM"
3.07204994966792,"CM"
3.04718444396414,"CM"
2.67303849339205,"CM"
2.45241281669988,"CM"
2.73389426843792,"CM"
3.07983285185268,"CM"
2.63045870325518,"AM"
3.10240619178547,"CM"
3.08211312889387,"AM"
3.08503580707883,"CM"
3.11971074268303,"CM"
2.05094721562408,"CM"
2.08537635231569,"CM"
2.93609125906921,"CM"
2.85589023883916,"CM"
2.25156350208201,"CM"
2.65365024002117,"CM"
2.9792098805986,"CM"
1.9483302327601,"CM"
2.17424613696436,"CM"
2.72853642854149,"CM"
3.01162124631164,"CM"
3.03461866085855,"CM"
3.09170237638577,"AM"
2.43900258677223,"CM"
3.067742503328,"CM"
2.9645086376915,"CM"
2.90559757291666,"CM"
3.01424497727458,"CM"
2.96583769283376,"CM"
2.68451291462121,"CM"
2.39253324675836,"AM"
2.89119594237236,"AM"
3.09220971567145,"CM"
2.46458403616417,"CM"
3.09120161714752,"AM"
2.82211636719463,"CM"
1.82989160578894,"CM"
3.05915641997009,"AM"
2.99093634217361,"CM"
3.08289915586438,"CM"
3.09529878882318,"CM"
2.69344840040263,"CM"
2.19072040862124,"AM"
2.83882826599198,"CM"
2.82578267274897,"CM"
3.13334842944722,"CM"
2.65145421051507,"CM"
2.79883993245118,"CM"
3.02736418025151,"CM"
2.462022574517,"CM"
2.72903292536779,"CM"
3.17068608198564,"CM"
3.09916761764649,"CM"
2.68312098374228,"CM"
2.9083691095,"CM"
2.21380370194731,"CM"
2.18548616213855,"CM"
2.57973828874729,"CM"
3.13274232076473,"CM"
2.91242596214851,"CM"
2.90881956911831,"CM"
2.84941070325127,"CM"
2.73607906221635,"CM"
3.02769602848997,"CM"
2.34268420880867,"CM"
2.17707029138091,"CM"
2.97873017724849,"CM"
2.20501454177973,"CM"
2.94624250229029,"CM"
2.63106055827851,"CM"
3.05737875803605,"AM"
3.0652096443882,"CM"
3.12221262236455,"CM"
3.09230794954925,"CM"
2.18082296843711,"AM"
1.95604953880136,"CM"
1.94928328772714,"CM"
2.96499492168987,"CM"
2.82671307351199,"AM"
2.36508977038883,"CM"
1.72989854426807,"CM"
3.07940343566953,"CM"
3.05488408152249,"CM"
3.0907324696864,"CM"
2.43418343605537,"CM"
2.47600321494982,"AM"
2.68918275440662,"CM"
2.81467843145066,"CM"
3.02836315506727,"CM"
2.70393502642638,"CM"
2.08112235247176,"CM"
2.58253984772286,"CM"
2.25487732805373,"CM"
2.95532950125706,"CM"
2.29202696576048,"CM"
3.05816043040183,"CM"
3.24522607719852,"CM"
2.99256991099738,"CM"
2.70454843421075,"CM"
3.10878607932964,"CM"
2.13961580443193,"CM"
3.1399439499662,"CM"
3.06240048513747,"CM"
2.98519287409621,"AM"
3.11960688012322,"CM"
2.90595559555794,"CM"
2.4192115559682,"CM"
2.71314543017899,"CM"
3.14816301706234,"CM"
3.05432021834921,"CM"
2.96332341220423,"CM"
2.99524854349403,"CM"
2.46797027825666,"CM"
3.03215477095394,"CM"
2.03532187635184,"CM"
2.36132194925963,"CM"
2.46548761731151,"AM"
3.09303657991859,"CM"
3.03768714656434,"CM"
2.24663765724951,"CM"
1.89283876597758,"CM"
2.26339982466713,"CM"
2.44654299002242,"CM"
2.41319912330349,"CM"
3.26575050173248,"CM"
3.27872202505147,"CM"
2.93246604916896,"CM"
2.41370581003807,"AM"
3.16375432218564,"AM"
2.02824447352815,"CM"
3.04760185947652,"CM"
3.07795428114011,"CM"
3.02662027352389,"CM"
1.93887843250504,"CM"
3.08684311338103,"CM"
3.11360087725843,"CM"
3.11268538506645,"CM"
2.70336912470386,"CM"
2.17137374641563,"CM"
2.74436084171419,"CM"
2.88888058998934,"CM"
2.07883405311183,"CM"
2.35074613254129,"CM"
3.08798977059375,"CM"
2.93510443400014,"CM"
2.76299110942034,"CM"
3.06491063130746,"CM"
3.13364585015334,"CM"
2.71845604452373,"CM"
2.90098831485845,"CM"
2.09014889386744,"CM"
2.65907645976495,"CM"
2.71003312191003,"CM"
3.24598149330849,"CM"
3.07497923606989,"CM"
2.46785348802107,"AM"
3.20985594873044,"CM"
3.04977092500518,"CM"
2.9586440898686,"CM"
3.05405286213236,"CM"
2.72243843066177,"CM"
3.13014915131617,"CM"
3.02816916825552,"CM"
2.90274197586809,"CM"
3.01347782497363,"CM"
2.20330150722315,"CM"
2.67670602805438,"CM"
3.08518541649437,"CM"
3.11632763429895,"CM"
2.71073725864158,"CM"
2.63975120649433,"CM"
3.09624814859996,"CM"
3.04582663282286,"CM"
2.69745982309457,"AM"
2.15786741077915,"AM"
3.03342357918343,"CM"
2.94942137755849,"CM"
3.01847265695769,"CM"
3.11563835917973,"CM"
3.05919109750679,"CM"
3.0931113911326,"CM"
3.05595957456447,"CM"
2.66123782516769,"AM"
2.90928752500101,"CM"
2.36841539027396,"CM"
2.96144106513041,"CM"
3.09684759564699,"CM"
3.14746164812057,"CM"
2.7418491416425,"CM"
3.10221376964469,"CM"
2.46682356947536,"AM"
2.86124143220361,"CM"
2.8363600813007,"AM"
2.29789675556743,"CM"
2.44496986949263,"CM"
2.93518396720168,"CM"
3.12122920579135,"CM"
3.08060738042169,"AM"
2.48936280875777,"CM"
3.05092958113771,"CM"
2.26559701320896,"CM"
3.02274102561169,"CM"
2.83251083202705,"CM"
2.38002187185555,"CM"
2.98117583590463,"CM"
3.04810540862383,"CM"
2.52368825223641,"CM"
3.08716452427674,"CM"
2.96814851351341,"CM"
2.27280278247033,"CM"
3.00760525106211,"CM"
3.13854806025143,"CM"
2.81872117270473,"CM"
2.86034018846663,"CM"
2.86890877773233,"AM"
3.09278182104094,"CM"
2.83221636610689,"CM"
3.0824370335789,"CM"
2.73907326669416,"AM"
3.09799606315476,"CM"
3.13021869369743,"AM"
2.47520884137029,"CM"
2.45017312886372,"CM"
3.12524598710572,"CM"
2.18661631465796,"CM"
2.23242258743153,"CM"
2.94786708831527,"CM"
2.81858950650899,"CM"
2.92283854320828,"CM"
2.90388269481759,"AM"
3.13392005370108,"CM"
2.7393904916235,"AM"
3.07475606195933,"CM"
2.72709080855681,"AM"
2.17215832900018,"AM"
3.12010582917707,"CM"
3.05787798852661,"AM"
2.88799643727136,"CM"
3.12636253990904,"CM"
3.06600344942771,"CM"
2.64478153112135,"CM"
2.31614744816383,"CM"
2.17148511774881,"CM"
3.0583491238574,"CM"
2.86463084939111,"CM"
2.33001441864843,"AM"
3.00893114888555,"CM"
2.83262851103421,"CM"
3.11596747683705,"CM"
2.70373403542458,"AM"
2.70015873758852,"CM"
2.01015432046957,"AM"
2.91852000641505,"CM"
3.12050968557997,"CM"
2.99029000912921,"CM"
2.92545466535191,"CM"
1.80555223509084,"CM"
3.046912899896,"CM"
2.98474687189968,"CM"
3.09415940833653,"CM"
2.72095715398989,"CM"
3.10950970431278,"CM"
1.94338255027418,"AM"
2.31186240061399,"CM"
2.37299169508494,"CM"
2.66858325138199,"AM"
2.68314283376464,"CM"
2.66104458752952,"CM"
2.540866722223,"CM"
2.38460903481954,"CM"
2.62045341275358,"CM"
2.31752189626665,"CM"
2.38448521342129,"CM"
1.94644694281307,"CM"
3.0721270028243,"CM"
2.16971367577252,"CM"
3.0545820735283,"CM"
2.67063340394989,"AM"
2.02197909495121,"CM"
2.96406793587315,"CM"
1.99535219113753,"CM"
2.90571796785061,"CM"
3.18973233143395,"CM"
3.30458915400148,"CM"
3.32126176689497,"CM"
3.08505397089381,"CM"
2.6277893377568,"CM"
2.74218972163948,"CM"
2.98019329341789,"CM"
2.72941617174143,"CM"
2.89702433599656,"CM"
3.14825498018217,"AM"
2.97835242007863,"CM"
2.00590350016118,"CM"
2.85062859533795,"CM"
2.32018703473399,"CM"
3.04765280378304,"CM"
2.79705098046354,"CM"
3.10365563929787,"CM"
3.0784163912876,"CM"
3.14712107767191,"CM"
3.11380279007546,"CM"
2.65792613379094,"CM"
2.65717828617666,"CM"
3.12569147288492,"CM"
3.10201144634635,"CM"
2.64745694598383,"CM"
2.20595316907776,"CM"
2.7834500037336,"CM"
2.09352201684812,"CM"
1.95601311999447,"CM"
1.96399424087246,"CM"
3.02784269783455,"CM"
2.17459252519913,"AM"
3.07490164342835,"AM"
2.20740336011075,"AM"
3.10409798789865,"CM"
2.87371088466214,"CM"
2.93828843149838,"CM"
2.38344907785521,"CM"
1.91198544316668,"CM"
2.43758574662817,"CM"
2.14060277274745,"CM"
2.61340028696055,"AM"
3.10429054569379,"CM"
2.69625278623971,"CM"
3.09800958147698,"CM"
3.05391162664635,"CM"
3.09201282657062,"CM"
2.08066944578524,"CM"
3.05669379494537,"CM"
2.90234525866998,"CM"
3.04769269242134,"CM"
2.668872650324,"CM"
3.0902823976515,"CM"
3.07484845824577,"CM"
2.12534100290132,"CM"
2.51943638136591,"CM"
3.15866420284417,"CM"
3.0437123840875,"AM"
3.10737080290916,"CM"
2.67769871274274,"CM"
3.03277186491479,"CM"
3.03194409937174,"CM"
3.03808700758377,"CM"
2.85520240286753,"CM"
2.98685903411904,"AM"
2.37380925590461,"CM"
2.63058973867493,"CM"
3.04191149735713,"CM"
3.01398678325083,"CM"
2.51907014514033,"CM"
2.15866773291024,"CM"
1.9701935730719,"CM"
2.04566289133581,"CM"
2.9519974309453,"CM"
2.30800035647091,"CM"
3.10929345067083,"CM"
2.94210000642783,"CM"
3.15378038929409,"AM"
3.11741761713393,"CM"
3.06081158529606,"CM"
2.95002732468455,"CM"
2.96220164621728,"CM"
3.12275195441,"CM"
3.11444339449493,"CM"
2.90531297499848,"CM"
2.15691357460912,"CM"
3.05906769784584,"CM"
3.05100322149931,"CM"
3.10579425627251,"CM"
2.91456137675808,"CM"
3.02531046733679,"CM"
1.83444016163,"CM"
3.07540584346835,"AM"
3.03362194603251,"CM"
3.11411168946445,"CM"
3.12752310626268,"CM"
3.12033678462749,"CM"
2.61139913779999,"CM"
3.11830658513617,"AM"
2.42905267694635,"CM"
2.72386967308129,"AM"
2.6796092968443,"CM"
2.75139995017848,"CM"
3.10096976254301,"CM"
2.92714646051094,"CM"
3.00721588298585,"AM"
3.03907061451734,"CM"
3.01777332168556,"CM"
3.09301247796718,"CM"
1.64738655084554,"CM"
3.02901649552129,"CM"
2.49675172235824,"CM"
2.48040616296296,"CM"
2.81167689251616,"CM"
3.07411896272227,"CM"
2.62712695841714,"CM"
3.0373830599739,"CM"
2.86984014784595,"CM"
1.97927164964664,"CM"
3.07338484390828,"CM"
2.97154033259365,"CM"
2.6828918916307,"CM"
2.55997039200769,"CM"
2.19089761992529,"CM"
2.70294745106529,"AM"
2.40021519774181,"CM"
2.75346446099498,"CM"
2.68155127503825,"CM"
2.84485695720537,"CM"
3.00370784375,"CM"
3.14969647914917,"AM"
2.69744406286837,"CM"
2.61951037027654,"CM"
2.29811043349251,"CM"
2.8509325672008,"CM"
2.64488799136613,"CM"
2.35355492062732,"CM"
2.08980290189585,"CM"
3.10557948993655,"AM"
2.44064918956398,"CM"
2.98357244788097,"CM"
3.0702847382252,"CM"
2.77764913230726,"CM"
1.92520005026549,"CM"
2.80054204749591,"CM"
2.58469177037019,"AM"
2.98149750249342,"CM"
3.01582153391897,"CM"
2.7369781950739,"CM"
3.08468187090923,"CM"
1.74868269121619,"CM"
3.07868170529462,"CM"
3.10544998717918,"AM"
2.51059528039098,"CM"
2.29458727225313,"CM"
2.35981002076442,"CM"
2.93468460295407,"CM"
2.99739105041285,"CM"
2.4965880693601,"CM"
2.15254790078855,"AM"
2.42616037935359,"CM"
2.19977934654556,"CM"
2.96075174783669,"CM"
2.40471883027734,"CM"
3.08969017123767,"CM"
2.54691786214464,"CM"
1.75465427790481,"CM"
3.09922919474637,"CM"
2.67844368468454,"CM"
2.95576799625242,"CM"
2.92749230713974,"CM"
2.06789396915407,"CM"
2.98099696176754,"CM"
3.17241134551265,"CM"
2.09471383674267,"CM"
2.03004133398972,"CM"
2.61247056897464,"CM"
2.80424671780358,"CM"
3.07238913882184,"CM"
3.02549814073139,"AM"
1.90610731709697,"CM"
3.06901630531845,"AM"
3.11086729271211,"CM"
2.61743034451517,"AM"
2.88974065951773,"CM"
3.08174638191449,"CM"
3.01395658332719,"CM"
3.07435794615551,"CM"
2.93401934078361,"CM"
2.72594542786683,"AM"
2.80730265212979,"CM"
3.13462902975309,"CM"
2.6183857471757,"CM"
1.98182691880243,"CM"
2.32135389953546,"CM"
2.81353153414529,"CM"
3.04853451382116,"CM"
2.96308126932606,"CM"
3.01909272183492,"CM"
1.92075797196983,"CM"
2.10330281872491,"CM"
2.65655665348831,"CM"
2.59322270458977,"CM"
2.07501447104104,"CM"
3.14896905628336,"CM"
3.0486889502801,"CM"
3.14365582573003,"AM"
2.61822764627338,"CM"
2.37706172993224,"CM"
3.10840290475304,"CM"
3.08033718374582,"CM"
2.44621182991261,"CM"
2.11348104423229,"CM"
2.74946398754824,"CM"
2.08219431700336,"CM"
2.8052374066043,"AM"
2.93444308079235,"CM"
2.98948433389101,"CM"
3.04181030677524,"CM"
2.057797489636,"CM"
3.15541176456484,"CM"
3.02799928605035,"CM"
2.81531993969104,"CM"
2.45390730912104,"CM"
3.0643119195226,"CM"
2.09283800539783,"CM"
3.04591066600448,"CM"
3.13257514834351,"CM"
2.25864909274475,"CM"
3.11413902901623,"CM"
3.05670852248664,"CM"
2.81558056397864,"CM"
2.25516286331196,"CM"
3.17000228984818,"CM"
2.08310704160606,"CM"
3.05573899002093,"CM"
2.03898469005613,"CM"
2.61195162258128,"CM"
2.73682644697772,"CM"
2.59175139943225,"CM"
1.72698458663424,"CM"
3.0815735226638,"CM"
3.19228093807365,"CM"
2.35205079410223,"CM"
3.38628957380418,"CM"
3.00986209004624,"CM"
3.05444528808363,"CM"
2.94300298010459,"CM"
2.91170633054334,"CM"
3.00330649954786,"CM"
3.05726161893103,"AM"
3.04642978073215,"CM"
1.99666590111926,"CM"
2.80807884999075,"CM"
3.1067482673896,"CM"
2.44973490092036,"CM"
2.3417007395774,"CM"
1.96451609541896,"CM"
2.14393467844329,"CM"
3.00543358507829,"CM"
2.9844034873694,"CM"
2.94772724476012,"CM"
2.47180814281528,"CM"
3.04758370597036,"CM"
1.98131358919601,"CM"
2.7281976131285,"CM"
2.3437352796573,"CM"
3.10104892634974,"CM"
2.88389453899448,"CM"
3.36711544312241,"CM"
2.63289426639489,"CM"
2.25200651410975,"CM"
3.12089546405363,"CM"
2.73655397089684,"CM"
3.01268765019912,"CM"
3.05150498321913,"AM"
2.36239722230774,"CM"
2.95892502560508,"CM"
3.10621461061696,"CM"
2.61246725026608,"CM"
2.98091881992123,"CM"
2.84499904795385,"CM"
3.11603623559087,"CM"
2.50649112564601,"CM"
1.97902487075493,"CM"
2.04384264903891,"CM"
2.50343181308746,"CM"
2.93751404922721,"CM"
2.19566890356764,"CM"
3.12880318768127,"CM"
3.23032740752783,"CM"
2.21165316781428,"CM"
2.84343573890618,"CM"
2.20704954178106,"CM"
2.64208886102882,"CM"
2.90446263572041,"CM"
3.14602390412345,"AM"
2.47340964108034,"CM"
2.48715361188096,"CM"
3.24810555725006,"CM"
2.15830883431939,"AM"
2.22808842671833,"CM"
2.61588872819143,"CM"
3.03617373450578,"CM"
3.14217597570304,"AM"
3.05601108236906,"AM"
3.11789678060767,"CM"
1.98539863631741,"CM"
1.99870065276173,"CM"
2.69763926923339,"AM"
2.60678627007261,"CM"
3.05236662704371,"CM"
2.17966820665441,"CM"
2.73784475520484,"CM"
2.46361135677676,"CM"
2.73873119390597,"CM"
2.63406689319417,"CM"
2.71457619129363,"CM"
2.78393759456843,"CM"
2.66700504755124,"CM"
2.91824678532791,"CM"
2.82115307922007,"CM"
3.08153901500977,"CM"
2.64943426494249,"CM"
2.75307207177213,"CM"
2.44385084891109,"CM"
2.66312176544428,"CM"
3.09004153171465,"CM"
3.05612279770029,"CM"
2.66879414324928,"CM"
3.14837606470688,"CM"
2.92543976740357,"CM"
3.07826651569725,"AM"
2.64744937770201,"AM"
1.92286515403902,"CM"
3.04897004816591,"CM"
2.70246557660667,"CM"
2.94576037786642,"CM"
2.27810020035043,"CM"
2.59339574009572,"CM"
2.63158270345808,"CM"
2.78853956257643,"CM"
2.78637531228412,"CM"
3.12789929123727,"AM"
2.12331373465211,"CM"
2.96199685458331,"CM"
3.04566696097714,"CM"
2.15545180930087,"CM"
3.07637069867577,"CM"
2.34152871435283,"CM"
3.07852959811135,"CM"
2.98529167685989,"CM"
1.9176961682956,"CM"
2.61291474281724,"CM"
2.94611016525753,"CM"
2.6546240411125,"AM"
2.6924035166957,"CM"
2.18274017304298,"CM"
2.49035156462786,"CM"
2.24583985184307,"CM"
2.94987328014659,"CM"
2.20668086753179,"CM"
2.14358464309519,"CM"
3.11146352580479,"CM"
3.08553174812076,"CM"
2.62284498650168,"AM"
3.03456925259522,"CM"
2.2266980496456,"CM"
3.16432114835561,"CM"
3.07408131185503,"AM"
2.15275428264439,"CM"
3.17733204838705,"CM"
2.46236138960811,"CM"
1.99007267320521,"CM"
2.80038288176598,"CM"
2.65837070446487,"CM"
3.15272006534468,"CM"
2.92364273568976,"CM"
3.11166995443738,"CM"
2.96919217421369,"CM"
3.14098625479687,"CM"
2.70632754867646,"CM"
3.0815896109517,"CM"
2.42080747400429,"CM"
3.12924796655819,"CM"
2.8060188836264,"CM"
3.04164823582565,"CM"
3.09956353283823,"CM"
3.12441850955927,"CM"
3.01648531550671,"CM"
1.81139148888118,"CM"
2.32109652036545,"CM"
2.67857899941987,"CM"
2.71012770315795,"CM"
3.16956652689672,"CM"
3.17906007865702,"CM"
2.93489102028421,"CM"
2.71727592589908,"CM"
2.17449096752903,"CM"
3.08025434909253,"CM"
2.36920990292648,"CM"
3.02817234785829,"CM"
2.60445120154223,"CM"
2.58493383337949,"AM"
2.46313651639129,"CM"
2.36451619403095,"CM"
3.0599086419635,"CM"
3.01268762686535,"CM"
2.71125634314742,"CM"
2.34117494126257,"CM"
2.10794362368304,"CM"
2.25511404698731,"CM"
3.159697659871,"CM"
3.15244589402152,"CM"
2.34098434296913,"CM"
3.17926326168259,"CM"
2.65653269599077,"CM"
2.54378925144019,"CM"
2.89325220574975,"CM"
2.95146354125468,"CM"
2.51936908982488,"CM"
2.65115727466851,"CM"
3.12180893028233,"CM"
2.74313348886483,"CM"
2.18683761415592,"CM"
2.8885118554613,"CM"
2.89471195622774,"CM"
2.99218000064952,"CM"
2.58952072700443,"CM"
2.94883552414489,"CM"
3.00540245145485,"CM"
2.57828093674919,"CM"
2.92925669670434,"CM"
2.21934623425324,"CM"
2.68163815537485,"CM"
2.75446683663851,"CM"
3.11854726186687,"CM"
2.33674913973817,"CM"
2.88393042380639,"CM"
3.1358429163175,"AM"
2.63558400953888,"CM"
2.82937422117728,"CM"
2.16933283787966,"CM"
2.95314409921447,"CM"
2.69043692480219,"CM"
2.98412533719037,"CM"
2.97079850072213,"CM"
3.14062323011734,"AM"
3.13630863441737,"CM"
2.99002293578131,"CM"
2.92574656477098,"CM"
2.66403747333319,"AM"
2.22697802513135,"CM"
2.37140557699023,"CM"
2.96866412070693,"CM"
3.02779835406468,"CM"
2.98539749594109,"AM"
2.63092729971778,"CM"
3.10481662687952,"CM"
2.58008979069694,"CM"
3.12406441671203,"AM"
2.69166588163224,"CM"
2.86998742579987,"CM"
3.12042212906278,"CM"
2.95977541323629,"CM"
2.41438655324553,"CM"
2.03011229769877,"CM"
2.71413888311749,"CM"
2.30280707144408,"CM"
3.09149298384423,"CM"
3.11706475751662,"CM"
3.17036460486678,"CM"
3.12735001080541,"CM"
2.94468467539512,"CM"
2.93948255061896,"CM"
1.62667004458128,"CM"
2.89046977999769,"CM"
2.59842435953874,"CM"
2.02313588305588,"CM"
2.29619118681606,"CM"
3.01621093968416,"CM"
3.07441594421471,"AM"
2.74120685404764,"CM"
2.79243027872279,"CM"
2.34974830323811,"CM"
2.64445708227895,"CM"
2.91968993722679,"CM"
2.94088049509071,"CM"
2.59931947798282,"CM"
2.37169653302799,"CM"
2.83188770002771,"CM"
3.09061314807033,"CM"
3.12080289361887,"CM"
2.5992789850147,"CM"
3.11303395006254,"CM"
3.16438503180974,"CM"
2.9263554043685,"CM"
3.12321656663658,"CM"
3.07019122358193,"CM"
3.11212542847105,"CM"
2.12407572752629,"CM"
2.25103124920346,"CM"
3.05264703265727,"CM"
3.2909394453267,"CM"
2.71342928428972,"CM"
2.81709899957694,"CM"
3.07660145570094,"AM"
2.75946274294556,"CM"
3.17125027860208,"AM"
1.99671320068858,"CM"
2.52656633066109,"CM"
2.36996380687502,"CM"
2.33682218837545,"CM"
3.0977248881728,"CM"
2.79337517288548,"CM"
3.09289195672999,"CM"
3.02037237801576,"CM"
2.93727721487199,"CM"
3.01514115073907,"CM"
2.11509618038821,"CM"
2.38921452778137,"CM"
2.92745743036455,"CM"
3.04371903601709,"CM"
1.91724382162736,"CM"
2.6835719340637,"CM"
3.1926039356968,"CM"
2.44148248465917,"CM"
3.10020507698002,"CM"
2.12366475701347,"CM"
3.09104246265841,"CM"
2.54130890551206,"CM"
3.05328552417166,"CM"
2.27380628348117,"CM"
3.04259208088299,"CM"
2.32459342122456,"CM"
3.00775765825888,"CM"
3.13078310942163,"CM"
2.57164954186875,"CM"
3.15474437089104,"AM"
2.38902758575713,"CM"
2.63310477168399,"CM"
3.03819553935849,"CM"
2.43353478140004,"CM"
2.93332561037842,"CM"
2.37238756000267,"CM"
3.05884558012869,"CM"
2.98638617529003,"AM"
2.63267058925018,"CM"
2.80410787983895,"CM"
3.15429134310488,"CM"
3.13338608309021,"AM"
2.37476449233794,"CM"
2.49837034041152,"CM"
2.92786549480497,"CM"
2.12948644913632,"CM"
3.05148382651569,"CM"
2.99505931667691,"CM"
3.03862889887905,"CM"
2.95143867904528,"CM"
3.11705488129086,"AM"
2.73917524039291,"CM"
2.3881830109512,"CM"
2.34812363773723,"CM"
3.12452263993089,"AM"
3.12147309158009,"CM"
2.04674924662764,"CM"
2.38276728881973,"CM"
2.85560489099496,"CM"
2.58901516220622,"CM"
2.96297756078074,"CM"
3.14407591038276,"CM"
2.48609403656969,"CM"
3.13567317900641,"CM"
2.86068116022926,"CM"
2.94988129528122,"CM"
1.94970398745115,"CM"
2.90814717311593,"CM"
2.86689435162091,"CM"
2.47426249719378,"CM"
2.64954581197437,"CM"
2.66965305492236,"CM"
2.9323120970244,"CM"
3.05640214298733,"CM"
2.87934798018804,"CM"
2.06652740011357,"CM"
3.05571964464676,"AM"
2.98607921734003,"CM"
2.33655695874804,"CM"
2.22589611621575,"CM"
3.05648487705241,"AM"
2.71798723089735,"CM"
2.50281366645354,"CM"
3.13929942697228,"CM"
3.09200987915308,"CM"
3.10440545814421,"CM"
3.06904143760091,"CM"
2.22069484580529,"CM"
2.9732099855399,"CM"
2.93314631017617,"CM"
3.03875284342517,"CM"
2.80331595407113,"CM"
2.81916386058363,"CM"
2.04417882249659,"CM"
3.1225129888552,"CM"
3.08786353485627,"CM"
3.05252846123451,"CM"
2.90785726029264,"CM"
2.57190964849867,"CM"
2.91967985244263,"CM"
2.46648825742887,"CM"
3.12507791473081,"CM"
2.72850138072388,"AM"
2.86465578241956,"CM"
3.0879566069191,"CM"
2.3155486418926,"CM"
2.45673709739506,"AM"
3.13469560257694,"CM"
3.16703195575863,"CM"
2.03446938416164,"CM"
2.95309303496997,"CM"
2.92775786411126,"CM"
2.09851050221347,"CM"
3.1571879501094,"AM"
3.1706133820359,"CM"
2.31720110446141,"CM"
2.96193563966956,"CM"
1.93504681852147,"AM"
2.19246857249212,"CM"
2.87466498851737,"CM"
3.08969369274041,"CM"
2.98968572556376,"CM"
2.69633700185338,"CM"
2.44854441301451,"CM"
2.76488126271281,"CM"
3.10218159854693,"CM"
2.61253880839846,"CM"
3.09099017675755,"CM"
2.67911799287533,"CM"
2.62101519123818,"CM"
3.00212681035007,"CM"
3.19028295962396,"CM"
3.10240891379052,"CM"
3.10410148193636,"AM"
3.12049746481879,"CM"
3.01168994532471,"CM"
2.94778114094586,"CM"
2.45646719921257,"CM"
2.10652919072003,"CM"
3.04489284994125,"CM"
3.05777735979182,"CM"
2.21051539510131,"CM"
3.10231851101392,"CM"
3.15210202924374,"CM"
3.11510989280816,"CM"
2.41406747405393,"CM"
2.93189631413184,"CM"
3.02784395207734,"CM"
3.12345382175013,"CM"
2.90110413925229,"CM"
3.01153142943846,"CM"
2.33398253662138,"CM"
2.92954089391154,"CM"
2.67282235275415,"CM"
3.08895787265517,"CM"
2.91205357556073,"CM"
3.04677991692453,"CM"
3.14126003692022,"CM"
2.94276393477859,"CM"
3.05416622801141,"CM"
3.12457865355988,"CM"
2.90036476623619,"CM"
3.10392115626631,"CM"
2.5123994306856,"CM"
2.1972778168728,"CM"
3.24330967747062,"CM"
2.91815449055236,"CM"
2.09888016784834,"CM"
3.02931169865948,"CM"
2.55805604926513,"CM"
2.871084926845,"CM"
3.08342533915475,"AM"
2.66269763437083,"CM"
2.3149906906062,"CM"
3.00066585595818,"CM"
3.04387638085077,"CM"
3.04077623567628,"CM"
3.09214796383537,"CM"
3.09776722948451,"CM"
2.78994594222942,"CM"
2.9171849458734,"CM"
2.18203419568529,"CM"
2.61895872092768,"CM"
2.60509144666779,"CM"
2.03989196911927,"CM"
2.37970308989518,"CM"
3.20952926283352,"CM"
2.05036566805108,"CM"
2.71669976269961,"CM"
2.99029203726719,"CM"
3.06365244383211,"CM"
2.70954513301647,"CM"
3.05728265180923,"CM"
3.08551487468328,"CM"
3.14414116038559,"CM"
2.20359995931779,"CM"
3.09444726919648,"CM"
3.13392928181738,"CM"
2.00114829601934,"CM"
2.89418141573611,"CM"
2.79059188670718,"CM"
2.40529609056109,"CM"
3.10158075552372,"CM"
2.24613953550913,"CM"
2.5103917665836,"CM"
2.92940408741242,"CM"
3.1297269519456,"CM"
3.08663177482854,"AM"
2.98878068048205,"CM"
3.08914654855592,"CM"
2.92427268350209,"CM"
3.05072665843544,"CM"
1.64243578549485,"CM"
3.02396992880164,"CM"
3.17297767825433,"CM"
2.6554021951072,"CM"
2.75768311969422,"CM"
3.08078696997086,"CM"
2.1013702578991,"CM"
3.16742494348303,"CM"
3.07021821955326,"CM"
1.95353446669534,"CM"
2.09302105049194,"AM"
2.24242188493249,"CM"
3.12411502683098,"CM"
2.29026010566492,"CM"
2.87386391777211,"CM"
2.60313337270273,"CM"
1.72975605583755,"CM"
2.68797515162279,"CM"
2.95601009541858,"CM"
2.97104921099577,"CM"
2.3837848853522,"CM"
2.95745611094325,"CM"
3.09982716471626,"AM"
1.61220279911413,"CM"
3.09434021272037,"CM"
1.75319498872676,"CM"
2.48942469194073,"CM"
2.5888525054871,"CM"
2.14297935403456,"CM"
2.63568657788395,"CM"
2.68707371207704,"CM"
2.73634739119389,"CM"
3.11273612849685,"CM"
3.06270434453601,"CM"
2.15227821889912,"CM"
3.06443915999371,"CM"
3.08896913156834,"CM"
2.96653998473427,"CM"
3.06896019715471,"CM"
1.84611205878518,"CM"
2.54979666110216,"CM"
3.11063531591988,"CM"
2.8090314390906,"AM"
3.2163680455722,"CM"
2.84296363219424,"CM"
2.63354241912784,"CM"
2.30982626408804,"CM"
2.93045303889561,"CM"
1.9972386533265,"AM"
2.94716164307089,"CM"
2.28485194551599,"CM"
3.09671939210373,"CM"
2.92412227678068,"CM"
2.64612638362766,"CM"
2.62722629037488,"CM"
2.92016817426982,"CM"
2.66168188823474,"CM"
3.09342752901456,"CM"
2.29718238550922,"CM"
2.1430129069983,"CM"
2.96240329941172,"CM"
2.80798256681036,"CM"
2.9777953841452,"CM"
2.47916369381787,"CM"
2.42262671327268,"CM"
3.0818960111011,"AM"
2.89033753020071,"CM"
3.05492335669254,"AM"
2.59754612583499,"CM"
2.92260095315628,"CM"
2.28926562682691,"CM"
2.33042093594948,"CM"
2.91520406948107,"CM"
2.94387962393062,"CM"
3.12399355276541,"CM"
2.64381995513051,"CM"
2.48789082270116,"CM"
3.09295069108566,"CM"
2.3594330686372,"CM"
2.91393340558688,"CM"
2.88692704156671,"CM"
3.11426364149197,"CM"
3.08651414272368,"CM"
3.12442367895893,"CM"
2.76870809142713,"CM"
2.74260874269563,"CM"
2.70368881952972,"CM"
2.57729461959013,"CM"
2.50037770438405,"CM"
2.97182195970521,"CM"
3.03253279463017,"CM"
2.30444232464712,"CM"
2.3626759838874,"CM"
2.31655083574674,"CM"
3.06047467169412,"CM"
3.12150656604235,"CM"
2.97378543203169,"CM"
2.77849688131544,"CM"
2.96249160233131,"CM"
2.66786859838862,"CM"
1.80926260565269,"CM"
3.10698890999712,"CM"
2.91031743047201,"CM"
2.1667152634759,"CM"
2.28991193225812,"CM"
3.08457256232327,"CM"
2.63160757644596,"CM"
2.18716830402909,"CM"
3.12395912581059,"CM"
3.12168180780164,"CM"
3.11024703024862,"CM"
3.03869481371343,"AM"
2.08535816555146,"CM"
3.05645381685916,"CM"
2.41686511528864,"CM"
3.06201244737281,"CM"
3.19238412563997,"CM"
2.44900460816878,"CM"
2.82542791217251,"CM"
3.06320343919196,"CM"
2.97683104587824,"CM"
3.13643630556899,"CM"
2.36219451701731,"CM"
2.79698691410646,"CM"
2.37601813564712,"CM"
2.6903233391429,"CM"
2.58825882202812,"CM"
2.16416666275287,"CM"
3.05530974413036,"CM"
2.97799898972939,"CM"
3.04575651984716,"CM"
3.06893410675615,"CM"
3.04878114663133,"CM"
3.14396354923902,"CM"
3.09090175326124,"AM"
3.04534244625594,"CM"
2.92483027799649,"CM"
2.58729002413825,"CM"
3.07926149540469,"AM"
3.07797414305374,"CM"
2.66020631523258,"CM"
1.99800342255231,"CM"
2.33704629413034,"CM"
3.04225905696741,"AM"
2.88280737781061,"CM"
2.58350475166131,"CM"
3.13611175339649,"CM"
3.06076164351455,"CM"
3.08684873343822,"CM"
3.05133262877508,"CM"
2.69807444691478,"CM"
2.91955147552649,"CM"
2.95343053585485,"CM"
2.95486929643164,"CM"
3.07891780640223,"CM"
2.62588568447617,"CM"
2.75877967954138,"CM"
3.05848305008824,"CM"
3.05786234310494,"CM"
2.28236806952611,"CM"
3.0701069934437,"CM"
2.51138842166753,"CM"
2.59390476919821,"AM"
2.35091844868799,"CM"
2.3647242021242,"CM"
2.92396844678321,"CM"
2.67225047943561,"CM"
2.59038747469422,"CM"
2.94550037430095,"CM"
2.44882670900228,"CM"
3.03000371076401,"CM"
3.22096601361756,"CM"
2.88503933269182,"CM"
2.06186176922243,"CM"
2.66739356150365,"CM"
2.83313417437231,"AM"
2.18894000838851,"CM"
3.06771211064791,"CM"
2.36610716064991,"AM"
3.0673360859074,"CM"
3.08169910049425,"CM"
3.15349232963784,"CM"
3.10082379076693,"CM"
3.13594133740424,"CM"
2.95886391489684,"CM"
2.81694562765834,"CM"
2.95790885181445,"CM"
2.7035884131986,"CM"
3.07252180642261,"CM"
3.06240950599804,"CM"
2.91431704244514,"CM"
3.12213586894008,"CM"
3.02701420015361,"CM"
2.92659487814357,"CM"
3.08391892341765,"CM"
2.45178718219758,"CM"
2.96992878310588,"CM"
2.14029453392141,"CM"
1.97231172351931,"CM"
2.96635569211577,"CM"
3.07462650895077,"CM"
3.04975011900441,"CM"
2.38994971436479,"CM"
2.3905834494498,"CM"
2.35851484648321,"CM"
3.13779019023842,"CM"
2.69708181125428,"CM"
3.12117317735991,"CM"
2.68154265292642,"CM"
2.00214522853965,"CM"
2.36581073615334,"CM"
3.08415819169973,"CM"
2.77275466133294,"CM"
2.28056162984083,"CM"
2.27134367317216,"CM"
2.76760985493107,"CM"
3.07934946378594,"CM"
3.10472366918522,"AM"
3.07899726615441,"CM"
3.04203028679904,"CM"
3.08103216759612,"AM"
3.00084552735695,"CM"
2.8489902484688,"CM"
2.89734846468847,"AM"
2.35380860511429,"CM"
3.1440837755248,"CM"
3.07671729909452,"CM"
2.85791088816639,"CM"
2.92894920649133,"CM"
3.08396871529438,"AM"
3.12020023541425,"CM"
2.26575982819136,"CM"
2.81158051659439,"CM"
2.21380321961215,"CM"
2.66991979721855,"CM"
3.08911791619845,"CM"
2.31873677211859,"CM"
2.82123615570399,"AM"
3.07514011013769,"CM"
3.09593491551334,"CM"
2.24421493138112,"CM"
3.3201930104245,"CM"
2.20248137494901,"CM"
3.08771272133557,"CM"
3.06275535036746,"CM"
3.07220351798048,"CM"
3.02055700174788,"CM"
2.67842657787622,"CM"
3.03514395733069,"CM"
2.33269178876388,"CM"
2.56053666326829,"CM"
2.66792815639423,"CM"
2.93273360606942,"CM"
3.07596984362065,"CM"
2.29965270764843,"CM"
3.01182343099801,"CM"
2.16550952102764,"CM"
3.03657398699583,"CM"
3.13931329687434,"AM"
3.08101807280634,"CM"
2.64841395571923,"CM"
2.4715025112722,"CM"
3.06134955139574,"CM"
2.58516750154599,"CM"
3.0514297558763,"CM"
3.07243088592545,"AM"
2.4682513763082,"AM"
3.1614652367466,"CM"
3.13711407619301,"CM"
3.02556844798759,"CM"
2.559202606699,"CM"
3.05246055769216,"CM"
2.87386219831872,"CM"
3.21336034935898,"CM"
3.20448057334127,"CM"
2.00333867884893,"CM"
2.69182650918708,"CM"
3.06856875374484,"AM"
2.16750577369547,"CM"
2.70066677943762,"CM"
2.71060752427202,"CM"
2.77221518252559,"CM"
2.9403706158795,"CM"
2.39662262968888,"CM"
2.38726492340739,"CM"
2.99904645709372,"CM"
2.40884904136055,"CM"
3.10893436810649,"CM"
3.08704839801635,"CM"
2.36089127425136,"CM"
3.11138716597254,"CM"
2.28981576953698,"CM"
2.09208969063501,"CM"
2.97199823248891,"CM"
3.02823607563795,"CM"
3.08622819385013,"CM"
2.92409830869138,"CM"
2.01643802122773,"CM"
2.57012993635734,"CM"
2.18209978563382,"CM"
3.1382664644992,"CM"
2.91697031618523,"CM"
2.66390291331105,"CM"
3.05305233263395,"CM"
3.15246050714934,"CM"
3.0491090384147,"CM"
2.2233493691791,"CM"
2.98695561497454,"CM"
2.91717889816282,"CM"
2.97133133740805,"CM"
2.93055360846183,"CM"
2.65276865688079,"CM"
2.07172091836695,"CM"
3.19690546546122,"AM"
2.09781421139607,"CM"
3.00005210892414,"CM"
2.97831556992351,"CM"
3.07143843321295,"CM"
3.0038916718309,"CM"
2.3280357687453,"CM"
2.64751034979936,"CM"
3.09012832650079,"CM"
2.92949152841655,"CM"
3.09043596788225,"CM"
3.06957106011822,"CM"
3.06698657177316,"CM"
1.9803509952262,"CM"
3.08175773664817,"CM"
3.07239637650891,"AM"
3.11799946648996,"CM"
3.17489980681742,"CM"
1.96920056974643,"CM"
1.99750094473001,"CM"
2.10517167458826,"CM"
2.92807115373754,"CM"
3.05982323472562,"CM"
2.48587675426284,"CM"
3.09003033762789,"CM"
3.08970866497877,"CM"
2.35848126373377,"CM"
2.56433592675246,"CM"
2.09346417531352,"CM"
3.15394750937612,"CM"
3.1078494901083,"CM"
2.4332469578954,"CM"
2.76921262640874,"CM"
2.94171989022684,"CM"
2.55004269543076,"CM"
3.0722601056825,"CM"
2.6550148018363,"CM"
2.28861325288967,"CM"
2.91103989629304,"CM"
2.35209958204775,"CM"
1.93184760140169,"CM"
3.01049812157553,"CM"
3.04636653489077,"AM"
2.94265507245464,"CM"
3.02320405450544,"CM"
3.05965129534846,"AM"
2.90889182086694,"CM"
3.05734963771268,"CM"
2.69517110741328,"CM"
2.95460823016603,"CM"
1.95620598576055,"CM"
2.71894109496469,"CM"
2.66195439586211,"CM"
3.14237877997915,"CM"
2.6993635159532,"CM"
2.88346147880192,"CM"
2.93702056316881,"CM"
2.95027168836174,"CM"
3.10563227557865,"AM"
2.86579088106498,"CM"
2.27793593708495,"CM"
2.87511074189137,"CM"
2.67613451259782,"CM"
2.74683676164841,"CM"
3.01019299643618,"CM"
2.32315079280162,"CM"
2.62640393269088,"CM"
2.99188656028735,"CM"
2.32957434632485,"CM"
2.82497902493707,"CM"
2.95900007243336,"CM"
2.65311073923583,"CM"
2.31636338622066,"CM"
3.09858831954159,"CM"
2.69450749207799,"AM"
3.14805594416935,"CM"
2.89923693563022,"CM"
3.10969127941397,"AM"
2.71414246666254,"CM"
2.48034564314753,"CM"
2.12159213052949,"CM"
2.1959413287715,"CM"
2.52190427724182,"CM"
3.08094539691074,"CM"
2.894770675817,"CM"
2.50028694863359,"CM"
2.89736312545993,"CM"
2.23173986158916,"CM"
2.18503164939828,"CM"
2.26077762558934,"CM"
3.06140238696117,"CM"
2.23483691975334,"CM"
2.23358299390644,"CM"
2.88083725768055,"AM"
3.21227858755642,"CM"
2.26652409008347,"CM"
2.60816943656586,"AM"
2.94721291910742,"CM"
2.75157595180691,"CM"
3.10038610022781,"AM"
2.35809259728774,"CM"
3.06877044038978,"CM"
3.0221097724391,"CM"
2.93698464608206,"CM"
3.1138521293443,"AM"
2.75747463864096,"CM"
3.16662556344626,"CM"
3.02298655884607,"CM"
3.04795389443058,"CM"
2.65256116140398,"CM"
2.61748199201858,"CM"
2.9441422538644,"CM"
2.43634356580337,"CM"
3.02229695357437,"CM"
2.50605402849298,"CM"
2.96943435618368,"CM"
2.94804450582847,"CM"
2.2403167552246,"CM"
3.07512230299317,"AM"
3.08160645956311,"CM"
2.93028270070386,"CM"
3.07595025151057,"CM"
3.00470076447152,"CM"
3.09227210048221,"CM"
2.40787498105647,"CM"
2.85967801364932,"CM"
3.05745901174463,"AM"
3.04087642504751,"CM"
3.08238032556344,"CM"
2.92418882195083,"CM"
2.96546048309894,"CM"
3.04984485106057,"CM"
2.60145489027762,"CM"
3.1224458056179,"CM"
2.66474982755466,"CM"
3.1312773059836,"CM"
1.883827503691,"CM"
3.10558224139209,"AM"
3.13961793688522,"CM"
3.03644502501655,"CM"
3.16583099795485,"CM"
3.03583367979268,"CM"
2.94103044792784,"CM"
2.02960791306718,"CM"
2.31329441657699,"CM"
2.14760691103435,"CM"
2.29408470712378,"CM"
2.11850562968848,"CM"
3.09203779728014,"CM"
2.95549516686363,"CM"
2.54918676116612,"CM"
2.89480221360638,"CM"
2.7819359634661,"CM"
2.78815648641139,"CM"
3.07414746976795,"CM"
2.62006750062956,"CM"
2.08204478167047,"CM"
2.66816042756203,"CM"
2.93736026709903,"CM"
3.11799901276986,"CM"
3.02937396837445,"CM"
2.8917429358845,"CM"
2.09546706559668,"CM"
2.90107045094578,"CM"
2.97412533046092,"CM"
2.8961189510619,"CM"
1.89722149571979,"CM"
2.95952817838206,"CM"
2.71909507619404,"CM"
3.14691544160679,"AM"
2.68629188158141,"AM"
2.9090344724252,"CM"
2.92032983656015,"CM"
2.96701759382366,"CM"
3.04877396023541,"CM"
2.45769637745694,"CM"
2.60719254083056,"CM"
2.66779334381785,"CM"
2.25608814262058,"CM"
3.0778118353966,"CM"
3.00638781671554,"CM"
2.86671662368685,"CM"
3.012058085604,"CM"
2.62738172328907,"AM"
3.16124532683106,"CM"
3.12364034052591,"CM"
3.20453289053722,"CM"
2.48255829666233,"AM"
3.07117154146726,"CM"
3.0950788444997,"CM"
2.65979990628887,"CM"
2.55011158339151,"CM"
1.75266955502809,"CM"
3.15899845711633,"CM"
2.71686754171032,"CM"
2.74663502857176,"CM"
3.07260805886877,"CM"
2.74477810572518,"CM"
2.99974536916448,"CM"
2.72854555180042,"CM"
1.6236340252543,"CM"
2.91981965521136,"CM"
2.01744064910322,"CM"
2.70365556469267,"CM"
2.67040164791695,"CM"
2.43422291234252,"CM"
2.96788120745726,"CM"
2.95396776257567,"CM"
2.92861269490007,"CM"
2.63211056344253,"CM"
2.96827907933973,"CM"
1.81236995769118,"CM"
2.87959112861145,"CM"
3.14000704784562,"CM"
3.02973041145762,"CM"
2.98627076576116,"CM"
3.00722364827045,"AM"
3.12812709885174,"AM"
3.12595362346581,"CM"
2.74651218233293,"CM"
2.21332791620543,"CM"
3.05302480153503,"CM"
3.09264588990876,"CM"
3.09288288803667,"CM"
3.07568493798039,"AM"
3.11435155727196,"CM"
2.77567843628895,"CM"
2.30042324838904,"CM"
2.32276400522118,"CM"
2.95573981440115,"CM"
2.31797344507052,"CM"
2.18960165303124,"AM"
2.21772801692504,"CM"
2.90381660568077,"CM"
2.84741036989546,"CM"
3.08572608303981,"CM"
3.0804581802438,"CM"
3.18944799521707,"AM"
1.96642929073428,"CM"
2.66257195213498,"CM"
2.63408324423925,"CM"
2.71526028032516,"AM"
2.42333101848531,"CM"
2.80961194484828,"CM"
2.93389938630689,"CM"
2.68308178940403,"CM"
3.15879023711815,"CM"
1.91072833474698,"CM"
3.09526720740762,"CM"
2.9294329075182,"CM"
2.48015553446873,"AM"
2.4518373421284,"CM"
3.1416078100931,"CM"
3.0969060425364,"CM"
3.09342065443668,"AM"
3.12128195571471,"CM"
3.1163982219088,"CM"
2.22589034474199,"AM"
3.05982272551201,"AM"
2.7691261746055,"CM"
2.91510300875528,"CM"
2.15283146745258,"AM"
3.13671751382602,"CM"
3.20617946343626,"AM"
3.07098670658755,"CM"
3.090494837816,"CM"
3.09843396882456,"CM"
1.9862604347262,"CM"
2.07937551345968,"CM"
2.6037244059933,"CM"
2.62584910432847,"CM"
2.95388553226759,"CM"
2.08431596269928,"CM"
3.1243539463957,"CM"
2.23709206831257,"CM"
2.8700953754531,"CM"
3.08855956312697,"AM"
2.41380406494963,"CM"
2.98799037071359,"CM"
2.77222756712347,"CM"
2.58041636366397,"CM"
2.72326164540322,"CM"
2.9181302075627,"CM"
2.58912122060092,"CM"
3.0159356145962,"CM"
2.54215266824709,"CM"
3.14043523606732,"CM"
2.99896885741855,"AM"
2.20178500640092,"CM"
3.16377133889858,"CM"
2.84542801366157,"AM"
2.47613832947424,"CM"
2.62678843032304,"CM"
2.62624508837421,"CM"
3.09261880976877,"CM"
3.07477369333576,"CM"
2.75711442052857,"CM"
2.32696859474391,"CM"
3.02200416709429,"CM"
3.0465732148141,"CM"
3.17089375692939,"CM"
3.10562204186474,"CM"
2.66273094880328,"CM"
3.02091654591032,"CM"
2.42805571650414,"CM"
2.77803914001657,"CM"
2.42641594726942,"CM"
2.22399036443668,"CM"
2.57525301115307,"CM"
3.10645686067551,"CM"
3.06746430668302,"CM"
3.15303445611766,"CM"
2.81417848356505,"CM"
2.94124016281811,"CM"
3.06278149224573,"CM"
2.94825386862062,"CM"
3.06779588095468,"CM"
2.46610981988934,"CM"
2.19465010807056,"CM"
3.00805595859761,"CM"
2.88849553422796,"CM"
2.92251499802933,"CM"
2.32191335897041,"CM"
2.7223910664034,"CM"
3.15373659513335,"CM"
2.98015349957771,"CM"
2.71029085880915,"CM"
3.01576326369363,"CM"
2.70869820390541,"CM"
2.6684311152134,"CM"
2.3673546588618,"CM"
2.94526831616413,"CM"
2.71270521667935,"CM"
2.99373823113896,"CM"
2.76601108629723,"CM"
2.94547282456916,"CM"
2.49922563244389,"CM"
2.15753300595139,"CM"
2.27752167468817,"AM"
2.29329250397482,"CM"
3.08072745348668,"CM"
2.93563641959967,"CM"
2.51708720101664,"CM"
3.10533786401091,"CM"
3.05786549172014,"CM"
2.58510261633363,"CM"
3.07081983472253,"CM"
2.42860022866902,"CM"
2.81379883008742,"CM"
3.05085166920655,"CM"
2.52241482779659,"CM"
3.12184576526676,"CM"
3.00524770071584,"CM"
2.11500949866546,"CM"
2.38735701732873,"CM"
2.94243940891305,"CM"
2.11116811957695,"CM"
2.89698006584467,"CM"
2.953747911489,"CM"
2.97356277083317,"CM"
2.5650301447946,"CM"
3.05634432064964,"CM"
2.92167241708884,"CM"
3.119252921109,"AM"
3.078577926705,"AM"
1.97886386339649,"CM"
3.18960956594708,"CM"
2.98109682944065,"CM"
2.21446141703673,"CM"
2.95612851354968,"CM"
2.88082837114814,"CM"
3.11423572520679,"AM"
2.21799946496423,"CM"
2.73852974806567,"CM"
3.14333086161708,"AM"
2.36166533896012,"CM"
2.73466885358473,"CM"
2.1489567659153,"CM"
2.92030906277558,"CM"
3.03365919225112,"AM"
2.49461953386765,"CM"
3.09930081191278,"CM"
3.14747276318149,"CM"
3.06289101702874,"CM"
3.12633664191844,"CM"
1.91750183525562,"CM"
2.15645933353195,"CM"
2.64025378679926,"CM"
2.69532898541056,"CM"
3.10072022743155,"CM"
2.84841782668359,"CM"
3.09279118157282,"AM"
2.73063540507211,"CM"
2.33900381538003,"CM"
2.95569485201893,"CM"
2.59458822277608,"CM"
2.08567498658774,"CM"
2.95388259561761,"CM"
2.00222861275726,"CM"
2.93091167827107,"AM"
3.08636258770974,"CM"
2.59916155359239,"CM"
2.98861306704156,"CM"
3.07813250938568,"AM"
2.93671941482041,"CM"
3.09454240824928,"CM"
2.48761132923299,"CM"
2.93126544558192,"AM"
2.50040789208686,"CM"
3.10397348561969,"CM"
2.69885135177524,"CM"
3.07464734248162,"AM"
2.64923243242534,"CM"
2.69846706707282,"CM"
2.29475905654261,"CM"
2.94184042961534,"CM"
2.87698339875229,"CM"
2.65748680191132,"AM"
2.94095193767064,"CM"
2.91399876044235,"CM"
3.05267904393736,"CM"
1.99084311875918,"CM"
3.08802643229225,"CM"
3.02173787523355,"CM"
3.06559348546746,"CM"
2.02172593910649,"CM"
2.27850249764481,"CM"
3.03901640258621,"CM"
3.08447482629174,"CM"
3.04385002238298,"CM"
2.38627792493826,"CM"
2.35437892228189,"CM"
3.16684645100984,"CM"
2.66721631394624,"AM"
3.16065849121594,"CM"
3.14799981023216,"CM"
2.08869586026504,"CM"
2.98517073095712,"CM"
3.05910970151438,"CM"
2.87289557130821,"CM"
2.45418468575928,"CM"
2.94338852660991,"CM"
2.70196158620907,"CM"
2.59153346053136,"CM"
3.13845376223916,"CM"
3.13026782247986,"CM"
3.06927576466136,"AM"
3.07571804131569,"AM"
1.8520531013318,"CM"
2.76344365502144,"CM"
2.56776744989643,"CM"
2.61850716450674,"CM"
2.65920399110906,"AM"
3.07833515323384,"CM"
3.14914280799089,"AM"
3.12495793626184,"AM"
2.74492090046904,"CM"
2.73045890033099,"CM"
2.63582008921686,"CM"
3.08161538783703,"CM"
2.29221761216818,"CM"
2.3213856685264,"CM"
2.34920866190016,"CM"
2.00159995757067,"CM"
2.91596400250062,"CM"
2.49024991591491,"CM"
2.98378805352589,"CM"
2.03019931915357,"CM"
2.92021280054341,"CM"
3.09440216762165,"CM"
3.06947719672051,"CM"
3.00150592776268,"CM"
3.07708921018835,"CM"
2.53183984611032,"CM"
3.04436952276463,"CM"
3.07427896275835,"CM"
3.10457691782438,"CM"
2.95938218018941,"CM"
2.60882497451362,"CM"
1.80723707343181,"CM"
3.09121425179975,"CM"
2.92204056352213,"CM"
3.08428666575029,"CM"
2.94068616420927,"CM"
2.63460051626585,"CM"
3.10017813094402,"CM"
3.11104393900726,"CM"
2.86194207846636,"CM"
3.07860327203972,"AM"
2.4724631179439,"CM"
2.7189644109,"CM"
2.30195253874841,"CM"
3.02152043964275,"CM"
2.82268255203048,"CM"
2.49109281527467,"AM"
2.93757152690351,"CM"
3.10134152547,"CM"
2.79347709715598,"CM"
2.52165369784667,"CM"
2.07048840734589,"CM"
2.92059583519617,"CM"
3.08451604300212,"AM"
2.64986346691132,"CM"
3.10446449548855,"CM"
3.05553349073537,"CM"
2.97137570955362,"CM"
2.32040500421767,"CM"
2.22344461741888,"CM"
3.09833194893436,"CM"
2.7127910570476,"CM"
2.71785449541917,"CM"
2.9685533840046,"CM"
1.75729773598262,"CM"
3.04896731321669,"CM"
2.66771338952892,"CM"
2.26451073697992,"CM"
2.76973043325219,"CM"
2.05545583329719,"CM"
2.15236193404121,"CM"
2.32173541798417,"CM"
2.93817317565586,"CM"
3.09663231268891,"CM"
3.11088481329686,"CM"
3.00903663675926,"AM"
1.9933037996186,"CM"
2.94717966921593,"CM"
2.69324125518982,"CM"
3.10742428763968,"CM"
3.19194543042164,"AM"
3.17104781211998,"AM"
2.18230562819825,"CM"
2.89508769462224,"CM"
1.72082576845391,"CM"
3.11488932804162,"CM"
3.06359139670207,"AM"
2.68032262024874,"CM"
3.04130690233818,"CM"
2.92915217773714,"AM"
3.14219482587244,"CM"
2.0676459552262,"AM"
2.95429554518945,"CM"
2.70203215352276,"CM"
2.7303663562809,"CM"
3.00702479624277,"CM"
2.9045324523522,"CM"
2.65824253611235,"CM"
2.97832944030602,"CM"
3.11963418196431,"CM"
3.03968706986936,"CM"
2.85800738654458,"CM"
3.24029795383092,"CM"
3.1288673757397,"CM"
1.77933269060539,"CM"
3.08798073562429,"CM"
1.82084915029671,"CM"
2.64107157521532,"CM"
3.09897922228265,"CM"
3.05304617097743,"CM"
3.06803111699078,"AM"
2.65424239995855,"CM"
2.33911943455338,"CM"
2.48441067370511,"CM"
2.84982466328536,"CM"
2.35412426427299,"CM"
3.07006161978412,"CM"
2.66685976828718,"CM"
3.07913150269024,"CM"
2.95394493740219,"CM"
2.61651000541377,"CM"
1.83677838793011,"CM"
2.61364256471468,"CM"
2.87789961224529,"AM"
2.62741158015704,"CM"
3.10187288583142,"AM"
2.89957844827327,"CM"
2.51694352766059,"CM"
2.46955925421406,"CM"
3.09613963425735,"AM"
2.98820206435236,"CM"
3.18141511300576,"CM"
3.08340236744065,"CM"
2.23213777672827,"CM"
2.95884315736281,"CM"
3.09569476948953,"CM"
3.09537675107656,"AM"
3.05152953767138,"CM"
2.62274360075729,"CM"
2.38899541834723,"AM"
3.06464055455985,"CM"
2.24958659927719,"CM"
3.03082351321618,"AM"
3.058420658322,"CM"
2.27143276684709,"CM"
2.70400266709649,"CM"
3.11211606525056,"CM"
3.15939174864521,"CM"
3.07406380867469,"AM"
3.12215462980767,"CM"
3.09988895491479,"CM"
3.13634958765283,"CM"
2.32742234477954,"CM"
2.67954227663299,"CM"
3.12256396640846,"AM"
2.87932286108087,"CM"
2.718468080733,"CM"
2.8216227512919,"CM"
3.07440690702745,"CM"
3.10025424285481,"CM"
3.11368719390176,"CM"
1.95130334013216,"CM"
2.41281851892189,"CM"
2.98522709865402,"CM"
2.98396553629336,"CM"
2.78401506560022,"CM"
3.09476737974857,"CM"
2.63899285272984,"CM"
3.04007884608839,"AM"
3.17229628944593,"CM"
2.69526637286646,"CM"
2.99416175151237,"CM"
2.94625052508631,"CM"
2.44844063879209,"CM"
2.23595847418202,"CM"
2.40046085642911,"CM"
2.16409796059751,"CM"
2.3183836601105,"CM"
3.0865121835712,"CM"
2.40799744360138,"CM"
2.8453474382799,"CM"
2.33840625729885,"CM"
3.07183530731696,"CM"
1.93330619142246,"CM"
2.32409095759718,"CM"
1.90744602030816,"CM"
2.95999756938363,"CM"
2.9261402610665,"CM"
2.50625641812404,"CM"
3.02164214826082,"CM"
3.05572559298716,"CM"
2.67304426624073,"CM"
3.08439081246761,"AM"
2.38291802553386,"CM"
3.09952061369609,"CM"
3.04521258608216,"CM"
3.4549517937834,"CM"
1.84795586542609,"CM"
2.05652018189577,"CM"
2.63760790757023,"CM"
3.11302031896966,"CM"
2.71370572517942,"CM"
2.69278935856986,"CM"
3.31416520189775,"CM"
3.08617803467717,"CM"
2.90058800585369,"CM"
2.62717648681119,"CM"
2.7378424943522,"AM"
2.23045021599702,"CM"
2.58432804007992,"CM"
2.94801387585694,"CM"
3.07491763005301,"CM"
2.62259780395114,"CM"
3.05082180849649,"CM"
2.41695897417552,"CM"
2.9255692786552,"CM"
2.44221826254874,"CM"
3.06486084217669,"CM"
1.96832403668282,"CM"
2.94073564068578,"AM"
2.52307089231071,"CM"
3.09226712462555,"CM"
2.43411784576362,"CM"
2.3518652548857,"CM"
2.91082611019882,"CM"
3.1218363015865,"CM"
3.04283381058368,"CM"
3.01303008714643,"CM"
2.77821105368894,"AM"
3.06878189208045,"CM"
2.05155937676491,"CM"
3.1849170906544,"CM"
2.9612521111744,"CM"
2.83952544091326,"CM"
3.1577807235251,"CM"
3.10041126694346,"CM"
2.21164518807077,"CM"
2.70095487665671,"CM"
3.09341934563518,"AM"
2.60420952762641,"CM"
2.92584580021332,"CM"
2.34538968829179,"CM"
2.96977854281572,"CM"
2.61564550737136,"AM"
2.7485995173694,"CM"
3.21055220896734,"CM"
3.50240007842881,"CM"
2.10206116950046,"CM"
3.06456496232413,"CM"
3.00699925161803,"CM"
2.31921529223907,"CM"
3.17388213178115,"CM"
2.82132683188331,"CM"
2.46949313635096,"CM"
2.64254513438981,"CM"
2.16238736111785,"CM"
2.83378440768927,"CM"
2.00026210465572,"CM"
3.15709769206555,"CM"
2.42529225879965,"CM"
2.93887941181184,"CM"
3.1033378845518,"CM"
2.99696578436384,"CM"
2.89843455175695,"CM"
2.95879714207676,"CM"
2.8826388407141,"CM"
3.29364443075802,"CM"
3.29082759570191,"CM"
2.74159387122452,"CM"
2.96896430174226,"AM"
1.63992261203111,"CM"
2.33068800810359,"CM"
3.086618459174,"CM"
2.60319110018523,"AM"
2.01181222222913,"CM"
3.03654151004085,"CM"
3.07075404087077,"CM"
2.65656018861357,"AM"
2.98136142908847,"CM"
2.72591392776779,"CM"
3.15267218746793,"CM"
3.10237156348666,"CM"
2.93835909307103,"CM"
3.09499321133297,"CM"
2.23365753396461,"CM"
2.50451272007326,"CM"
3.06383563011066,"AM"
2.90848138497808,"CM"
3.12891476398042,"CM"
3.02080479329474,"CM"
3.10779043056321,"CM"
3.108020066039,"CM"
2.16482978702956,"CM"
3.00341004100764,"CM"
2.46984262168641,"CM"
2.70399098890398,"CM"
2.94837973418087,"CM"
2.06629366398636,"CM"
3.12180543603038,"AM"
2.68015427960526,"CM"
3.06918513578829,"CM"
3.05647406554205,"AM"
2.07457544324045,"CM"
2.0793234795163,"CM"
2.80109187320883,"CM"
3.09835033537827,"CM"
2.93523551759617,"CM"
3.11002785341431,"AM"
3.09766818773359,"CM"
3.06562533769207,"CM"
2.18103864394002,"CM"
1.9664169721469,"CM"
2.43704984131785,"CM"
3.09152272719231,"AM"
2.60398038283624,"CM"
2.50156328469218,"CM"
2.78959162796851,"CM"
3.07211738485146,"CM"
3.07263213160992,"CM"
2.68194584565149,"CM"
2.55600845300576,"CM"
3.13017884008091,"CM"
3.09310181031894,"CM"
2.58947507165264,"CM"
2.76437458955731,"CM"
2.23477568779274,"CM"
2.36381511839049,"CM"
3.01502931812671,"CM"
3.04088344883684,"CM"
3.01538267089079,"CM"
3.2332629538397,"CM"
2.71710732609353,"CM"
2.68537971058688,"CM"
3.07410762582057,"CM"
2.95256825356631,"CM"
1.96342510650704,"CM"
3.10783470996596,"AM"
3.09594094751627,"CM"
2.15666122164051,"CM"
3.19220246072797,"CM"
2.92239014413596,"CM"
3.18474733727536,"CM"
2.9480949227358,"CM"
3.02247549358339,"CM"
2.75116274814897,"CM"
2.03211026570641,"CM"
3.14431716360252,"CM"
3.07380766072609,"CM"
2.0316632919652,"CM"
2.51623683343544,"CM"
2.61403832058557,"CM"
2.88548595060053,"CM"
3.04801611473971,"CM"
3.09312131686376,"CM"
2.95789644915865,"CM"
3.07469586534503,"CM"
3.06094736345217,"CM"
3.10066640343165,"CM"
3.09293372636809,"CM"
1.95099491395261,"CM"
3.06928108227636,"CM"
3.05772983475859,"CM"
2.67158800367351,"CM"
2.5160972008317,"CM"
2.19176910349138,"CM"
3.0494430884527,"CM"
2.60964922528172,"CM"
2.47894790212212,"CM"
2.68931701261062,"CM"
2.97203333382297,"CM"
3.07315855200834,"CM"
3.17131183891395,"CM"
2.9446055105618,"CM"
2.21517312857464,"CM"
3.05241159679651,"CM"
2.33268601403308,"CM"
3.05944669088087,"CM"
2.92284344854163,"CM"
2.23856012040443,"CM"
2.91544552819927,"CM"
3.09900852807043,"CM"
2.32472706247729,"CM"
2.98855826421992,"CM"
3.02979666656006,"CM"
3.13475923032326,"CM"
2.87636665447179,"CM"
3.0260321043586,"CM"
2.26812269728556,"CM"
3.0722070117081,"CM"
2.78308983151498,"CM"
3.11257494686277,"CM"
3.08512146817294,"CM"
3.07354921119801,"CM"
2.93062789672711,"CM"
2.77523539486725,"CM"
3.01388287979027,"CM"
3.01102715333773,"CM"
3.12174608154334,"CM"
2.68310505216695,"AM"
2.56637498031995,"CM"
3.08097318705577,"CM"
2.9807947748928,"CM"
3.04574792585377,"CM"
2.93121995936222,"CM"
3.12116732838308,"CM"
2.69894465680218,"CM"
2.14761254655022,"AM"
3.0434761686039,"CM"
2.03379961738636,"CM"
2.87692655783752,"CM"
3.0706309345685,"CM"
3.10326599411452,"CM"
2.6068646408722,"CM"
2.96700000168729,"AM"
2.96637934494344,"CM"
2.32085520736254,"CM"
3.09056244194516,"CM"
2.88433914926404,"CM"
2.33999677158547,"CM"
3.1281938470232,"CM"
3.0720857836877,"AM"
3.08387617194093,"AM"
2.9879023995383,"CM"
2.26145313987938,"CM"
2.93546198493227,"CM"
2.97512460530424,"CM"
2.61671112163351,"CM"
2.42898714404176,"CM"
2.09493150486382,"CM"
3.08543748703094,"CM"
2.3944459365598,"CM"
1.96383944481611,"CM"
2.22971334349192,"CM"
2.16218068487094,"CM"
2.97412681924637,"CM"
3.08206448093451,"AM"
3.12009043574957,"CM"
2.90999590190742,"AM"
2.92384710744408,"CM"
3.09494598180866,"CM"
2.98501611167928,"CM"
3.08749677876733,"AM"
2.93711631616188,"CM"
2.91793909098887,"CM"
3.12751765525456,"CM"
2.98492844946705,"CM"
2.6542146774559,"CM"
2.98919956006246,"CM"
2.22287752482429,"CM"
3.07857321884171,"CM"
2.5099228362032,"CM"
2.157356705914,"CM"
1.90152159000646,"CM"
2.39868135361582,"CM"
2.54841278336067,"CM"
2.85322485139804,"CM"
1.96945315405639,"CM"
2.93295652934698,"CM"
3.19358424317019,"CM"
2.49978940411391,"CM"
2.51451647415519,"CM"
2.71005908960128,"CM"
2.32174012887861,"CM"
2.23153142215654,"CM"
2.89479589279826,"CM"
3.29245186570752,"CM"
2.9317656116275,"CM"
2.55080111017477,"CM"
2.72697150316488,"CM"
2.38920774993825,"CM"
2.73647752967476,"CM"
2.96100667035038,"AM"
3.03923035915518,"CM"
3.00340920468968,"AM"
3.1067702225477,"CM"
2.85742215696892,"CM"
2.75501386855254,"CM"
2.65030166774469,"CM"
3.05751459447272,"CM"
2.68275188182666,"AM"
2.97696850762083,"CM"
3.11628717569601,"CM"
2.97732322819807,"CM"
2.77966835073464,"CM"
2.95052703399032,"CM"
3.10154458701106,"CM"
2.91519081377862,"CM"
3.08260157016377,"CM"
2.44682230832718,"CM"
2.59860426468505,"CM"
3.12867027571627,"CM"
2.15236248031061,"CM"
3.13136516116895,"CM"
3.00545514726554,"CM"
2.96978754979305,"CM"
2.69366280851014,"CM"
3.08114595666054,"CM"
2.71478510096067,"CM"
2.67385445176839,"AM"
3.28119066969218,"CM"
3.07120354680294,"CM"
3.07929040078521,"CM"
3.07058142859122,"AM"
2.73528976777964,"CM"
2.12386658487665,"CM"
2.80901465839215,"CM"
2.63945991388886,"CM"
2.63802500238208,"CM"
2.09035980807569,"CM"
2.64878544884783,"CM"
2.99755516407669,"CM"
2.25385993143199,"CM"
2.24126830299442,"CM"
1.76000979284192,"CM"
2.86324130125799,"CM"
2.92050039448025,"CM"
3.11886028869746,"CM"
2.30332401781776,"CM"
2.77066863768586,"CM"
2.58152872978219,"CM"
2.20319043626594,"CM"
2.93909760177616,"CM"
3.05359783590303,"CM"
3.11883213372003,"CM"
3.08601865419706,"AM"
2.55863239368656,"CM"
1.97511424004031,"CM"
2.98404274245006,"CM"
2.26933315782939,"CM"
2.4923200623448,"CM"
2.15853394141871,"CM"
3.08337064397664,"CM"
2.92519802283346,"CM"
3.08776763728436,"CM"
3.18096601689143,"CM"
3.15725313241408,"CM"
2.99744471177544,"CM"
3.01493890982619,"AM"
3.12129855294881,"CM"
2.97864397746412,"CM"
3.13050634432683,"CM"
3.00493557103034,"CM"
1.9138925603824,"CM"
3.13097113945064,"CM"
3.09322083628786,"CM"
1.8819834216202,"CM"
2.67431011336089,"CM"
2.40819635342424,"CM"
2.90794849689297,"CM"
2.29223347258867,"CM"
2.63145077200736,"CM"
2.28798421176109,"CM"
2.44654850273207,"CM"
2.10074590762521,"CM"
2.60059926573562,"CM"
2.60714656192462,"CM"
3.09433622936421,"CM"
3.15277257247139,"CM"
2.62159298188293,"CM"
2.42851657033449,"CM"
3.1154853538298,"CM"
2.58373441445209,"CM"
2.2407983132939,"CM"
2.93734683236032,"CM"
2.19649851908169,"CM"
2.92462581466028,"CM"
3.07208679253015,"CM"
2.51071091156393,"CM"
2.19988555767046,"CM"
1.98816996932482,"CM"
2.43414067853039,"CM"
2.18534452584446,"CM"
3.02719341400214,"CM"
2.97452366526991,"CM"
2.70544959646488,"AM"
2.62440785720171,"CM"
3.18019663936569,"CM"
2.47173494783311,"CM"
3.12759289188405,"AM"
2.20098687759753,"CM"
2.0986593170478,"CM"
2.96368886660915,"CM"
2.05779746630223,"CM"
3.05927117053303,"CM"
2.6752640564943,"CM"
2.69800790058745,"CM"
3.08017907999489,"CM"
2.8283968694402,"CM"
2.42807192499275,"CM"
2.94819763854659,"CM"
2.01399370103763,"CM"
2.59745467334885,"CM"
2.93340361407772,"CM"
2.39111646589979,"CM"
2.36160881383816,"CM"
2.91805579852648,"CM"
3.11111617425561,"CM"
2.40361802409423,"AM"
2.70226438883993,"CM"
2.7595309182049,"CM"
2.22838837606218,"CM"
2.39316110652282,"CM"
2.6497941655208,"CM"
2.35861370698078,"CM"
2.93399701725675,"CM"
3.14345919046052,"CM"
2.67345975351631,"CM"
2.91213518693957,"CM"
2.63963329503547,"CM"
2.71999196035264,"CM"
2.82476808544927,"CM"
2.59166494933494,"CM"
2.36844576599834,"CM"
3.07269399030903,"CM"
2.54983890380523,"CM"
1.91934509355818,"CM"
2.44693912960248,"CM"
3.10408767834633,"CM"
3.11066681629166,"CM"
3.08478171021209,"CM"
2.16222148732731,"CM"
2.60835514798748,"CM"
3.02561971727601,"CM"
3.09290857139116,"CM"
2.7055332059566,"CM"
3.0647784590673,"CM"
2.83907538527016,"CM"
3.04895609268274,"CM"
2.38476799143308,"AM"
3.04123134126832,"CM"
3.0698751060372,"CM"
2.32787723585363,"CM"
2.88253213157528,"CM"
2.82136788110496,"CM"
2.4275686973804,"CM"
3.07485929087686,"CM"
3.08345772494091,"CM"
1.90809715138729,"CM"
3.11996656096783,"CM"
3.03265100965694,"CM"
2.01718535626249,"CM"
2.91500452448732,"AM"
2.73743192158243,"CM"
2.99719019886114,"CM"
3.0724821099067,"AM"
2.48860982446053,"CM"
2.97172425707609,"CM"
2.25742800764798,"CM"
2.62359754510673,"CM"
2.48451938546621,"CM"
2.82914891907421,"AM"
2.28566229365401,"CM"
2.64247432711762,"CM"
3.06128918518725,"CM"
2.94271631693265,"CM"
2.89992026938014,"CM"
2.63907920881794,"CM"
3.06555999026594,"CM"
2.91652747927715,"CM"
2.40196066018193,"CM"
2.65654522257786,"CM"
2.98054714315554,"CM"
2.4262724195271,"CM"
3.08161524560128,"CM"
2.64912722673153,"AM"
1.62048862257047,"CM"
3.13565639925741,"AM"
2.95091545998801,"CM"
2.3090334578358,"CM"
2.75675984757771,"CM"
2.66952506348402,"CM"
2.66930972919318,"CM"
3.16381459246675,"AM"
2.01438839255697,"CM"
3.07766824001028,"CM"
3.02625689005601,"CM"
2.55531843119154,"CM"
2.73069000478275,"CM"
2.83414996467876,"CM"
3.11655651028786,"CM"
2.65802036938014,"CM"
2.29433931640339,"CM"
2.95433969038403,"CM"
2.24250926054601,"CM"
2.82265095516811,"CM"
2.73816655490461,"CM"
2.8950490056448,"CM"
3.11440785808298,"AM"
2.27976820287872,"CM"
2.80727248953482,"CM"
2.87919499483485,"CM"
2.34976551889025,"CM"
2.97001048428808,"AM"
2.75535715423536,"CM"
3.08025831156998,"CM"
2.10683732663535,"CM"
2.29267535202227,"CM"
1.92082348706627,"CM"
3.09213640795803,"CM"
3.11395992797098,"CM"
3.10195587876602,"CM"
2.91885456399747,"CM"
2.68872585680759,"CM"
2.54813055686334,"AM"
3.0888484869938,"CM"
2.16213896904264,"CM"
2.25381677088875,"AM"
2.83739613490369,"CM"
2.89381564593319,"AM"
3.06069818889885,"CM"
2.6378448681719,"CM"
1.45928675405863,"CM"
2.4149131377195,"CM"
2.68411908327666,"CM"
3.08529959945188,"CM"
3.00444384858499,"CM"
2.44757025447203,"CM"
3.07826018829757,"CM"
3.03836893432544,"CM"
2.1802750035782,"CM"
2.92684012148667,"CM"
2.37881962020385,"CM"
2.81639301900002,"CM"
3.13687456721189,"CM"
2.97551458747455,"CM"
1.95070184319709,"CM"
3.02527962436902,"CM"
3.01803910354528,"AM"
2.24315387589067,"CM"
3.04633600223158,"AM"
3.07813579731267,"AM"
2.4222919768906,"CM"
2.13197077466712,"CM"
2.17883737135432,"CM"
3.0722441928481,"AM"
3.0023795937448,"CM"
1.96218703889668,"CM"
2.04836136565305,"CM"
2.59497444829658,"CM"
2.96796325127644,"CM"
3.17742249846626,"CM"
2.92200733958727,"CM"
2.06873001737163,"CM"
2.35525283676334,"CM"
3.06462364073023,"CM"
3.12371463001247,"CM"
2.681988118605,"CM"
2.93489044875168,"CM"
2.68702886873757,"CM"
3.02327960139641,"CM"
1.99645360318505,"CM"
2.31520806738737,"CM"
2.38378931211261,"CM"
2.46371056997363,"CM"
3.09500497025716,"CM"
2.79048530968997,"CM"
2.64925857507179,"CM"
2.04212866951879,"CM"
3.05152195510433,"CM"
3.06038094793671,"CM"
3.14761227247711,"AM"
2.03370446241226,"CM"
2.66995561027559,"AM"
2.53578302854761,"CM"
2.56425852413024,"CM"
3.06329178856858,"AM"
3.16234358871044,"CM"
3.04848608205455,"CM"
3.06954993247466,"CM"
2.08588872916655,"AM"
2.58781162903648,"CM"
2.25207798631763,"CM"
2.52056577071908,"CM"
3.05177858576974,"CM"
2.23997294222938,"CM"
2.37023317504499,"CM"
2.09592163466808,"CM"
2.53104876434645,"CM"
2.64542519582724,"CM"
2.28704037500055,"CM"
2.67572158900788,"CM"
3.2222808378761,"CM"
3.15017134870855,"AM"
2.98478652711971,"CM"
3.12190376260493,"CM"
3.08585750895078,"CM"
3.09296198184054,"CM"
2.67869521146884,"CM"
2.59787477616904,"CM"
2.25367681898489,"CM"
3.13181517275189,"CM"
2.9885494944426,"CM"
3.08175971176834,"CM"
2.45048449351627,"CM"
2.71708531151725,"CM"
3.01241151372469,"CM"
1.99236767274533,"AM"
2.70171869602095,"CM"
2.70555093267072,"CM"
3.09527648546963,"CM"
2.95267059705684,"CM"
2.20382220193512,"CM"
1.91165958070737,"CM"
2.50513239921711,"CM"
2.6611034377762,"CM"
2.70309918328134,"CM"
3.05195357046609,"CM"
3.14205538462247,"AM"
2.8454985893371,"CM"
2.34569749961236,"CM"
2.73409112781088,"CM"
3.0356930341713,"AM"
2.92397612661003,"CM"
3.01452381574606,"CM"
2.31925740470417,"CM"
3.02375892107032,"CM"
3.07707625464768,"CM"
2.73403541119965,"CM"
2.58358306563982,"AM"
2.5920227697813,"CM"
2.22453589030555,"AM"
3.03554289019264,"CM"
2.06678070131936,"CM"
3.2223551885066,"CM"
3.07809317488383,"CM"
3.19182393561024,"CM"
2.95882131323577,"CM"
3.11925321832088,"CM"
2.80436433433501,"CM"
3.02780480406031,"CM"
2.90113838551023,"CM"
2.4413616933966,"CM"
2.46182471436223,"CM"
2.7257042078281,"CM"
3.04560087835697,"CM"
3.09335093191316,"AM"
2.1668377982679,"CM"
2.91089178221398,"CM"
2.16217589698807,"CM"
3.06668710304269,"CM"
2.39209698187383,"CM"
2.81087870093196,"CM"
2.28446921309737,"CM"
2.72578122246496,"CM"
3.08549950903444,"CM"
3.0661119913613,"CM"
3.0582361047237,"AM"
3.10352138905552,"AM"
2.45729561563724,"CM"
2.07001994905587,"CM"
3.09879110497385,"CM"
2.63881276493912,"CM"
3.11373634105495,"CM"
3.09870875246641,"CM"
3.07817387548194,"CM"
3.17494949433105,"CM"
2.94362206425148,"CM"
3.07408043653086,"CM"
2.93476109149275,"CM"
3.01240355130713,"CM"
3.14207320624511,"CM"
2.09552407509731,"CM"
2.17493512127836,"CM"
3.06619814922019,"CM"
1.99285495595281,"CM"
3.06088514462217,"AM"
3.05975831087438,"CM"
3.14759149066504,"CM"
2.10635212333268,"CM"
2.88213701681764,"CM"
2.8204265785471,"CM"
2.94179955639123,"CM"
2.2563844095937,"CM"
3.07316971977313,"CM"
2.48508481194717,"CM"
2.76098113254234,"CM"
3.0449113294275,"CM"
2.26412244887576,"CM"
2.92404183241405,"CM"
2.61477122942153,"CM"
2.33445435234028,"CM"
3.10888351958939,"CM"
3.047705000554,"CM"
2.32227880627905,"CM"
2.67007986825543,"AM"
2.42383027495786,"CM"
2.28830856491465,"CM"
3.05702266057449,"CM"
2.55835189991003,"CM"
2.65519883754602,"CM"
3.04369572770739,"CM"
2.80662727788817,"AM"
2.35908710748962,"CM"
2.66901436192896,"CM"
3.16247718185344,"CM"
3.04589343745388,"CM"
3.13848064097237,"CM"
3.07582996159793,"CM"
2.70401415287999,"CM"
3.09417582172043,"CM"
3.07123135700424,"CM"
3.0461608003758,"CM"
3.01718629523139,"CM"
3.12060721941637,"CM"
2.58445452091926,"CM"
2.9756358601847,"CM"
2.82531737513664,"CM"
3.08211757758842,"CM"
2.69601694840001,"AM"
2.97451900075784,"CM"
2.38515116286265,"CM"
2.54524439012961,"CM"
2.81522800558855,"CM"
3.11167244472634,"CM"
3.09904539250908,"CM"
2.10125354813444,"CM"
3.21432560404372,"CM"
3.08214267686641,"CM"
2.70308664428589,"CM"
3.10135064641731,"CM"
3.09265955522905,"CM"
2.38278170356525,"CM"
2.22365788083796,"CM"
2.04803024270299,"AM"
3.10168069337121,"CM"
3.07407914423524,"AM"
2.71997696733762,"AM"
2.73318833282922,"CM"
3.05726432020149,"CM"
3.01471153247165,"CM"
3.03243823827104,"AM"
2.86088981864389,"CM"
2.96919250456851,"CM"
2.5731667415205,"CM"
2.67446137475259,"CM"
2.07521022527928,"CM"
2.11627624371096,"CM"
2.18926517211603,"CM"
2.93929432076585,"CM"
2.98905616201555,"CM"
2.90873912272261,"CM"
3.08445700373822,"CM"
2.03520157432039,"CM"
3.08532722896382,"CM"
2.21187569559653,"CM"
2.76001836020898,"CM"
3.18497820118397,"CM"
2.93816465124113,"CM"
2.04789660052757,"CM"
2.70881931907536,"CM"
2.71124759644941,"CM"
2.13158275153109,"CM"
2.58920381860356,"CM"
3.12296861297976,"CM"
2.68279204976029,"CM"
3.05378866577607,"CM"
3.0482527219837,"AM"
3.08556655807297,"CM"
3.13808016877645,"AM"
2.49635802427415,"CM"
2.7105298512364,"AM"
3.05537322531193,"CM"
3.10982606609756,"CM"
3.01441006205024,"CM"
2.65202412144922,"CM"
2.53559611950913,"CM"
2.67427220613771,"CM"
2.36897506945671,"CM"
3.09174967301404,"CM"
2.9125349389289,"CM"
2.90390038288493,"CM"
2.70784265458117,"CM"
2.21251338949655,"CM"
2.82927054070432,"CM"
3.09647079559852,"CM"
2.92663637464101,"CM"
2.43276172686501,"CM"
2.97967396170924,"CM"
2.68247715165905,"CM"
2.7525243351491,"CM"
3.03626802644459,"CM"
3.1002891980057,"CM"
2.26878058671728,"CM"
2.41237384215906,"CM"
2.92049484859584,"CM"
3.13925278447462,"CM"
2.44941753305522,"CM"
1.92948178651999,"CM"
2.7192890416942,"CM"
3.04586201026238,"CM"
2.62261580868561,"CM"
2.51062013370726,"CM"
3.20762060260346,"CM"
3.02954673883596,"CM"
2.99895280922767,"CM"
2.62235261528072,"AM"
2.20967474107887,"CM"
3.08546643021119,"CM"
3.10343101707505,"CM"
2.68433170351007,"CM"
3.05794568212698,"CM"
3.02940962383531,"CM"
2.97176834654175,"CM"
2.37920156720668,"CM"
2.51717069191827,"AM"
2.4632822467222,"CM"
3.05452047202629,"CM"
2.80975642331095,"CM"
3.09208334821056,"CM"
3.10585976885739,"CM"
2.93407364987138,"CM"
3.08646461276899,"CM"
2.9865943983058,"CM"
2.21680157566894,"CM"
2.66579349516603,"CM"
2.16185683438635,"CM"
3.13391216929569,"CM"
2.97494735240658,"CM"
2.91962826764102,"CM"
3.06814121760199,"CM"
2.49601311397514,"CM"
2.94294429820214,"CM"
3.04771377626008,"CM"
1.9052867518822,"CM"
3.11345039468646,"CM"
2.71546971888692,"CM"
2.74889278212387,"CM"
3.20543800259849,"CM"
2.44988668212329,"CM"
2.4296912873308,"CM"
2.92140934609655,"CM"
3.05935119667822,"AM"
3.07856786562031,"CM"
3.24785480909094,"CM"
3.06905584567314,"CM"
2.79327305902239,"CM"
2.95418706882106,"CM"
2.55738062474503,"CM"
3.02141799950512,"CM"
3.05218716469715,"AM"
2.93948360424304,"CM"
2.73638471163312,"CM"
1.83233199725307,"CM"
3.06095216077084,"CM"
3.00894459025013,"CM"
2.6154107650977,"CM"
2.96163511171203,"CM"
2.6767223404608,"CM"
2.89905468435507,"CM"
2.40851688546897,"CM"
3.07492648911058,"CM"
3.1642638380971,"AM"
2.75911200790168,"CM"
2.59580259177172,"CM"
2.1931228360609,"CM"
2.93839362145524,"CM"
2.45063857439135,"CM"
2.82463525561314,"CM"
2.69763543039049,"AM"
2.56598485055745,"CM"
3.02831172107885,"CM"
2.74601344919824,"CM"
2.5596991316401,"AM"
2.91489609593387,"CM"
2.78166775342554,"CM"
2.74513455971769,"CM"
2.5493623642979,"CM"
2.58714176580122,"CM"
3.0658936386446,"CM"
2.68777479313029,"CM"
2.94823609135847,"CM"
3.10175183908842,"CM"
2.86008796191114,"CM"
3.00794449276267,"CM"
2.30747108559716,"CM"
2.72424603615807,"CM"
3.08247145705587,"CM"
2.63629592189424,"CM"
3.07914794160749,"CM"
2.37420259270443,"CM"
2.10243520691168,"CM"
2.92968279274291,"CM"
3.05147006129126,"CM"
2.96562433372512,"CM"
2.60966922779759,"CM"
2.71918464636307,"CM"
2.54257008506354,"CM"
2.4775472203602,"CM"
3.08507792972227,"CM"
3.09601141210006,"CM"
2.82363894351312,"CM"
1.97376781511292,"CM"
1.70297384580774,"CM"
2.48838976855929,"CM"
3.11574679660376,"CM"
2.00524162674481,"CM"
2.37848697444733,"CM"
2.67872415027739,"AM"
3.06965653458212,"CM"
1.92722185629684,"CM"
2.65599465892501,"CM"
2.31558771372025,"CM"
3.10112745059029,"CM"
2.68965528396634,"CM"
2.45516898472305,"CM"
3.10676375056649,"CM"
2.81679465782008,"CM"
2.2074620440062,"CM"
2.41337841555651,"CM"
3.06313251475644,"CM"
3.02440456857958,"CM"
2.6451253410775,"CM"
3.09370507056436,"CM"
2.58195346624015,"AM"
2.77376662828733,"CM"
3.09453676554535,"CM"
2.23401933659355,"CM"
2.25984421721765,"CM"
3.16957461052275,"CM"
2.06710323629754,"CM"
2.91648241786713,"CM"
3.0760327239016,"CM"
3.08411007635908,"CM"
3.0755908021997,"CM"
3.13264908068098,"CM"
3.0210386419405,"CM"
2.27523301537765,"CM"
2.46388827631858,"CM"
3.02072763265718,"CM"
2.66147512674588,"CM"
2.91984299700853,"CM"
3.07935725672107,"CM"
3.08852961373377,"CM"
3.13169039423989,"CM"
2.14764621605497,"CM"
3.00678230198866,"CM"
2.86163608963359,"AM"
2.20978861972821,"AM"
3.0259474366519,"CM"
3.10755440876709,"CM"
2.78754008162371,"CM"
3.0580419521201,"CM"
2.80468454256869,"CM"
1.70633139321853,"CM"
2.95376130968721,"CM"
2.41522766974599,"CM"
2.44994362363571,"CM"
3.07439919170398,"CM"
2.96505714445984,"CM"
3.10958847263261,"CM"
2.95199841012177,"CM"
2.88150502886407,"CM"
2.92633400468907,"CM"
2.33488927751973,"CM"
2.58412330126382,"CM"
3.14171484869816,"CM"
2.56028408966611,"CM"
2.39058886568893,"CM"
3.120332561029,"CM"
3.14464499060302,"CM"
3.05459914428856,"CM"
2.59748493098351,"CM"
2.96084863939926,"CM"
2.4242706002552,"CM"
2.10620333178664,"AM"
2.08816242483231,"CM"
3.10893028141345,"CM"
3.04836727804721,"CM"
3.12656691515082,"CM"
2.79932291055295,"CM"
2.24880229498654,"CM"
2.95068959975981,"CM"
2.98196065963546,"AM"
2.54341801128324,"CM"
2.62793299766786,"CM"
2.40918958438472,"CM"
3.09436292228046,"AM"
2.58258912743603,"AM"
2.65351130695046,"CM"
2.67894469391032,"CM"
2.92927726457633,"CM"
2.76489967498621,"CM"
2.9868822496958,"CM"
3.0856866864662,"CM"
3.12854601209083,"CM"
2.00629089628147,"CM"
3.05964055890805,"CM"
3.11812319442114,"CM"
2.22887636433841,"CM"
2.60833716655002,"CM"
2.97198324941728,"CM"
2.19033987714664,"CM"
3.06818871081676,"CM"
1.97319198805215,"CM"
3.05647246102956,"CM"
2.66804417227864,"CM"
2.94596099652352,"CM"
2.97869863967353,"CM"
3.00161830129969,"CM"
2.94212132091803,"CM"
2.08824747553183,"CM"
3.0514406335701,"CM"
3.1300975565134,"CM"
2.22403429125399,"CM"
3.04914496565603,"CM"
1.98192734034876,"CM"
3.05434321169871,"CM"
3.08756326363643,"CM"
2.38526438003455,"CM"
3.06818283106153,"CM"
3.0499520720441,"CM"
2.26480834313397,"CM"
2.50131517860278,"CM"
3.07367246881613,"AM"
3.05241245348437,"CM"
2.95521013875136,"CM"
2.41445934640843,"CM"
2.91278575331204,"CM"
2.19920725542277,"CM"
3.10626718684883,"CM"
3.10586583080689,"CM"
2.35328290252185,"CM"
3.07530332198071,"AM"
3.05707501612613,"CM"
3.05420591829446,"CM"
2.96921658465873,"CM"
3.10603206369134,"CM"
3.12065750710024,"CM"
2.41414748360008,"CM"
3.21164462824045,"CM"
1.81134158373007,"CM"
3.04785947668476,"CM"
2.37974687848457,"CM"
3.09640743320883,"AM"
2.94900850396964,"CM"
3.05691762658639,"CM"
2.33712016907537,"CM"
2.69606579313133,"AM"
2.64720803412116,"CM"
3.11185848901603,"CM"
3.04609091470979,"CM"
1.95030252998902,"CM"
2.93231655849678,"CM"
2.65663709055873,"CM"
2.6723535089022,"CM"
2.93061045418898,"CM"
2.65770787047879,"AM"
2.31735287727214,"CM"
2.95432293242572,"CM"
3.18117289862259,"CM"
2.62880142374216,"CM"
2.29048931615406,"CM"
2.90120684320836,"CM"
3.2805422582854,"CM"
3.04386222626589,"CM"
2.2207424044922,"CM"
2.70314036556481,"CM"
3.11070798731647,"CM"
2.76847261385762,"AM"
2.9448425536178,"CM"
3.10556779302006,"CM"
3.11188391251022,"CM"
2.77058958752205,"CM"
2.73435601869381,"CM"
3.01082530685524,"CM"
2.1865826223571,"CM"
3.13505984205946,"CM"
2.27623889490289,"CM"
2.62871364720057,"CM"
3.07804235709779,"CM"
2.90571654385185,"CM"
2.13822978129254,"CM"
3.1748345723828,"AM"
2.98645830797835,"CM"
3.13290202752152,"AM"
2.92754307848181,"CM"
3.0537630250803,"CM"
2.23304370199949,"CM"
2.95631437263884,"CM"
3.09592479775753,"CM"
2.1969329286128,"CM"
3.07043991131869,"CM"
2.24870230869104,"AM"
3.02006366169911,"AM"
2.46238836949615,"CM"
3.04802794612195,"AM"
1.97862010294934,"CM"
3.0765646629229,"CM"
2.48718180442055,"AM"
3.1211175147634,"CM"
3.11189954802344,"CM"
3.34789060525213,"CM"
2.89952544003195,"CM"
2.40163420877074,"CM"
2.65638736994205,"CM"
3.11333374061936,"CM"
3.06234490792605,"CM"
2.18999421806362,"CM"
3.12115607349773,"CM"
2.62596692301949,"AM"
2.58989772659166,"CM"
2.69459636230544,"CM"
2.1054860774982,"CM"
3.19876378972405,"CM"
3.03465524953522,"CM"
2.70689832268032,"CM"
2.42381911973157,"CM"
2.53463573451417,"CM"
3.07774701632469,"AM"
2.49095133006566,"AM"
3.05672789199587,"CM"
2.33113621372046,"CM"
3.1627160120453,"CM"
1.27697959138539,"CM"
2.61142914048901,"CM"
3.22246077714954,"CM"
2.20987991961661,"CM"
3.02905658317497,"CM"
3.10347059523404,"CM"
3.09199157467177,"CM"
2.45272708668683,"CM"
2.17887024693014,"CM"
3.11102052344345,"CM"
3.06145045002577,"CM"
2.92962797512352,"CM"
2.88060029450082,"CM"
2.59664787656941,"CM"
3.15343587081064,"AM"
3.10751730529809,"CM"
2.62119256509807,"CM"
2.45500142493407,"CM"
3.08283620607386,"CM"
2.90927625025101,"CM"
2.27668364244495,"CM"
3.01027360316495,"CM"
2.72549083156469,"CM"
3.10836284600159,"CM"
2.71865598756283,"CM"
3.27649640808306,"CM"
3.15930300111027,"CM"
2.98232030767638,"CM"
2.16811023346562,"CM"
3.10443167166932,"CM"
2.94477481947546,"CM"
3.11964597153795,"CM"
2.62424903595076,"CM"
2.96168787415437,"CM"
3.0893199921358,"CM"
2.59507569968012,"CM"
1.71269248167288,"CM"
2.55151337077772,"CM"
2.97722623932397,"CM"
2.11666461886996,"CM"
2.37767844111521,"CM"
3.06636841870605,"CM"
3.01736305718915,"CM"
2.51445904807383,"CM"
2.06856262824558,"CM"
2.68596919430975,"CM"
2.16221883849064,"CM"
2.67088346235794,"CM"
1.81538247518605,"CM"
3.19027983343618,"AM"
2.19826499353129,"AM"
2.57692118223237,"CM"
3.0446198077592,"CM"
3.11944726567332,"AM"
2.18806386258681,"CM"
2.90293975270794,"CM"
2.47234714091841,"CM"
3.080536591821,"CM"
3.20219814218699,"CM"
3.05792913033184,"CM"
3.06166043805287,"CM"
2.35807688194103,"CM"
2.17608527690003,"CM"
2.44791608015509,"CM"
2.44984752449797,"CM"
3.01001185013109,"CM"
3.0127002795797,"CM"
2.21388279092239,"CM"
2.91841225679243,"CM"
2.31940993634632,"CM"
3.03733392193617,"CM"
2.23275418256812,"CM"
2.32825478174237,"CM"
2.56942141689603,"CM"
3.1235476980827,"CM"
3.27872820475152,"CM"
2.3723428873192,"CM"
3.05636354839626,"CM"
2.37923635744401,"CM"
3.05899491797494,"CM"
2.68893910681354,"CM"
2.93960542265826,"CM"
2.99676733529266,"CM"
2.67145328572149,"CM"
2.90369487642254,"CM"
2.90569337101224,"CM"
2.21205273259849,"CM"
3.09450183455274,"CM"
2.54186963078411,"CM"
2.92893845294416,"CM"
2.21914366901072,"CM"
2.83656430021974,"CM"
2.20985103589084,"CM"
2.3591376557599,"CM"
2.42173823712272,"CM"
2.938037334967,"CM"
2.31889088206137,"CM"
2.93979737132205,"CM"
2.65577928044914,"CM"
2.9900914069181,"CM"
2.1463537174324,"CM"
2.12668731362393,"CM"
3.11783293955361,"CM"
3.10650509462524,"CM"
2.30046596433741,"CM"
3.16062900272794,"CM"
2.34415106722473,"AM"
2.68968265390614,"CM"
3.06321387165005,"CM"
3.07498454949002,"CM"
3.11650541131663,"AM"
2.61929328742441,"CM"
2.24903595480536,"AM"
2.9399968665907,"CM"
3.06405178437964,"CM"
3.19934415726965,"CM"
2.39227581994864,"CM"
2.34741368928468,"CM"
3.08591618934072,"CM"
2.50857168520801,"CM"
3.0600445008943,"CM"
2.35359687960897,"CM"
3.06557712451845,"CM"
3.11998891685937,"CM"
2.76339963151474,"CM"
2.6206014911376,"AM"
3.1212162773437,"CM"
3.08519996805139,"CM"
2.67841490311441,"CM"
3.07957914193728,"CM"
2.57197083480887,"CM"
2.97893863786891,"CM"
3.09726037306784,"CM"
3.06796844310839,"AM"
3.35301355558538,"CM"
2.58332715520096,"CM"
2.20345317499288,"CM"
2.62591460727857,"CM"
3.08678668425955,"CM"
3.10754336284738,"CM"
2.11194907257672,"CM"
3.04650571774284,"CM"
2.06465278695243,"CM"
2.62972849527603,"CM"
3.18208462758329,"CM"
3.03908280462861,"CM"
3.10641011693346,"CM"
3.10536950082019,"CM"
2.99731073651587,"CM"
2.06537755910123,"AM"
2.94104698724736,"CM"
3.02109715853905,"CM"
2.94999139229228,"CM"
2.91929249226084,"CM"
3.0360751500757,"CM"
2.63035752044025,"CM"
2.93422735816041,"CM"
2.52668861945652,"CM"
3.02055234021446,"AM"
2.53620146998689,"CM"
2.78657105508599,"CM"
2.93378731856012,"CM"
2.96865530895469,"CM"
1.93694134068892,"CM"
3.13110141475257,"CM"
2.38750063808712,"CM"
3.07541905755931,"CM"
3.05815084476821,"AM"
2.24300222368574,"CM"
2.70603647257199,"CM"
2.89559704732933,"CM"
3.107332107501,"AM"
1.71311746822818,"CM"
2.2959046387601,"CM"
3.07877502437514,"CM"
3.17494251398109,"CM"
3.0540988631415,"CM"
3.04904294935054,"CM"
2.65038548974296,"CM"
2.12108991715265,"CM"
2.24751307972856,"CM"
3.1283242321237,"CM"
2.88410221178891,"CM"
2.93836960413437,"CM"
2.24220510284836,"CM"
2.39558268668111,"AM"
2.95972324772169,"CM"
3.0712632917096,"CM"
3.13012991579314,"CM"
3.06913169581417,"CM"
3.07301661083474,"CM"
2.92188121735363,"CM"
3.07856641991279,"CM"
2.83704480913798,"CM"
2.89869814754588,"CM"
2.76698653155601,"CM"
2.82277111706027,"CM"
3.16637826263321,"CM"
2.68458243099126,"CM"
2.16367664447493,"CM"
2.97996692637389,"CM"
2.52345897885504,"CM"
2.36352828973165,"AM"
3.04682121256689,"CM"
3.06453084763445,"CM"
2.07681475021686,"CM"
2.39499968365159,"CM"
3.0774717477116,"AM"
3.07936861481838,"AM"
2.93952131665525,"CM"
3.33705358969853,"CM"
2.63841399885379,"CM"
3.07248987586257,"AM"
2.10653499093601,"CM"
2.74470004649588,"CM"
2.77163647956974,"CM"
3.06240195570694,"CM"
2.9314853617382,"CM"
3.03663071673395,"CM"
3.05132047601887,"CM"
3.10770265928642,"CM"
2.71507815029307,"CM"
3.05395792551039,"CM"
3.11745182501501,"CM"
2.50441217519514,"CM"
2.99256374007678,"CM"
2.01270334805861,"CM"
3.01593656510516,"CM"
2.67270697623245,"CM"
2.33051691786512,"CM"
1.98149819993223,"CM"
2.10670348758278,"CM"
2.3654974194407,"CM"
3.18919894239193,"CM"
1.97795311976016,"AM"
3.14169107874925,"CM"
3.09551707784771,"CM"
3.18415350124204,"CM"
2.50147840500847,"CM"
3.11634039394241,"CM"
2.18263218219204,"CM"
3.14569559254826,"CM"
3.03324074906094,"CM"
2.71836974760488,"AM"
2.98234898486884,"CM"
3.13590996344064,"CM"
2.36032277615846,"CM"
3.1136073086466,"CM"
2.10453142093339,"CM"
2.94098203728054,"CM"
3.09351607786908,"CM"
2.16865107757019,"CM"
3.07931324519619,"CM"
3.05905278175583,"CM"
3.09240994298547,"CM"
2.70051416789696,"CM"
3.07582367705691,"CM"
2.63351808705465,"AM"
3.09106362159035,"AM"
2.40741075264185,"CM"
3.13789397497665,"AM"
3.23674708850766,"CM"
3.10908276137127,"CM"
3.13543468080774,"CM"
2.98124669080497,"CM"
2.79810532500785,"CM"
2.90730208532063,"CM"
3.0671805958312,"CM"
2.9897219777477,"CM"
2.68068585386298,"CM"
3.08202720909556,"CM"
2.1449149687968,"CM"
2.7092950420599,"CM"
3.10199673172376,"CM"
2.72762714724187,"CM"
3.11352912562178,"CM"
2.91768374245813,"CM"
2.32203194089506,"CM"
2.89096243619082,"CM"
2.33518421459972,"CM"
3.07362821182033,"CM"
2.92756013249316,"CM"
2.53522509905999,"CM"
3.10354705503445,"AM"
2.52972137792508,"CM"
3.10337526567466,"CM"
2.96660939586356,"CM"
2.73660496630116,"CM"
2.53046080853344,"CM"
2.97531664016093,"CM"
2.98359636208985,"CM"
3.01904469967249,"CM"
2.21147159007414,"AM"
2.95250117726188,"CM"
3.01058900236982,"CM"
1.90965822820561,"CM"
3.03479806949901,"CM"
2.92725996153617,"CM"
2.6852153114203,"CM"
2.67393988709743,"CM"
2.87105985794186,"CM"
2.86183536773256,"CM"
2.99613288762057,"CM"
2.34957207166651,"CM"
3.1298219729004,"AM"
3.00655078926751,"CM"
2.16815359987693,"CM"
2.33099256734605,"CM"
2.90236663667765,"CM"
3.04923597329652,"CM"
2.29687259962429,"CM"
3.01094659667157,"CM"
2.84772204243013,"CM"
2.96905031257841,"CM"
2.34620865410497,"AM"
2.42140627197047,"CM"
3.1123508183934,"CM"
2.79127825551015,"CM"
2.67889242014667,"CM"
1.92572266152202,"CM"
2.99367950022083,"CM"
3.08255791150614,"CM"
2.96531845867766,"CM"
2.56007080073775,"CM"
3.20917955794749,"CM"
2.18116700705594,"CM"
2.709245511198,"CM"
3.07491705550671,"CM"
3.12942038349822,"CM"
1.98274675916553,"CM"
3.31660711599215,"CM"
2.56015337458142,"CM"
1.89006045744597,"CM"
2.91143098362126,"CM"
2.9856641591687,"CM"
3.08115124562591,"CM"
2.94590020721298,"CM"
1.96645440077161,"CM"
2.07917560443786,"CM"
3.12085422034993,"CM"
3.23916737401704,"CM"
2.84325097357817,"CM"
3.08889612265064,"CM"
3.06337377541864,"CM"
3.07710241396713,"CM"
3.09729158614255,"AM"
3.01722931424959,"AM"
3.00193616420712,"CM"
3.07302466931059,"AM"
3.17054195582033,"CM"
2.48433578096766,"AM"
2.01031471677089,"AM"
2.72528962988447,"AM"
2.22783018568748,"CM"
2.77445452823281,"CM"
2.93613641576928,"CM"
3.05691505794167,"CM"
2.28032324688451,"CM"
2.41654206315936,"CM"
2.67415852925841,"CM"
2.35146616352916,"CM"
3.00563009799004,"CM"
2.84946710967915,"CM"
3.17662842940379,"AM"
3.08589850239437,"CM"
2.70122817552431,"CM"
2.56797560072087,"CM"
2.7797526600847,"CM"
3.0743424432103,"CM"
3.09934813093043,"CM"
2.270661057382,"CM"
2.18963798543021,"CM"
2.92578477314235,"CM"
2.90262526259942,"CM"
2.9734005290469,"CM"
2.89839937377178,"CM"
3.08950808524061,"CM"
2.9629559030538,"CM"
2.47512939639981,"CM"
2.65569292499441,"CM"
3.0743013146425,"CM"
2.99122519907758,"CM"
2.94742767333547,"CM"
3.05155195830975,"AM"
3.14010494522504,"CM"
2.6603626931787,"CM"
2.60401378097158,"CM"
3.13009392009337,"CM"
2.12836196145593,"CM"
3.08257403566092,"CM"
3.10780540303044,"CM"
2.59712078084265,"AM"
2.5504535406305,"AM"
2.58690256561991,"CM"
2.44644483005808,"CM"
3.10910880739148,"CM"
2.9767376596762,"CM"
2.97988728387667,"CM"
2.80223383259163,"CM"
2.97563367791744,"CM"
2.95558509575849,"CM"
3.0692883698547,"AM"
2.35288029944249,"CM"
3.0048843794485,"CM"
3.37391384988956,"CM"
3.07161036271208,"CM"
2.37636730601121,"CM"
3.06124931473523,"CM"
2.59931824721643,"CM"
3.09338293866317,"CM"
2.92734518430047,"CM"
3.11462604967727,"CM"
3.02467627349314,"CM"
3.04672226285174,"CM"
3.06470318233636,"CM"
3.06177740509131,"CM"
1.8065828869642,"CM"
3.02131000056214,"CM"
2.20521157900716,"CM"
2.30299146774505,"CM"
1.61900877741438,"CM"
2.64547101326327,"CM"
2.4575200013885,"CM"
3.06159250486926,"CM"
3.12607585152717,"CM"
3.07621600427632,"CM"
3.11860699261776,"CM"
2.78612349878263,"AM"
3.06074282264121,"CM"
2.75812294641355,"CM"
3.06994296077603,"CM"
2.58480861648912,"CM"
3.03826249578603,"CM"
3.03024829416286,"CM"
3.0744882790767,"CM"
3.05175797922799,"CM"
2.49014913210846,"CM"
2.97854163840959,"CM"
3.06805429923793,"CM"
2.14336678602509,"CM"
3.07197004577929,"CM"
2.91937444021327,"CM"
2.32494402463583,"CM"
2.67322780492827,"CM"
2.74643079201618,"CM"
3.154396559779,"AM"
3.09593721096933,"CM"
2.60306647645348,"CM"
3.06909938562298,"CM"
3.04561864484692,"CM"
3.11096051836599,"CM"
2.91022593653787,"CM"
2.32782144977345,"CM"
2.64145882114757,"CM"
2.70334867907176,"CM"
2.81730809404993,"CM"
2.6331523037014,"CM"
1.92133119381528,"CM"
2.73842263270402,"CM"
3.04193868359359,"CM"
3.0135586258268,"CM"
3.0371801615431,"CM"
2.40346057178345,"CM"
2.59581653875196,"AM"
3.15896141826518,"AM"
3.02444338775817,"CM"
2.94839136300571,"CM"
3.02606790777055,"CM"
2.10703959555646,"CM"
2.4692889760855,"CM"
3.0096483709794,"CM"
3.06710255746205,"CM"
2.92755103276412,"CM"
3.11985835405633,"CM"
2.18247992798694,"CM"
3.18396045651503,"CM"
2.03958925057022,"CM"
2.09848286387468,"CM"
2.96801060903893,"CM"
2.755943833532,"CM"
2.40544781460388,"CM"
3.0379028774208,"CM"
2.58484822572125,"CM"
2.32781642320873,"CM"
2.89617604157814,"CM"
3.04452444762869,"AM"
2.84649929113276,"AM"
2.46679804747659,"CM"
2.14889645118755,"CM"
2.91472792852784,"AM"
2.15681926853542,"CM"
2.08614443583914,"CM"
2.92193605369675,"CM"
2.9938958899999,"CM"
2.73695150639435,"CM"
2.91839547317881,"CM"
2.3025256785755,"CM"
3.05137294905264,"CM"
2.97688041110027,"CM"
2.45788183136627,"CM"
2.77381037966012,"CM"
2.93636624834414,"CM"
3.10446422082498,"CM"
3.08881908227237,"CM"
2.68621905901293,"AM"
2.81633116518153,"CM"
3.07673330548069,"CM"
2.83677568361779,"CM"
3.03900424438089,"AM"
3.18350836155869,"CM"
2.98260037091896,"CM"
2.90955179731665,"CM"
2.6884770169422,"CM"
3.08329323869326,"CM"
3.0879087922001,"CM"
2.94203627253059,"CM"
2.52678363968731,"CM"
1.75173715082688,"CM"
2.78942897479776,"CM"
3.10193960220424,"CM"
2.70064520597294,"CM"
3.0874163630318,"CM"
3.04918599325665,"CM"
2.98148107743582,"CM"
2.86705463188024,"CM"
2.68829118677911,"CM"
2.86793582932631,"AM"
2.86354673794499,"CM"
2.23918596589121,"CM"
2.92873253396509,"CM"
2.31892285612116,"CM"
3.02190243431495,"CM"
3.11852456861379,"CM"
2.70152222017563,"CM"
3.11803255088908,"CM"
2.69791941769605,"CM"
2.98854591363565,"CM"
3.10743922687417,"CM"
2.83478427090367,"CM"
2.91017663934898,"CM"
3.08339805697666,"AM"
3.04883467564989,"CM"
3.0693968295823,"AM"
2.31106936233785,"CM"
2.9356808611073,"CM"
3.10667983736018,"CM"
2.39627377405692,"CM"
2.93913584356516,"CM"
2.3467307481067,"AM"
2.90037998379337,"CM"
3.17069599813691,"CM"
2.79666015030287,"CM"
2.71864768112801,"CM"
3.07761823347434,"CM"
3.01380088993722,"CM"
2.69007979587543,"CM"
2.45631649796251,"CM"
2.25947326579713,"CM"
2.06434712170122,"CM"
3.12720696148344,"CM"
3.11520391828074,"CM"
3.10051395763029,"CM"
2.66117523851584,"AM"
2.02606205396528,"CM"
2.85983272173044,"CM"
2.48159639430371,"CM"
3.16755397913976,"CM"
2.422493355977,"CM"
2.99682695688911,"CM"
3.01964209620707,"AM"
3.06104964947921,"CM"
2.91105260740297,"CM"
3.10816642085039,"CM"
2.65365642937133,"CM"
2.7496869204026,"CM"
3.11165919806392,"CM"
3.01258983784079,"CM"
2.55290706316774,"CM"
3.06394514429447,"CM"
3.15361827533597,"CM"
3.16969782858319,"CM"
2.96890470384999,"CM"
2.247531425791,"CM"
2.87867226354799,"CM"
2.24369581044753,"CM"
2.63112793991697,"AM"
2.62374482905967,"CM"
3.05411389249578,"CM"
2.25515930672413,"CM"
2.39366939987065,"CM"
2.13302657107396,"AM"
2.94834305170717,"CM"
2.59771563358827,"AM"
2.60390059537602,"CM"
3.17364881255921,"CM"
3.07260825763878,"CM"
3.2323685682547,"CM"
2.93097695691056,"CM"
2.83290753766439,"CM"
2.24346160240638,"CM"
3.1454229147456,"CM"
3.0869005046956,"CM"
2.92951126671863,"CM"
2.41598078047915,"CM"
2.75709454640746,"CM"
2.6942463812679,"CM"
2.92287367469353,"CM"
3.12804771738365,"CM"
2.96699313963196,"CM"
2.58625320278702,"CM"
2.93935018411132,"CM"
2.038249930529,"AM"
2.78137716701662,"CM"
2.31375991847725,"CM"
2.03788670384825,"CM"
2.66450375623968,"CM"
2.71650886182176,"CM"
3.09012693032483,"CM"
3.06231171711482,"CM"
3.13352875796149,"AM"
2.15719149048839,"CM"
2.83688033677531,"CM"
2.53712822052046,"CM"
2.61595564062201,"CM"
2.99316075777431,"CM"
2.38612404268198,"CM"
2.6719363322395,"CM"
2.74774451960349,"CM"
2.95091236069631,"CM"
3.06048720991304,"CM"
3.0525041293211,"AM"
2.69280350047887,"CM"
2.18379614829345,"CM"
2.61313167767572,"CM"
2.81909481598992,"CM"
3.03650941788404,"CM"
2.62033757864948,"CM"
3.081089346648,"CM"
2.71013063612163,"CM"
2.94735691575484,"CM"
2.94792919878532,"CM"
3.07069454952683,"AM"
3.14719753520972,"CM"
3.10226315392574,"CM"
3.11321924776097,"CM"
2.92981242857524,"CM"
3.31001682385776,"CM"
2.96135761682889,"CM"
2.39644865264706,"CM"
2.41977724775956,"CM"
2.65885068671736,"CM"
2.69725420329897,"AM"
2.5893687299372,"CM"
3.09481475271468,"CM"
2.84764012866984,"CM"
2.06968093842839,"CM"
3.12903584634417,"CM"
3.07748238389648,"CM"
2.89161509611052,"CM"
2.34687076660442,"CM"
2.87122493097876,"CM"
3.07502375820319,"CM"
2.1135153941978,"AM"
2.7178521898469,"AM"
3.08295414315533,"CM"
2.69400521747991,"CM"
2.6418214336511,"CM"
2.01106450021202,"CM"
3.24030920989653,"CM"
2.27439790428078,"AM"
3.12275539004586,"CM"
3.06571186404763,"CM"
2.3287619899555,"CM"
3.1542037710536,"CM"
3.14211100533386,"CM"
2.68967263532452,"CM"
3.09508200207283,"CM"
2.66482768345179,"AM"
1.99464549240998,"CM"
3.02306414689195,"CM"
2.88780667648732,"CM"
1.69278701905865,"CM"
3.09995997742616,"CM"
3.00264290458105,"CM"
2.13262955413412,"CM"
2.00770497172632,"CM"
2.77928072814611,"CM"
2.96925624324571,"CM"
2.94869867832358,"AM"
2.67649842834634,"CM"
3.10268939002771,"CM"
3.11069099768114,"CM"
3.09851635849804,"CM"
3.05360690249081,"CM"
3.03436225129281,"CM"
2.96002417763371,"CM"
3.15229262341329,"AM"
3.12800120946641,"CM"
3.12923484217733,"CM"
2.61654163335796,"CM"
3.11365494995069,"CM"
2.13901650109355,"CM"
2.86937359095973,"CM"
3.00836989246069,"CM"
2.9278620174249,"CM"
2.66019241542144,"CM"
3.09508861448481,"CM"
2.87274172175163,"CM"
3.07414156657964,"CM"
2.64750011057484,"CM"
2.33392892469888,"CM"
3.06537169825077,"CM"
3.08882374505122,"AM"
3.11536762313617,"CM"
2.91503987246032,"CM"
2.2952873402054,"CM"
2.69242783391438,"CM"
2.83536412987251,"CM"
3.08764559981424,"CM"
2.31512597430761,"CM"
3.05209730506552,"CM"
3.04207315438074,"CM"
1.88418604642632,"CM"
3.04618752616177,"AM"
2.94802999226218,"CM"
3.07331812381368,"CM"
2.96735914314192,"CM"
3.05159548606308,"CM"
3.02324184726046,"CM"
2.68110511046416,"CM"
2.41403239576004,"CM"
1.66276484230643,"CM"
2.22807799494732,"CM"
1.83434643420884,"CM"
3.00075199259661,"CM"
2.99754575720621,"CM"
3.11107147761263,"CM"
2.65944444934001,"CM"
2.32171247923581,"CM"
2.79152445917285,"CM"
3.0737994650407,"CM"
3.04564202981617,"CM"
3.11584018935101,"CM"
2.42765428876523,"CM"
2.63900029886005,"CM"
3.11305434012102,"CM"
2.95717532257963,"CM"
2.78411191864457,"CM"
2.71466624186285,"AM"
2.8091838600269,"CM"
3.0804721117102,"CM"
2.51623270622949,"CM"
2.60536924361223,"CM"
3.08505594402379,"CM"
3.20503316015971,"AM"
2.43005008322039,"CM"
3.08585653728174,"CM"
3.11356565654684,"CM"
3.02274228936965,"CM"
2.91955530760976,"CM"
3.11496902939388,"CM"
3.05391359726197,"CM"
2.69931181252509,"CM"
3.09674304793268,"CM"
3.06751698348317,"CM"
2.9312652183278,"CM"
2.98584220721511,"CM"
2.48592006056659,"CM"
3.03361667539392,"CM"
2.72605530157832,"AM"
3.02582411169846,"CM"
3.15978332196456,"CM"
2.91938178090785,"CM"
3.04065420960161,"AM"
3.09512232533095,"CM"
2.15743113774182,"CM"
2.98672804045487,"AM"
2.71271535768362,"CM"
3.10324201463388,"CM"
2.2819285107313,"CM"
1.92946804734222,"CM"
2.90866059116698,"CM"
2.1313921107717,"CM"
2.96188954251753,"CM"
3.06832196596532,"CM"
2.47907980701153,"CM"
3.0844206378774,"CM"
2.98103070819001,"CM"
3.03067245006451,"CM"
2.8964113518583,"CM"
3.12229796917972,"CM"
2.52660570570002,"CM"
2.59394762424717,"CM"
3.16800920940737,"CM"
3.06755289979085,"CM"
3.10226299252888,"CM"
2.74947312807248,"CM"
2.66437887493307,"CM"
2.32432192532402,"AM"
2.60734381438177,"CM"
3.07484774930693,"AM"
2.75070981342907,"CM"
2.81221608492027,"CM"
3.04856155970653,"CM"
2.5622116451581,"CM"
2.95206036138502,"CM"
2.98144631908388,"CM"
2.99218478245928,"CM"
2.63310664689221,"CM"
3.0525214473449,"CM"
2.74106565426989,"AM"
3.07023471600303,"CM"
3.10439651425826,"CM"
3.06516979453693,"CM"
3.10317485835834,"CM"
2.44015474998258,"CM"
2.20854102668661,"CM"
3.05333425600123,"CM"
3.03938437418757,"CM"
3.08492634154327,"CM"
2.28596487910657,"CM"
2.67889817543703,"CM"
3.11982049661374,"CM"
2.58406167864768,"CM"
2.57147424837651,"CM"
3.17812490769696,"CM"
1.71257371307757,"CM"
3.07467757998749,"CM"
3.06932832087885,"AM"
3.03304102552912,"AM"
2.42388329519078,"CM"
2.44855542771474,"CM"
2.53634237721385,"CM"
2.96467501110524,"CM"
3.02451479404196,"CM"
3.08428148499944,"CM"
2.89538268472394,"CM"
3.09250679914323,"CM"
3.1390431866805,"CM"
3.08601674963368,"CM"
1.96168643645148,"CM"
2.96197078872307,"CM"
2.99285684780595,"CM"
2.40920541358847,"CM"
2.52365056267118,"CM"
2.63022013770603,"CM"
2.24509420068248,"CM"
3.0800157774106,"CM"
2.92304790392657,"CM"
2.99426633624818,"CM"
3.10666354615402,"CM"
2.83770001808263,"CM"
2.75197627468553,"CM"
2.83173089681018,"CM"
2.92400954296646,"CM"
3.05400553235751,"CM"
2.44552132619334,"CM"
2.62514451596416,"CM"
2.5833457970943,"CM"
2.89735323862053,"CM"
2.98368078326949,"CM"
2.24582089398981,"CM"
2.953674419266,"CM"
3.0137499014115,"CM"
2.7443469562152,"CM"
2.79756540604002,"CM"
2.99249869777775,"CM"
3.11315650737303,"CM"
2.09227211004343,"CM"
2.52340747884801,"AM"
1.9872018089286,"AM"
3.00099008108208,"CM"
2.10838522934269,"CM"
3.11047728975381,"CM"
3.10102596421944,"CM"
1.91042573605161,"CM"
2.70443072146891,"CM"
2.61095531481757,"CM"
2.84279430132718,"CM"
2.9574672696504,"CM"
2.16810089410224,"CM"
3.09312048346704,"CM"
3.06804773974157,"CM"
3.13994200074588,"CM"
2.66939905565193,"AM"
2.62721246324902,"CM"
3.06517592130799,"AM"
3.03731845497051,"CM"
3.09538668996294,"CM"
2.27850460361567,"CM"
3.08906458943206,"CM"
3.13933270629707,"CM"
2.66246624709695,"CM"
1.99860387254819,"AM"
2.25967390998583,"CM"
2.7991267062137,"CM"
3.05647478711951,"CM"
2.89646589149367,"CM"
2.82586197727498,"CM"
2.78014155366172,"CM"
3.07394010870129,"CM"
2.41279592630847,"CM"
3.09945360465982,"AM"
3.18267214886111,"AM"
2.03519312833135,"CM"
3.08756416017729,"CM"
2.61079278716025,"CM"
2.4067452790414,"CM"
2.12886942802144,"CM"
3.12178267389605,"CM"
2.99384442504481,"CM"
3.06321004557085,"AM"
3.00765601783077,"CM"
2.85117255649637,"CM"
2.73150964586424,"CM"
3.0370548041735,"CM"
2.87476533097807,"CM"
2.813366350944,"CM"
2.93628887530242,"CM"
2.35144255422989,"CM"
2.51219642937557,"CM"
2.46275782589005,"CM"
2.9332564245294,"CM"
2.59764460910139,"CM"
2.34003042842377,"CM"
3.06522353351064,"CM"
2.15451262863217,"CM"
2.69715586529072,"CM"
2.82966624262792,"CM"
3.15921615365427,"CM"
2.31273724306541,"CM"
2.76967945447862,"CM"
2.02628436484579,"CM"
2.23082085087142,"CM"
3.08930275789738,"CM"
3.03510178066955,"CM"
2.65720670240233,"CM"
3.166777368304,"CM"
3.1365866420943,"CM"
2.63376426849953,"CM"
2.24485368791845,"CM"
3.25529780691084,"CM"
3.14771309018978,"CM"
2.67328455695543,"CM"
2.35716520076695,"CM"
2.99575143684199,"CM"
1.85473831411009,"CM"
2.98442466141409,"CM"
2.05699855047345,"CM"
3.06002501660453,"CM"
2.50861125228682,"CM"
2.94249937656995,"CM"
2.54175816306144,"CM"
3.12227418338421,"CM"
2.78058922509765,"CM"
2.27558592170705,"CM"
3.08389677662793,"AM"
2.86028670506165,"CM"
3.02311607472088,"CM"
2.97177059375378,"AM"
3.17896813332163,"CM"
3.10751958402622,"CM"
2.64570977925986,"AM"
3.08759172179759,"CM"
1.9071585546034,"CM"
3.1095617404708,"CM"
3.0752993199233,"CM"
3.08403308219557,"CM"
3.21771430614908,"CM"
2.28957199584445,"CM"
3.02991186424912,"CM"
2.68264885858913,"CM"
2.45997472690991,"CM"
2.52364909614095,"CM"
2.41888451974889,"CM"
3.14546747600428,"CM"
3.10522878445648,"CM"
2.30773455558055,"CM"
3.14639546341971,"CM"
2.81332931686273,"CM"
2.72603393190094,"CM"
2.99188668999412,"CM"
3.0755731890437,"CM"
2.44820707096104,"CM"
2.25618636666531,"CM"
3.13554335626763,"CM"
2.40951047457205,"CM"
2.80299423050162,"CM"
2.66771963349743,"CM"
3.08510427748091,"AM"
3.18727577019576,"AM"
3.01861627928327,"CM"
2.69675665461691,"CM"
3.0321987137766,"CM"
2.23735662805525,"CM"
2.57939631936123,"CM"
3.11442662937447,"CM"
2.68687184460603,"CM"
2.96268666062777,"CM"
2.97729271974919,"CM"
3.15588978365279,"CM"
2.87878555113799,"CM"
3.12204563108308,"CM"
2.87071763535765,"CM"
2.09484423311293,"CM"
2.3201505845647,"CM"
2.74310281609874,"CM"
3.14863974849969,"CM"
3.04428519823899,"CM"
3.12572572173178,"CM"
3.02133136664317,"AM"
2.81733271084944,"CM"
3.05052520070773,"CM"
3.20452009688475,"CM"
3.08824244364373,"CM"
2.964936745309,"CM"
2.29952960096999,"CM"
3.10636569794326,"CM"
3.05005499763253,"CM"
3.16616310227097,"CM"
2.14305349588026,"CM"
3.06253090877248,"AM"
3.05196807474907,"AM"
2.93932485648258,"CM"
2.30767834014154,"CM"
2.98761056704895,"CM"
2.58506137309735,"CM"
2.52005571234333,"CM"
3.0088348783566,"CM"
3.37314980419743,"CM"
2.94052722705317,"CM"
2.6364789070213,"CM"
2.11315430261199,"CM"
2.94278129651264,"CM"
2.34937726994127,"CM"
2.44703984457894,"CM"
2.81532005898631,"CM"
2.4459194795376,"CM"
3.1016716331779,"CM"
3.13529300175086,"CM"
2.97911633997518,"CM"
2.75371894855316,"CM"
2.69672268233222,"CM"
3.11381695736331,"CM"
3.0407509029712,"CM"
3.08917017310831,"CM"
2.2849094575124,"CM"
2.91712275522719,"CM"
3.10710651232027,"CM"
3.10423987218363,"CM"
2.91684375356337,"CM"
2.33152482854831,"CM"
3.11094413989752,"CM"
3.07914575947008,"CM"
2.63410740924106,"AM"
2.94568962127793,"CM"
2.9901023115884,"CM"
2.71275906258121,"CM"
1.90288689124635,"CM"
3.08167772323506,"CM"
3.11316421822795,"CM"
2.93382896249437,"CM"
3.00784404880861,"CM"
3.13222112802921,"AM"
2.53290386315402,"CM"
2.17352064040274,"CM"
3.12023971428467,"CM"
2.810696972931,"CM"
2.23093724252042,"CM"
3.09676279383253,"CM"
2.67934467543164,"CM"
2.39405553233208,"CM"
2.69152340480288,"CM"
1.79704520265938,"CM"
3.05616597409223,"CM"
2.36523133296954,"CM"
2.50436289630477,"CM"
3.10103909348938,"CM"
3.04471729500992,"CM"
3.07443113841834,"CM"
3.13924774561009,"CM"
3.08512389001254,"CM"
2.55018106177015,"CM"
2.48679632681971,"CM"
3.1328546794558,"CM"
2.68357191072992,"CM"
3.13745723418092,"CM"
2.63961021529737,"AM"
3.1232333400069,"CM"
3.12085084656781,"CM"
3.07523594613707,"CM"
3.14470443064087,"CM"
2.51466036867338,"CM"
2.5438730278754,"CM"
2.44803292596965,"CM"
2.48829511089584,"CM"
2.93681071920031,"CM"
2.73367284190448,"CM"
2.29803592106315,"CM"
2.11477228109718,"CM"
3.04329073894166,"CM"
3.09450397336164,"CM"
2.95863190931526,"CM"
2.39528045262811,"CM"
2.41922358053864,"CM"
3.04446054854825,"AM"
2.70535010063769,"CM"
2.99180275048482,"CM"
2.93469724051798,"CM"
3.06712741645575,"CM"
3.03057450776242,"CM"
2.9642183326454,"CM"
2.96624258324586,"CM"
2.07878837807359,"CM"
2.95089298470348,"CM"
2.10913100273829,"CM"
1.66648830668677,"CM"
3.04672248000363,"CM"
3.06667194898937,"CM"
2.9287440691997,"CM"
3.04986563629807,"CM"
2.60348119043981,"CM"
2.89754408058523,"CM"
3.02635040498978,"CM"
2.44735211475425,"CM"
3.17550063680004,"AM"
2.62769849285813,"CM"
2.48675729411054,"CM"
2.52778406992961,"CM"
3.13980135643199,"AM"
2.63356818447712,"CM"
2.63453227966848,"AM"
2.9990541265092,"CM"
2.93189447652821,"CM"
2.75048061825898,"CM"
2.80749160354061,"CM"
2.72059605964723,"CM"
2.94605478784479,"CM"
2.69175161593792,"CM"
2.65102599599618,"CM"
2.78813517522055,"CM"
3.10655538368167,"CM"
3.11090120793083,"CM"
3.04383372122484,"CM"
1.99474370698396,"CM"
3.11934477995254,"CM"
3.10148224816572,"CM"
2.95411612342115,"CM"
2.95537819701683,"CM"
2.8301791279645,"CM"
2.72048726071102,"CM"
2.99718999346097,"CM"
2.9770724972678,"CM"
2.09812220973128,"CM"
2.8650211723725,"CM"
2.08051312432052,"CM"
3.02887154763759,"CM"
2.01687320947059,"CM"
3.18066392200059,"CM"
3.06542259108113,"CM"
3.21958452052157,"CM"
2.70218879728814,"CM"
3.00226334827579,"CM"
3.14011349698292,"CM"
2.59877076689913,"AM"
3.0384561415534,"CM"
3.03387170320056,"CM"
3.12227297909881,"AM"
3.00529989549229,"CM"
3.09795109863024,"AM"
2.96158245977568,"CM"
2.29694445782171,"CM"
3.03661501437818,"CM"
2.07763936697774,"CM"
3.06831450799438,"CM"
2.20346303626483,"CM"
3.18313350344087,"CM"
2.07007801597308,"CM"
2.95589813526836,"CM"
2.92744093882786,"CM"
1.87007611938774,"CM"
1.90670333623954,"CM"
2.3206447024654,"CM"
3.05880044007598,"CM"
2.67730243589039,"CM"
3.19923837015939,"CM"
2.41652973699055,"CM"
2.933646474804,"CM"
2.62169674040113,"CM"
3.1216809281168,"CM"
2.62496277022839,"CM"
3.14114707172507,"AM"
3.12691210395929,"CM"
2.69876990351703,"CM"
2.15323008102826,"CM"
2.91805614171666,"CM"
1.94475729877133,"CM"
2.43607553872964,"CM"
2.99777800423846,"CM"
2.57796526792578,"CM"
2.93278651960649,"CM"
2.65607633261049,"AM"
2.49777549266903,"CM"
2.69985858151869,"CM"
3.11505405362742,"CM"
3.1784043886754,"CM"
2.6561435123505,"CM"
2.67925470400323,"CM"
2.49279054550315,"CM"
2.78149489333878,"CM"
2.6647496224318,"CM"
3.12929696327114,"CM"
2.41911412919358,"CM"
2.43252048502767,"CM"
2.16578023510946,"CM"
3.09068935914574,"CM"
2.23448658103359,"AM"
2.91985565134598,"CM"
2.98778709711843,"CM"
2.29954679418163,"CM"
2.80617335164819,"CM"
3.02740944052621,"CM"
3.04384730932404,"CM"
3.01498399930786,"CM"
3.15976348512443,"CM"
3.11588753525336,"CM"
2.74269987956854,"AM"
2.37524056341433,"AM"
3.11059348332938,"CM"
1.78893897544014,"CM"
2.27695525218508,"CM"
3.03476678926884,"AM"
2.90832276372188,"CM"
2.90931845525145,"CM"
2.95692194319441,"CM"
2.92306072766329,"CM"
2.95005898514125,"CM"
2.67218306516934,"CM"
2.71846898444182,"AM"
3.06955522679552,"CM"
2.90773701590279,"CM"
3.05584980658383,"CM"
3.08392493307002,"CM"
2.27119374150422,"CM"
3.06838511406809,"CM"
1.67922984131544,"CM"
3.11489134371314,"AM"
2.93316759507461,"CM"
2.67317532549954,"CM"
2.0438541695146,"CM"
2.78520216274484,"CM"
2.97426203502756,"CM"
2.91801197476442,"CM"
2.70080688611183,"CM"
2.42752974090224,"CM"
2.33161705723079,"CM"
3.24711821280002,"CM"
2.67602654627004,"CM"
3.13106621109031,"CM"
2.74728663126941,"CM"
2.9439540026223,"CM"
2.91413017284056,"CM"
3.0792828289204,"CM"
3.01003750925961,"CM"
2.57463625843974,"CM"
2.27763253665279,"AM"
2.96939077086633,"CM"
2.01060045086923,"CM"
2.92250713018648,"CM"
3.0654563766748,"CM"
2.81200824336196,"CM"
2.23167468951344,"CM"
2.73458026372207,"CM"
2.27251030025558,"CM"
2.69215854956413,"AM"
3.09837250014764,"CM"
2.88314973870826,"CM"
2.97759846005102,"AM"
3.1566421500722,"AM"
2.93232265257386,"CM"
2.91160246011002,"CM"
3.0433664862945,"CM"
3.11037322385803,"CM"
3.04740218900026,"CM"
2.81554056759791,"AM"
3.09253406188131,"CM"
3.00626856399865,"CM"
2.47721968281948,"CM"
2.78119955911688,"CM"
2.62587079729277,"CM"
2.43917605676296,"CM"
2.98936900402586,"CM"
2.94591709351434,"CM"
2.32547190114403,"CM"
3.18220083786505,"CM"
3.10703258772682,"CM"
2.26779255792196,"CM"
2.62849373115295,"CM"
3.09236233966723,"CM"
2.58901741180763,"CM"
2.91035313451611,"CM"
2.42015402585529,"CM"
2.23573864322798,"CM"
2.28900771328855,"CM"
2.6677462671877,"AM"
2.72913674259301,"CM"
2.45683499409792,"CM"
2.65122787937885,"CM"
3.07629250148754,"CM"
2.11151146550936,"CM"
2.93482004925236,"AM"
2.46586600537168,"CM"
1.97408303013435,"CM"
2.97482322225476,"CM"
3.19755443707466,"CM"
2.66070132468354,"CM"
2.12664695527491,"CM"
2.47371705634271,"CM"
2.96176654573358,"CM"
2.52322251862669,"CM"
2.89768081297645,"CM"
2.75175649571526,"CM"
3.06398442366701,"CM"
2.32389326261815,"CM"
3.05643783156938,"CM"
2.69558525457126,"CM"
1.70587192173874,"CM"
2.47604305544076,"CM"
3.11313968631956,"CM"
3.10464517766244,"CM"
3.20620243772319,"CM"
3.14375067690605,"CM"
2.24888649702539,"CM"
3.0356311392559,"CM"
2.13519802650839,"CM"
2.93625521059387,"CM"
2.90739172511222,"CM"
2.26616264085047,"CM"
2.61056241506994,"CM"
2.58940173004221,"CM"
3.08931011948372,"CM"
3.17965453583601,"CM"
2.93550460317875,"CM"
2.40816402418936,"CM"
2.66408949411804,"CM"
3.0748313044412,"CM"
2.6516284841305,"CM"
3.06826938131884,"CM"
2.93063162572035,"CM"
2.73878563483848,"CM"
2.88734664432334,"CM"
1.8922730342699,"CM"
2.22808325998328,"CM"
1.97823178065611,"CM"
2.98826459148569,"CM"
3.06673214594265,"CM"
2.71647901412787,"CM"
2.92156090945889,"CM"
3.12095340243261,"CM"
3.0554386066486,"CM"
3.04932968906508,"CM"
2.98301018575994,"CM"
2.46826255976743,"CM"
2.61712059130231,"CM"
2.70705386413741,"CM"
3.08654859675945,"CM"
3.14197022493971,"CM"
3.03047103420044,"CM"
2.89566824519471,"CM"
2.77483233758834,"CM"
2.76907508262609,"CM"
3.05139331957995,"CM"
2.89472985459478,"CM"
3.06828541306737,"CM"
2.76911225387489,"CM"
3.33350447184368,"CM"
2.23508231388658,"CM"
2.2654776747384,"CM"
2.3739801185833,"CM"
2.44918576742608,"CM"
3.09652901908857,"CM"
2.60263804466871,"AM"
2.80102415497456,"CM"
3.08407893003238,"CM"
3.18931231328682,"CM"
3.06792195300724,"CM"
2.92245910296477,"CM"
2.67674981585325,"CM"
2.96112856221327,"CM"
3.06222902048447,"CM"
2.73634140995074,"CM"
3.06189934310444,"AM"
3.10827203929089,"CM"
3.11198161242795,"CM"
3.13033424879413,"CM"
2.96711632800157,"CM"
3.08807130035902,"CM"
2.3155985834503,"CM"
3.03057716881177,"CM"
3.10377518616487,"CM"
2.9038464811454,"AM"
2.12077686214464,"CM"
2.72853145083575,"CM"
2.14432958877375,"CM"
2.064381430265,"CM"
2.91146362002118,"CM"
2.96133419449819,"CM"
2.71322197900079,"CM"
2.62493370173734,"CM"
3.00984498268899,"CM"
3.07918949626698,"CM"
2.91524004555666,"CM"
1.89583478743399,"CM"
2.32868877002221,"CM"
2.61700703308369,"CM"
2.22501760971089,"CM"
2.11286160802343,"AM"
2.00836576227434,"CM"
2.9844568699595,"CM"
2.59446966380266,"CM"
2.9804370664612,"CM"
3.25952096063705,"CM"
3.27169853668427,"CM"
3.06645933865596,"CM"
2.61995258404095,"CM"
2.88513040173561,"CM"
3.10311574719692,"CM"
3.19958972313329,"CM"
3.0942490568951,"CM"
2.3227588028393,"CM"
3.03058097910068,"AM"
2.10308326694197,"CM"
3.14672079110746,"CM"
2.71571372175775,"CM"
2.96143306194165,"AM"
3.00028273109086,"CM"
3.12708618656359,"CM"
2.93181546555017,"CM"
2.24873423472533,"CM"
3.05045596805122,"AM"
2.9806965700633,"CM"
2.92192801726853,"CM"
2.45387667018244,"CM"
2.35383479206918,"CM"
3.02123028379012,"CM"
2.7431138078546,"CM"
2.89273718015483,"CM"
3.10364126880423,"AM"
2.64675068145687,"CM"
2.17786128254319,"CM"
2.94955333816206,"AM"
2.1887581989714,"CM"
3.0119873369214,"CM"
2.6317220415401,"CM"
2.05558168276137,"CM"
2.59641714260917,"CM"
3.13457844940045,"CM"
3.08036278540405,"CM"
1.96656951833255,"CM"
3.0309490293598,"CM"
2.62290000248427,"CM"
2.8026027284262,"CM"
3.10069804760563,"AM"
2.68147903115868,"CM"
1.50088827035256,"CM"
2.71551750042041,"CM"
2.71593211755019,"CM"
2.65750596445043,"CM"
2.89327095066228,"AM"
2.98125234965044,"CM"
2.89716219361399,"AM"
3.11520520980493,"CM"
2.22483219286381,"CM"
2.77471906288949,"CM"
2.67593955388557,"CM"
2.93997755384928,"CM"
3.12753982838843,"AM"
2.60729870717586,"CM"
2.320115391212,"AM"
3.1365329711119,"CM"
2.96296378629729,"CM"
2.577600379078,"CM"
2.44175301652677,"CM"
2.16385953936191,"CM"
3.10978027999284,"CM"
3.07325295979936,"AM"
2.65079593723792,"CM"
2.97601615108936,"CM"
2.97210211323941,"CM"
3.11897763199207,"CM"
3.00448161390026,"CM"
2.90388272214385,"CM"
2.30589684664545,"CM"
2.13495824110212,"CM"
2.78938156648045,"CM"
3.03365038882717,"CM"
2.35168884946165,"AM"
2.40113350301685,"CM"
3.06903752268296,"CM"
2.84660008198995,"CM"
2.68439092567762,"CM"
3.01605524017153,"CM"
2.87047841600815,"CM"
2.29796196755017,"CM"
2.45891780909971,"CM"
2.905172959018,"CM"
2.09562788588882,"CM"
1.97139399993984,"CM"
3.13663613603195,"CM"
2.3479212734445,"CM"
2.77674449702973,"CM"
2.28042599128808,"CM"
2.77071635864159,"CM"
2.18795949043803,"AM"
3.12378265656449,"CM"
3.07375185650308,"CM"
3.03843506517935,"CM"
3.07709594315661,"AM"
1.8756275021199,"CM"
3.10565942616147,"CM"
3.05284225063748,"CM"
2.87681766104752,"CM"
2.9861100448328,"CM"
2.66386275510563,"CM"
2.95627442905253,"CM"
2.9308488696073,"CM"
2.38554525740599,"CM"
2.35497971540807,"CM"
2.39250832844937,"CM"
3.07063837578002,"CM"
2.47299903744803,"CM"
2.89118933976011,"CM"
3.16207956427509,"CM"
3.11860097145953,"CM"
2.95452525509329,"CM"
2.5949378408411,"CM"
2.89100242066242,"CM"
2.60245369141197,"CM"
2.93808019693506,"CM"
3.01009726231129,"AM"
2.09212076703206,"CM"
3.09921437162457,"CM"
3.25586979959757,"CM"
2.85123879121794,"CM"
2.39019553045726,"AM"
2.9063685247056,"CM"
3.066535247098,"CM"
3.00141657727223,"CM"
3.05183690043854,"AM"
3.27432028120497,"CM"
3.08942904424812,"CM"
2.50811061999777,"CM"
2.24025204090167,"CM"
2.98498479167407,"CM"
2.78077002987416,"CM"
2.29067866126853,"CM"
2.94153667035811,"CM"
2.59122980921342,"AM"
2.99038244677625,"CM"
3.11122473000717,"CM"
2.96259392905178,"CM"
2.90980702524403,"CM"
2.01435603182613,"CM"
2.21708851693805,"CM"
3.15279117613092,"AM"
2.92424330403173,"CM"
2.91654189012723,"CM"
2.9473939274484,"CM"
2.08705988539519,"CM"
2.85714856713162,"CM"
3.03837037766168,"AM"
3.17122672574713,"CM"
3.03649928813839,"CM"
3.00784055629149,"CM"
2.90123141899762,"CM"
2.31955535154132,"CM"
2.95920014404582,"CM"
2.95315639995528,"CM"
3.12666990419668,"CM"
3.12256463881222,"CM"
2.92040686302413,"CM"
3.06738995637214,"AM"
3.08422664574186,"CM"
2.01210179187858,"CM"
2.15286023340083,"CM"
2.11386649722141,"CM"
3.10564663390726,"CM"
2.90843361048199,"CM"
3.09495211704566,"CM"
2.75702391335978,"CM"
2.7976780694846,"CM"
2.49600637200049,"CM"
3.10228656768213,"AM"
2.85150455761751,"AM"
2.96286305996457,"CM"
2.30551963627937,"CM"
2.92447631562547,"CM"
2.13595453339142,"CM"
3.05325321288097,"CM"
2.60525424948647,"CM"
3.03866310486632,"CM"
2.39278186142355,"CM"
3.26340402578482,"CM"
2.91704627443827,"CM"
2.44986915966111,"CM"
2.87494178347141,"CM"
2.90965104680677,"CM"
2.71287189586817,"CM"
3.0614316170825,"CM"
2.95841706626056,"CM"
3.07442642558181,"CM"
2.20379276124354,"CM"
3.0376780292825,"AM"
3.03335165404917,"CM"
2.68076049576961,"CM"
3.08288310447058,"CM"
2.98896672810381,"CM"
2.29238493987077,"CM"
2.42422707303384,"CM"
3.15874431902823,"CM"
3.20315518530644,"CM"
2.3949563752334,"CM"
3.02969029356243,"AM"
2.9197033486726,"CM"
2.06247764767439,"CM"
2.42210362191417,"CM"
2.68454004499822,"CM"
2.89725261326031,"CM"
3.09662759560379,"AM"
3.07403772350352,"CM"
2.83002321359964,"CM"
3.21260107121921,"CM"
3.13841897786692,"CM"
2.98403704802161,"CM"
3.25872590894211,"CM"
2.80019121931438,"CM"
3.12020718706081,"CM"
2.90800654353887,"CM"
2.14684783651373,"CM"
3.10429818372986,"AM"
3.19059276186346,"CM"
2.31411680081305,"AM"
2.98240051960798,"CM"
2.5086817859789,"CM"
3.04246205432064,"CM"
2.70981301659148,"CM"
3.0769721610034,"CM"
2.18099588692579,"CM"
3.04384950887336,"CM"
3.10311779746916,"AM"
3.3096169769441,"CM"
2.76502117941186,"CM"
3.16529341001458,"CM"
2.93881298465265,"CM"
2.93469925070821,"CM"
3.16958816730123,"CM"
3.22933317446004,"CM"
3.21101783150838,"CM"
3.14409173499859,"CM"
2.64928058220279,"CM"
3.08914063946676,"CM"
3.09515932983185,"CM"
3.07733435659831,"CM"
2.81683963883688,"CM"
3.04613615332063,"CM"
2.57400029521435,"CM"
3.03875916529003,"CM"
3.08222794011783,"CM"
3.11766352849971,"CM"
2.96739386840888,"CM"
3.12353875394591,"AM"
2.70546434393272,"CM"
3.0524469790989,"CM"
3.1490418615879,"CM"
3.11848661709529,"CM"
2.99091164676354,"CM"
3.07230898757694,"CM"
3.13614638320459,"CM"
3.12355886586804,"CM"
3.14009556685142,"CM"
3.52874514864994,"CM"
3.03357659134721,"AM"
3.09708656386281,"CM"
1.75047740831648,"CM"
2.51514339997125,"CM"
2.95226529456426,"CM"
2.94853546596396,"CM"
3.17529705299635,"CM"
3.01371726853617,"CM"
3.19968655899518,"CM"
2.61607370665327,"CM"
3.02264257888332,"CM"
3.14440532446689,"CM"
3.27393587622297,"AM"
3.12898537887091,"AM"
3.08560630748781,"CM"
3.0672266112591,"CM"
3.1005565051732,"CM"
3.21472563820911,"CM"
3.13583214782694,"CM"
2.71227946341362,"CM"
3.08362262729609,"CM"
2.98809223487725,"CM"
3.09556881509006,"AM"
1.66262101100245,"CM"
3.0188372703022,"CM"
3.03647835749097,"CM"
3.08263501364028,"AM"
3.01034209562195,"CM"
3.05357794693888,"CM"
3.026925178218,"CM"
3.12689304116808,"CM"
1.77331755490545,"CM"
3.07260593958379,"CM"
2.28838038410891,"CM"
3.09781023196749,"CM"
3.17177509788902,"CM"
3.06429586652268,"CM"
3.22583694348279,"CM"
2.75607266870758,"CM"
3.08231439928989,"CM"
3.19230066939163,"CM"
3.08293115561713,"AM"
3.06488997914315,"CM"
2.97102595558862,"CM"
3.025751471409,"CM"
3.17929695261987,"CM"
2.86664054755592,"CM"
2.8146985823692,"CM"
2.94783038701159,"CM"
3.13465868183807,"AM"
2.32773143317476,"CM"
2.33142695911526,"CM"
2.66166059877026,"AM"
3.0567640515887,"CM"
2.06564428274908,"AM"
3.07235461105827,"AM"
2.95735702333391,"CM"
3.1294395994819,"CM"
3.05206059664644,"CM"
3.07095140708288,"CM"
3.13007340830418,"CM"
3.01749897167814,"CM"
3.07332678185923,"CM"
3.19589448991162,"CM"
2.728139211044,"CM"
2.74575641879816,"CM"
3.00800750775238,"AM"
3.09009818180629,"CM"
3.16863863653758,"CM"
3.15309514510464,"CM"
2.67541843690593,"CM"
3.06781948885577,"CM"
3.06333243444405,"CM"
3.34697345296498,"CM"
2.89867500862592,"AM"
3.19053513594517,"CM"
3.06009887836575,"CM"
3.1362569351485,"CM"
3.06092356070426,"CM"
2.1100525829375,"CM"
3.08701333108693,"CM"
3.05462184109085,"CM"
2.18095443348454,"CM"
2.02972586793011,"CM"
2.85980967642117,"CM"
2.9862710773129,"CM"
2.92665592552106,"CM"
3.09514473802248,"CM"
2.98618405173424,"CM"
3.10508443015576,"CM"
3.15270914702675,"CM"
3.20050443754646,"CM"
3.0291261063581,"CM"
3.07974448650148,"CM"
3.02766088882019,"CM"
3.06988736415296,"AM"
3.16922129471935,"CM"
2.77983086859451,"CM"
2.46748591963577,"CM"
2.01668660840326,"CM"
3.06064707140021,"CM"
3.12832108974193,"CM"
3.01396121424791,"CM"
3.07051656703274,"CM"
3.11121525294157,"CM"
2.30857047072617,"CM"
3.03320851433847,"CM"
3.15390818322117,"CM"
2.47315569005818,"AM"
2.60236624319882,"CM"
3.13680181025054,"AM"
3.15528545467161,"CM"
3.06933625200109,"CM"
2.46506811712872,"CM"
3.21721500832655,"CM"
1.99335563998131,"CM"
2.76832831866527,"CM"
3.03633975164518,"CM"
2.32788267278579,"CM"
3.06469567665494,"CM"
3.11533002738917,"CM"
3.08590254490239,"CM"
3.08962809951712,"AM"
2.45602464381954,"CM"
2.68454765955037,"AM"
2.71674563568926,"CM"
2.92285530069297,"AM"
3.03635548981409,"AM"
3.02470709952536,"CM"
3.16781446602537,"CM"
2.09991171228453,"CM"
2.94069636555146,"CM"
2.91438490692296,"CM"
2.2405660936603,"CM"
2.16866748390535,"CM"
2.96532349173885,"CM"
2.36025615071219,"CM"
2.93240620307834,"CM"
3.11465959806025,"CM"
3.13682753358454,"CM"
3.12029114257499,"CM"
2.4986202115886,"CM"
2.70400737424403,"CM"
2.64915383396206,"CM"
3.11768728602605,"CM"
2.50675699054134,"CM"
2.78457898187407,"CM"
2.69279617175161,"CM"
2.89352275295115,"CM"
3.15155675018927,"CM"
2.08109967157674,"CM"
3.05531651088278,"CM"
2.91266591195093,"CM"
3.0462643990117,"CM"
3.17293422758585,"CM"
2.94739442707088,"CM"
2.41604745419563,"AM"
2.98066730565805,"CM"
2.88667539752181,"CM"
2.25105797168376,"CM"
3.2480388720321,"CM"
2.93110626237597,"CM"
2.59266726229057,"CM"
3.13032582457878,"CM"
3.0708489626731,"CM"
3.03809372155513,"CM"
2.79344686316311,"CM"
1.99530463669146,"CM"
3.06146152593202,"AM"
3.08322807426584,"CM"
2.6124467169097,"CM"
2.66629674365522,"CM"
2.88379082954789,"CM"
2.42297371083128,"CM"
2.8527245286504,"AM"
3.08647374872708,"CM"
3.1446826552582,"CM"
2.88572828112508,"CM"
3.03466994001601,"AM"
2.93009966550761,"CM"
3.08552788342153,"CM"
3.12185487721394,"CM"
2.67843479362014,"CM"
3.09724497170418,"CM"
2.97186815325307,"CM"
3.1184206176753,"CM"
2.73361401643392,"CM"
3.10087725274229,"CM"
2.71924921244761,"CM"
2.67118162072553,"AM"
3.01065764503157,"CM"
3.10679058346807,"CM"
2.3290263007773,"CM"
2.92892725296331,"CM"
2.18459911611037,"CM"
2.37084305899189,"CM"
3.0596774079266,"CM"
3.01695739238475,"CM"
2.4338390302372,"AM"
2.83201634894692,"CM"
2.44058943130632,"CM"
3.00024165300139,"CM"
3.08829466526691,"AM"
3.09620504445146,"CM"
3.28925190487884,"CM"
2.65656952846864,"CM"
2.69782303358228,"CM"
2.90297927691281,"CM"
2.77924984590356,"CM"
3.03520591723416,"CM"
3.17035957334907,"CM"
3.06687189733053,"CM"
2.72782925397065,"CM"
3.01888716511273,"CM"
3.05769112234344,"CM"
2.8485290297862,"AM"
2.72263245483446,"CM"
2.08456406439476,"AM"
3.01904387661809,"CM"
3.26888053206661,"CM"
2.97119547629319,"CM"
2.70771743213033,"AM"
3.38896043365498,"CM"
2.096387222403,"CM"
3.12248393880006,"CM"
2.55666605571496,"CM"
3.04102698877431,"CM"
3.11369676811203,"CM"
3.09998275390142,"CM"
3.0165025192509,"AM"
2.83497409486355,"CM"
2.5068897141165,"CM"
3.08692624773386,"CM"
3.08903139576672,"CM"
2.72542136490346,"CM"
2.81060585202,"CM"
3.05086579521454,"CM"
3.10068706437819,"CM"
2.78976984608143,"CM"
3.17469943632374,"CM"
3.01511639031114,"CM"
2.66681510708209,"CM"
3.08094938903398,"CM"
2.70398352441964,"CM"
3.10924921061436,"CM"
3.23515337284393,"CM"
3.08667078552156,"CM"
2.99123961968224,"CM"
2.82266867097514,"AM"
3.06410855237134,"AM"
3.4381081125789,"CM"
3.09161872475335,"CM"
3.09226869306169,"AM"
2.68313855067308,"CM"
3.09432188828842,"CM"
3.03860709866004,"CM"
3.21018687855662,"CM"
3.08668416945104,"CM"
3.13155944228623,"CM"
2.25822142834148,"CM"
3.06688284486266,"CM"
2.75003110366552,"CM"
3.31616841544843,"CM"
3.09732823000033,"AM"
3.0915652161863,"CM"
3.14337079720598,"AM"
2.68284300070703,"AM"
2.72871815484453,"AM"
2.93336357262192,"CM"
3.14123818329691,"CM"
3.01913385542536,"CM"
3.10670771340872,"AM"
3.03352307180774,"CM"
2.99891297118906,"CM"
3.06170916786498,"AM"
2.93444426530075,"CM"
2.97667596871767,"CM"
1.99887491914145,"CM"
3.09761312826885,"CM"
3.17061556867846,"CM"
3.0911556219699,"CM"
2.03123352766103,"CM"
2.71973414457631,"CM"
2.9816862074096,"CM"
3.05973827975392,"CM"
3.21722747581266,"CM"
2.88922358348186,"AM"
2.94132959731517,"CM"
3.08442175816896,"CM"
2.620838472213,"CM"
3.06208009505409,"CM"
2.85020702286429,"CM"
2.87342053263422,"CM"
2.97532094591649,"AM"
2.97922142540653,"CM"
3.11301027714912,"CM"
3.01244300257079,"CM"
3.11856019719169,"CM"
1.54472123661087,"CM"
3.25196770989013,"CM"
3.13131736537221,"CM"
3.09104489272513,"CM"
3.29366808319473,"CM"
2.79709626071131,"CM"
2.21634208070073,"CM"
3.16038451632756,"CM"
3.02875814108767,"CM"
2.81361592165765,"CM"
2.9715287546691,"AM"
2.94532922073712,"CM"
3.11036862296298,"CM"
2.07669098455044,"CM"
2.38719980353048,"CM"
2.91556881436355,"CM"
3.04877197680432,"CM"
2.92305047614649,"CM"
2.30456334359042,"CM"
3.17640265255451,"CM"
2.25542022617032,"CM"
2.12815123694269,"CM"
3.03332904425621,"CM"
3.13109468150505,"CM"
2.36267073690198,"CM"
3.21119687405286,"CM"
2.14596577287585,"CM"
3.13755987681777,"CM"
2.69853968289589,"CM"
2.22407174511707,"CM"
2.99211618002777,"CM"
3.09675551104146,"CM"
3.11869022793628,"CM"
3.05301626686503,"CM"
2.68592561220943,"AM"
3.23807012642738,"CM"
2.68261419726397,"CM"
2.99771203722721,"AM"
2.81434090062046,"CM"
2.31496431791832,"CM"
2.08553905815367,"CM"
2.17270000011803,"CM"
2.42034619185838,"CM"
3.10660378175582,"CM"
2.779450114526,"CM"
1.9771391812316,"CM"
3.07772679261287,"CM"
3.14918702229821,"CM"
2.33696003154909,"AM"
2.99202078510613,"CM"
2.99135586784696,"CM"
3.1658077737843,"CM"
3.13859826624204,"CM"
3.05339625529857,"CM"
2.91300148396775,"CM"
3.1509390844157,"CM"
3.07969839368568,"AM"
3.04145434066539,"CM"
3.08146388066451,"CM"
2.77206557993897,"CM"
2.12347754238353,"CM"
3.08567338429855,"CM"
2.87816882301632,"CM"
1.27251557559623,"CM"
3.0110740250494,"CM"
3.08728739787468,"CM"
3.11953343503264,"CM"
3.13858958390996,"CM"
3.07528122913611,"CM"
3.0892971481193,"CM"
3.02714369408021,"AM"
3.12667503607582,"CM"
2.88814329372286,"AM"
3.15890176110374,"CM"
2.67303518863493,"CM"
2.2477306384424,"CM"
2.98095446919405,"CM"
3.12148661830137,"CM"
1.98629816541156,"CM"
3.05064087838989,"CM"
2.7089440392932,"CM"
3.17243668305231,"CM"
3.14107744229643,"AM"
3.12090472305105,"CM"
3.10194565300709,"CM"
2.63498385377292,"CM"
2.98487879061199,"CM"
3.22436390544117,"CM"
3.11317380584288,"CM"
3.25176488538144,"CM"
2.42886301880122,"CM"
3.14884459198617,"CM"
3.10587993782885,"CM"
3.12879288397619,"CM"
2.89536911968886,"CM"
3.13685833170561,"CM"
2.98067745838314,"CM"
2.88729933973579,"CM"
2.76348443910867,"CM"
3.15119398198719,"CM"
2.59948677978853,"CM"
2.79700593279734,"CM"
2.7035501947417,"AM"
3.03616278675402,"AM"
3.28187140241372,"CM"
3.14693579395148,"CM"
3.00424233194822,"CM"
3.10715786054316,"CM"
3.15658949312762,"CM"
2.08160024802583,"CM"
3.13509307716714,"AM"
3.05239282181159,"CM"
2.77370657477365,"CM"
2.70469459757634,"CM"
2.23606951629623,"CM"
1.80043945767003,"CM"
2.74753705998402,"CM"
3.07320994461721,"CM"
3.10695560155961,"CM"
3.22489967072049,"CM"
2.58769175807449,"AM"
3.11237765763328,"CM"
2.0708478308815,"CM"
2.73236119049712,"CM"
2.19387793287359,"CM"
3.10713802854695,"CM"
2.83296978594767,"AM"
3.09466335175918,"CM"
2.93479772470077,"CM"
2.68178767290395,"CM"
3.02562272043994,"AM"
3.11803042577105,"AM"
3.07784173304422,"CM"
3.4546615115169,"CM"
2.08025191802492,"CM"
2.6897607405624,"AM"
3.05581439031956,"CM"
2.90104068074841,"CM"
3.08503181777444,"CM"
2.67059168805793,"CM"
3.10873205643416,"CM"
3.0451871392078,"CM"
3.02159256039902,"CM"
2.90336469799236,"CM"
2.06824362322093,"AM"
2.73176108380667,"CM"
2.12191001604016,"CM"
3.08846012750444,"CM"
3.17390098728669,"CM"
3.08998294531293,"CM"
2.17402124829064,"CM"
2.85617017940929,"CM"
2.95099734793297,"CM"
3.08868837726031,"CM"
3.02135543901533,"CM"
3.06442700492313,"CM"
1.91577976856114,"CM"
2.17405115342654,"CM"
2.64369805142734,"CM"
3.10581749020311,"AM"
3.08220215432343,"CM"
3.06271602651796,"CM"
3.18831835063793,"CM"
2.4934811727051,"CM"
3.09497822793248,"CM"
3.06955788581961,"CM"
2.78149554788173,"CM"
2.42257343739299,"CM"
3.04738069114062,"CM"
3.07055583338239,"AM"
3.0693204016122,"CM"
3.10268531654494,"AM"
3.02015875535068,"CM"
3.05537434427238,"CM"
3.00114768896197,"CM"
3.33667974583575,"CM"
2.77870293927915,"CM"
3.08360436499456,"CM"
2.68065307428828,"CM"
0.244490388057558,"CM"
0.354097336312144,"CM"
1.79150184014442,"CM"
0.252336255293907,"CM"
0.226808535360386,"CM"
0.273319199985192,"CM"
0.266170726099684,"CM"
0.146513296031256,"CM"
0.360962053151647,"CM"
0.240364823993713,"CM"
0.233442157860471,"CM"
1.54973487047774,"CM"
0.216055002306412,"CM"
0.255232547141518,"CM"
0.282287669288831,"CM"
0.302834349984906,"CM"
3.1062101343923,"CM"
0.231189621163193,"CM"
0.231648835724185,"CM"
0.313377019375762,"CM"
0.493180401999667,"CM"
3.03041284911261,"CM"
0.340343348027872,"CM"
0.138380340149288,"CM"
0.25457861498734,"CM"
3.04114155905815,"CM"
0.432556222363012,"CM"
0.282900668768003,"CM"
0.287725073704628,"CM"
0.657443015237909,"CM"
0.310485379690006,"CM"
0.340028696574015,"CM"
0.289975290979956,"CM"
0.214214938693989,"CM"
1.07998057634989,"CM"
0.33314353952942,"CM"
0.710271622360587,"CM"
1.17197438483321,"CM"
2.94216868770366,"CM"
0.361055838147438,"CM"
0.691396178576973,"CM"
0.302989130107534,"CM"
0.336355255510789,"CM"
0.285454683975165,"CM"
3.15332923439672,"CM"
0.337261489069599,"CM"
0.261717573972024,"CM"
0.172863589659769,"CM"
3.03277696176318,"CM"
0.319907789186854,"CM"
0.19025544005879,"CM"
1.95521305070007,"CM"
0.279490439145453,"CM"
0.340098923750902,"CM"
0.214935208156339,"CM"
0.543207452237785,"CM"
0.227143532803145,"CM"
0.291670518820356,"CM"
0.167284518639727,"CM"
3.03801624407431,"CM"
0.304718748747191,"CM"
2.30369106118513,"CM"
0.163329195674389,"CM"
0.314813890509123,"CM"
0.229811398950534,"CM"
0.329855922684407,"CM"
0.297402115194688,"CM"
0.315399166063008,"CM"
0.255274389257848,"CM"
0.336248274871327,"CM"
0.320684844176191,"CM"
2.20697309162854,"AM"
2.99284985452127,"CM"
0.218790836976096,"CM"
1.52205921658123,"CM"
2.98332652096456,"CM"
1.08214660414571,"CM"
0.134809570259418,"CM"
0.471799831980642,"CM"
0.679034959714304,"CM"
0.267114462998222,"CM"
0.206935172492373,"CM"
1.92731107978861,"AM"
0.643807108114268,"CM"
0.33291411038526,"CM"
0.330924446958209,"CM"
0.204709056969678,"CM"
3.01646236809388,"CM"
0.800545592517583,"CM"
0.83142370361247,"CM"
2.18191914873383,"CM"
2.9168425537712,"CM"
2.98895923248696,"CM"
0.997411799343305,"CM"
2.60379182518326,"CM"
0.81142605057796,"CM"
1.04515423264485,"CM"
0.465422821842468,"CM"
0.310243218243623,"CM"
0.184366281681562,"CM"
0.450188163556578,"CM"
0.882940316088914,"CM"
0.285052705612499,"CM"
3.05704128303285,"CM"
0.349394559114174,"CM"
0.606173315258395,"CM"
0.241190814317776,"CM"
0.288471576292456,"CM"
0.246229094697051,"CM"
0.0934837606715966,"CM"
2.95769837490441,"CM"
0.306849879186218,"CM"
3.0126236857307,"CM"
1.17515904966459,"CM"
2.60209303957481,"CM"
0.264074880619992,"CM"
0.800437727584619,"CM"
0.0693215252353259,"CM"
0.331090501683568,"CM"
0.142271225465985,"CM"
0.220049609110441,"CM"
0.55044909865141,"CM"
0.591704079360556,"CM"
0.283712814527835,"CM"
0.246409483090211,"CM"
0.308166023211222,"CM"
0.32363951658257,"CM"
0.505414884356073,"CM"
0.210047170295,"CM"
0.279710196884693,"CM"
0.116934042684554,"CM"
0.241620509214438,"CM"
0.284647838007497,"CM"
0.872056489392814,"CM"
0.327503591660371,"CM"
0.83741143159411,"CM"
0.2978593357909,"CM"
0.217017592802938,"CM"
0.220299022737588,"CM"
0.822908743687206,"CM"
0.30856292707756,"CM"
0.272071270580893,"CM"
1.04672538512568,"CM"
0.200113815809968,"CM"
0.163261541164978,"CM"
0.687453436377401,"CM"
0.0973903503765374,"CM"
0.232847363217413,"CM"
0.110716835488232,"CM"
0.24761582282661,"CM"
0.541137326135503,"CM"
0.311054577372339,"CM"
2.91370625767313,"CM"
0.141656086367458,"CM"
0.113003196604352,"CM"
0.179088278467882,"CM"
0.276192697538956,"CM"
0.289165751057184,"CM"
0.296324669310371,"CM"
1.11018528193288,"CM"
0.134479592622745,"CM"
0.698293524384551,"CM"
0.325178318418842,"CM"
0.255763989197883,"CM"
0.511901130708864,"CM"
0.262309593471165,"CM"
0.188311041726834,"CM"
0.186452381173246,"CM"
0.172311579941164,"CM"
3.0108270082382,"CM"
0.670476332900401,"CM"
0.289359784396865,"CM"
0.352866100085812,"CM"
0.471170658474034,"CM"
0.282057661307038,"CM"
2.96849177904867,"CM"
0.541504455633285,"CM"
0.310865014413428,"CM"
0.308699773528841,"CM"
0.572096122395007,"CM"
2.32292162839667,"CM"
0.890584988733535,"CM"
1.79523736206487,"CM"
0.353833903462187,"CM"
0.060984583662935,"CM"
0.220870519986115,"CM"
0.701095927033295,"CM"
0.935560073394266,"CM"
0.319365840626324,"CM"
0.349163168824717,"CM"
0.31782346682139,"CM"
0.60239330740501,"CM"
0.284616589429609,"CM"
0.303643161113928,"CM"
0.288123929101734,"CM"
2.96129557009749,"CM"
0.182794231587532,"CM"
0.0237696975526181,"CM"
0.290873621886336,"CM"
0.229318781850633,"CM"
0.232725248636609,"CM"
0.823048277009409,"CM"
2.94450115024355,"CM"
0.610350449611701,"CM"
2.9872011588654,"CM"
0.353174888254136,"CM"
0.312130478286153,"CM"
0.313663033724959,"CM"
1.02362271059008,"CM"
2.03737407382142,"CM"
0.256879611269923,"CM"
0.294444472618015,"CM"
