"p_val","avg_log2FC","pct.1","pct.2","p_val_adj","cluster","gene"
0,1.81419920437979,0.993,0.407,0,"0","RPL31"
0,1.79017930225187,0.992,0.41,0,"0","RPS20"
0,1.82638086947106,0.968,0.389,0,"0","RPS17"
0,1.91462155079666,0.995,0.418,0,"0","RPL7"
0,1.82291890215609,0.969,0.402,0,"0","RPL36A"
0,1.81466838927444,0.98,0.416,0,"0","RPL38"
0,1.47515800694082,0.977,0.414,0,"0","JUNB"
0,1.86460346635278,0.944,0.385,0,"0","RPL4"
0,1.6394500461531,0.998,0.442,0,"0","RPL23A"
0,1.7369551818287,0.988,0.436,0,"0","RPL10A"
0,1.55138417139738,0.975,0.425,0,"0","RPL27"
0,1.66014132211741,0.998,0.451,0,"0","RPL27A"
0,1.41723813607066,0.881,0.334,0,"0","DNAJB1"
0,1.67739789897733,0.972,0.425,0,"0","RPS5"
0,1.84139458323819,0.998,0.454,0,"0","RPS25"
0,1.78294129064289,0.963,0.419,0,"0","RPLP0"
0,1.65462496960383,0.996,0.453,0,"0","RPS16"
0,1.4805389870442,0.968,0.425,0,"0","RPS11"
0,1.5680620608888,0.988,0.446,0,"0","RPL29"
0,1.54984607780166,0.997,0.455,0,"0","RPL26"
0,1.55516203051261,0.994,0.452,0,"0","RPS9"
0,1.70373409535649,0.953,0.412,0,"0","RPL22"
0,1.68782461271269,0.991,0.45,0,"0","RPS3A"
0,1.84370426833905,0.995,0.455,0,"0","RPS13"
0,1.96437633193479,0.998,0.459,0,"0","RPS6"
0,1.620907584217,0.994,0.455,0,"0","RPL35"
0,1.65328947614725,0.998,0.459,0,"0","RPS15A"
0,1.4884931687217,0.969,0.43,0,"0","UBA52"
0,1.7159137196452,0.991,0.453,0,"0","RPL21"
0,1.8123390649464,0.998,0.461,0,"0","RPL18A"
0,1.38967716716093,0.997,0.462,0,"0","RPL15"
0,1.7209807660729,0.999,0.464,0,"0","RPL35A"
0,1.55948838096444,0.924,0.39,0,"0","CXCR4"
0,1.62764088326534,0.99,0.456,0,"0","RPL9"
0,1.50393736482528,0.996,0.462,0,"0","TPT1"
0,1.40695823694008,0.934,0.4,0,"0","RPL23"
0,1.54747635055875,0.971,0.437,0,"0","RPS21"
0,1.3967601570413,0.971,0.438,0,"0","RPL24"
0,1.61084518099596,0.968,0.435,0,"0","RPS10"
0,1.64940740581934,0.997,0.464,0,"0","RPS4X"
0,1.77800957296231,0.999,0.467,0,"0","RPS29"
0,1.775308377234,0.996,0.464,0,"0","RPL36"
0,1.81740439985104,1,0.469,0,"0","RPS18"
0,1.67238617323054,0.892,0.361,0,"0","RPL17"
0,1.10814269903704,0.967,0.436,0,"0","FTL"
0,1.64832263559044,0.999,0.47,0,"0","RPS23"
0,1.52179817686783,0.986,0.457,0,"0","RPL14"
0,1.71540946784622,0.997,0.468,0,"0","RPL12"
0,1.32512071285606,0.922,0.394,0,"0","HSPA8"
0,1.76608276672967,0.999,0.472,0,"0","RPL13A"
0,1.4340842410808,0.963,0.437,0,"0","RACK1"
0,1.42839068848397,0.884,0.358,0,"0","DNAJA1"
0,1.44804178569132,0.997,0.471,0,"0","RPS3"
0,1.45220809283399,0.944,0.418,0,"0","PFDN5"
0,1.57776578962697,0.99,0.464,0,"0","RPL6"
0,1.66906054349968,1,0.475,0,"0","RPS27"
0,1.50467686296883,0.99,0.466,0,"0","RPL37A"
0,1.52392457312389,0.991,0.467,0,"0","RPL37"
0,1.29122378905596,0.962,0.438,0,"0","UBC"
0,1.75930791572482,0.997,0.474,0,"0","RPL3"
0,1.44056745712446,0.989,0.466,0,"0","RPS7"
0,1.62749500565899,0.989,0.467,0,"0","RPL8"
0,1.61572749608953,0.989,0.467,0,"0","FTH1"
0,1.02616960427871,0.95,0.428,0,"0","UBB"
0,1.75980028833713,0.999,0.478,0,"0","RPS12"
0,1.60070410772988,0.999,0.478,0,"0","RPS19"
0,1.69413667478865,0.999,0.479,0,"0","RPS14"
0,1.5748276529902,0.995,0.475,0,"0","RPL19"
0,1.93835981160048,1,0.481,0,"0","RPL32"
0,1.44925687402216,0.931,0.414,0,"0","EEF1D"
0,1.83826327649693,0.999,0.484,0,"0","RPLP2"
0,1.53602546221974,0.942,0.427,0,"0","RPSA"
0,1.25947696583511,0.995,0.481,0,"0","EIF1"
0,1.64282149306202,1,0.488,0,"0","RPS15"
0,1.72860077827311,1,0.489,0,"0","RPS2"
0,1.25615529640282,0.868,0.358,0,"0","DUSP1"
0,1.56492677199818,0.999,0.489,0,"0","RPL30"
0,1.6367072155278,1,0.493,0,"0","RPS27A"
0,1.14955657547077,0.893,0.387,0,"0","CD52"
0,1.59201867982191,0.729,0.223,0,"0","LTB"
0,1.50191424859493,0.989,0.483,0,"0","RPL18"
0,1.17552597276537,0.952,0.447,0,"0","RPL7A"
0,1.77166110877919,0.997,0.494,0,"0","RPS8"
0,1.3780940347106,0.995,0.492,0,"0","FAU"
0,1.56512992648749,0.84,0.338,0,"0","EEF1B2"
0,1.29667909851436,0.909,0.41,0,"0","NACA"
0,1.84392478676412,1,0.502,0,"0","RPL13"
0,1.82743337350748,0.999,0.502,0,"0","RPL39"
0,1.22035699521357,0.878,0.383,0,"0","FOS"
0,1.99618107254077,0.999,0.506,0,"0","RPL34"
0,1.71572161823966,0.998,0.507,0,"0","RPL11"
0,1.79220756343098,0.768,0.278,0,"0","NOP53"
0,1.44272926183176,0.948,0.459,0,"0","RPL5"
0,1.53289520634662,0.796,0.311,0,"0","RPS4Y1"
0,1.36203825877946,0.858,0.375,0,"0","BTF3"
0,1.00079682193068,0.975,0.493,0,"0","RPS24"
0,1.3239732019138,0.905,0.425,0,"0","TSC22D3"
0,1.12674331470484,0.997,0.521,0,"0","TMSB10"
0,1.39325086824352,0.803,0.328,0,"0","SAP18"
0,1.67276835518143,0.999,0.526,0,"0","RPS28"
0,1.26814162381783,0.773,0.305,0,"0","TRAC"
0,1.1920523557418,0.99,0.522,0,"0","H3F3B"
0,1.45659781507679,0.999,0.532,0,"0","RPL28"
0,1.7062115859898,1,0.533,0,"0","RPL10"
0,1.35840302819017,0.822,0.357,0,"0","TOMM7"
0,1.320602268397,0.804,0.341,0,"0","COX7C"
0,1.24800551443611,0.992,0.529,0,"0","PTMA"
0,1.12181965709885,0.863,0.4,0,"0","HNRNPA1"
0,1.24270886808929,0.82,0.358,0,"0","COX4I1"
0,0.980869931093338,0.916,0.456,0,"0","SRGN"
0,1.68836361444097,1,0.54,0,"0","RPLP1"
0,1.0220853626147,1,0.542,0,"0","TMSB4X"
0,1.0768672546645,0.807,0.35,0,"0","NFKBIA"
0,1.04455068116704,0.748,0.291,0,"0","CD3D"
0,1.13865888339454,0.816,0.36,0,"0","DYNLL1"
0,1.5340947476206,0.778,0.326,0,"0","EEF2"
0,1.05005805776359,0.832,0.381,0,"0","HSP90AB1"
0,1.28043965726996,0.834,0.383,0,"0","CD69"
0,1.19727514216798,0.781,0.332,0,"0","H2AFZ"
0,1.43744962716872,0.751,0.302,0,"0","SLC25A6"
0,1.27300485776335,0.814,0.366,0,"0","NPM1"
0,1.3658990037464,0.889,0.442,0,"0","ZFP36L2"
0,1.18869514418629,0.952,0.505,0,"0","BTG1"
0,1.43256109994548,0.748,0.303,0,"0","COMMD6"
0,1.36440293337796,0.759,0.325,0,"0","FXYD5"
0,1.62089597984228,1,0.573,0,"0","RPL41"
0,1.12553005100361,0.779,0.354,0,"0","ATP5MG"
0,1.63894140518955,0.998,0.574,0,"0","EEF1A1"
0,1.75961703962457,0.637,0.229,0,"0","LDHB"
0,2.66643970124715,0.515,0.116,0,"0","GPR183"
0,1.46840303040711,0.63,0.234,0,"0","RGCC"
0,1.19522165166561,0.66,0.264,0,"0","PPP1R15A"
0,0.932739500915779,0.962,0.578,0,"0","MT-ND2"
0,1.36843380177432,0.642,0.259,0,"0","UQCRB"
0,1.32668684467361,0.652,0.273,0,"0","ZFAS1"
0,1.37561964429575,0.655,0.28,0,"0","EIF3E"
0,1.66612246795888,0.556,0.196,0,"0","EIF4A3"
0,2.87969268297573,0.289,0.048,0,"0","CCR7"
7.79199231560457e-305,1.74186785557536,0.466,0.151,2.31476715719665e-300,"0","C6orf48"
1.54591455655849e-301,0.948636477939682,0.8,0.356,4.59244837316831e-297,"0","JUN"
2.19456341512555e-296,1.1440712833954,0.81,0.425,6.51938953731348e-292,"0","KLF6"
3.2650265249468e-289,1.2966311877074,0.703,0.341,9.69941429765944e-285,"0","SARAF"
4.48026370456753e-288,0.695183201493305,0.979,0.605,1.33095193871588e-283,"0","MT-ND4"
6.62863036573375e-287,1.58516934303637,0.547,0.215,1.96916722274853e-282,"0","YPEL5"
5.05793581395978e-284,1.91980215230408,0.452,0.15,1.50256099225303e-279,"0","KLRB1"
2.03693216925997e-283,1.0616605373842,0.749,0.345,6.0511143952206e-279,"0","YBX1"
2.15387252177864e-280,1.21005131585795,0.659,0.285,6.39850910044781e-276,"0","HERPUD1"
9.20015057507645e-279,1.14223993423256,0.693,0.314,2.73308873133796e-274,"0","HINT1"
6.58489568340586e-274,1.40433345883507,0.553,0.215,1.95617496066938e-269,"0","CITED2"
1.07755844689513e-271,1.21180254511198,0.649,0.286,3.20110287819135e-267,"0","TUBA1B"
6.42874188261073e-270,0.902555252691828,0.824,0.399,1.90978635106717e-265,"0","ATP5F1E"
3.171775832677e-269,1.33940522308793,0.619,0.269,9.42239446613355e-265,"0","CREM"
3.38500745003137e-267,1.1670510522017,0.714,0.344,1.00558416318082e-262,"0","CALM2"
1.31047495652584e-266,0.717565741311317,0.893,0.454,3.89302795335132e-262,"0","HSP90AA1"
2.60870142395414e-265,0.639321021676114,0.891,0.459,7.74966932014056e-261,"0","IL32"
1.85753388086075e-259,1.11586760971211,0.647,0.282,5.51817589987303e-255,"0","TUBB4B"
2.25667269066115e-259,1.046134660814,0.712,0.335,6.70389756214709e-255,"0","RPL36AL"
2.58054880607816e-258,1.12397399895532,0.66,0.291,7.6660363382164e-254,"0","OST4"
1.91718889351159e-257,0.608899625495408,0.989,0.682,5.69539304595489e-253,"0","MT-CO3"
1.42162374517421e-256,1.21308626407925,0.554,0.212,4.22321765978903e-252,"0","CD3E"
7.48416820640782e-256,0.763477184923101,0.888,0.433,2.22332184907757e-251,"0","CFL1"
1.10763051856677e-255,0.517034592177608,0.991,0.657,3.2904379815063e-251,"0","ACTB"
1.00588394649492e-253,1.50630202633771,0.516,0.203,2.98817943985247e-249,"0","RGS1"
3.92529872899942e-248,0.928531327983564,0.701,0.314,1.16608849342386e-243,"0","FOSB"
1.48304915334691e-245,0.646679827853917,0.88,0.43,4.40569411984766e-241,"0","GAPDH"
1.74489878060264e-245,1.31050976581226,0.544,0.224,5.18357080753625e-241,"0","SELENOK"
2.51658214695897e-245,0.582661081291585,0.97,0.636,7.476010583971e-241,"0","MT-CYB"
2.65494736549674e-243,0.813032745757039,0.856,0.432,7.88705213868117e-239,"0","SERF2"
1.17837758300456e-240,0.780205387041483,1,0.8,3.50060628583165e-236,"0","B2M"
1.26297432274012e-236,0.690220099248588,0.874,0.486,3.75191782056407e-232,"0","MT-ND1"
7.73545200301446e-235,1.63822527564681,0.646,0.335,2.2979707265355e-230,"0","ANXA1"
4.5428239582209e-234,0.790105276489188,0.859,0.494,1.34953671326868e-229,"0","S100A4"
1.81427354008538e-226,0.830864584164527,0.828,0.444,5.38966240553163e-222,"0","CALM1"
5.45374065127195e-225,1.15789338713277,0.574,0.25,1.62014273527336e-220,"0","SNRPD2"
6.98777686314322e-222,1.90349925246322,0.327,0.098,2.07585887273396e-217,"0","SOCS3"
2.18251081521624e-221,0.858253320792388,0.704,0.332,6.48358487876287e-217,"0","ZFP36"
8.42628545568581e-216,0.820053697326945,0.767,0.377,2.50319662032058e-211,"0","OAZ1"
1.11381982680373e-215,1.19350674660458,0.515,0.215,3.30882455948586e-211,"0","TRBC1"
4.88695385148767e-215,1.72247459308471,0.364,0.121,1.45176738066144e-210,"0","DNAJB9"
3.0945007386527e-213,1.63798492144468,0.377,0.129,9.19283334431558e-209,"0","TOB1"
7.65782485281053e-213,0.785885286933439,0.677,0.314,2.27491002902442e-208,"0","GADD45B"
2.66542554534505e-210,1.34615069080393,0.454,0.179,7.91817966755654e-206,"0","SNHG8"
3.31293179086409e-209,1.28824571013334,0.518,0.224,9.84172647111996e-205,"0","CYCS"
2.28759139868428e-207,0.954156288853895,0.697,0.353,6.7957477680714e-203,"0","TMA7"
1.3187109563644e-205,1.03166439520249,0.613,0.288,3.91749463807173e-201,"0","DDIT4"
3.58446423504039e-204,0.973827407466128,0.688,0.342,1.06483679030345e-199,"0","SAT1"
2.84071450032062e-203,0.858193135475458,0.761,0.404,8.43891056610246e-199,"0","ARHGDIB"
2.98325851367223e-203,0.517283219706957,0.915,0.478,8.86236606656609e-199,"0","PFN1"
3.19272689312347e-200,0.654140588068599,0.838,0.425,9.48463378140188e-196,"0","SH3BGRL3"
1.77630616156619e-198,1.15615814246929,0.529,0.234,5.27687271416469e-194,"0","PPDPF"
7.77355372431797e-198,0.922680620130481,0.799,0.519,2.30928960488314e-193,"0","PABPC1"
6.58607687173756e-196,0.97645409564893,0.597,0.28,1.95652585628708e-191,"0","LDHA"
2.25235244482416e-194,1.15197646072401,0.527,0.237,6.69106340783913e-190,"0","SERP1"
2.81625408398842e-193,1.22439553244831,0.496,0.215,8.36624600730441e-189,"0","TUBA1A"
7.52536791962551e-193,1.11582851545987,0.542,0.247,2.23556104788315e-188,"0","RBM8A"
9.68112049552962e-193,1.03065423181312,0.611,0.302,2.87597046560699e-188,"0","LAPTM5"
1.76617875220298e-189,1.2243046782944,0.46,0.189,5.24678721916939e-185,"0","APRT"
6.23611623710675e-189,1.03445168925768,0.576,0.272,1.8525630505573e-184,"0","EIF3K"
8.00708630973965e-188,0.509854052668991,0.993,0.748,2.37866513003436e-183,"0","MT-CO1"
8.50779234162115e-186,0.677681762276293,0.81,0.426,2.5274098709254e-181,"0","MYL6"
1.49700175354217e-185,0.993323632821998,0.618,0.306,4.44714310924773e-181,"0","RPS26"
2.05788656512064e-182,1.03551768045114,0.586,0.29,6.11336361900387e-178,"0","LMNA"
2.16497438930984e-181,1.22294453432983,0.46,0.197,6.43148941832273e-177,"0","HNRNPA0"
3.31825862817783e-181,0.954455175955742,0.564,0.262,9.85755090672789e-177,"0","HSPA5"
1.33120344663598e-180,1.23481095466735,0.473,0.207,3.95460607892149e-176,"0","ARL6IP1"
9.0702975955729e-176,0.706288973074566,0.845,0.491,2.69451330671684e-171,"0","S100A6"
1.09589824256473e-175,0.925627521068032,0.608,0.307,3.25558490918705e-171,"0","TRBC2"
1.51886421811279e-175,1.16348319991273,0.466,0.203,4.51208993274767e-171,"0","NDUFS5"
1.97267888384063e-175,1.0014039405059,0.574,0.278,5.86023716022535e-171,"0","BRD2"
6.74038841696072e-175,1.02759047441625,0.521,0.239,2.00236718702652e-170,"0","UQCRH"
4.42068614884843e-172,1.05403658308907,0.511,0.235,1.3132532342384e-167,"0","HSPE1"
2.73698687195147e-171,1.35001603500683,0.389,0.154,8.13076690050622e-167,"0","SBDS"
3.96108207440664e-171,1.12602241916681,0.468,0.204,1.17671865184398e-166,"0","RAN"
1.91322109782152e-170,1.12472166657206,0.515,0.24,5.68360591529839e-166,"0","BIRC3"
2.63459190772044e-169,1.02441720650143,0.531,0.252,7.82658218026512e-165,"0","TNFAIP3"
7.66519669554687e-169,1.09275267528806,0.493,0.223,2.27709998234611e-164,"0","EIF3F"
1.58821848682621e-168,1.22403709899672,0.508,0.243,4.71812065881461e-164,"0","IRF1"
4.94810969362277e-168,0.795387970780207,0.672,0.342,1.46993494668452e-163,"0","SRP14"
4.47354427172034e-163,1.01384181435813,0.508,0.24,1.32895579679996e-158,"0","SOD1"
4.65812598248929e-162,0.438213609227237,0.779,0.444,1.38378948561809e-157,"0","VIM"
9.89439758339751e-161,1.38160949293743,0.331,0.121,2.9393286900999e-156,"0","RSL1D1"
3.49627217386053e-160,1.28001685442545,0.401,0.167,1.03863757468875e-155,"0","UXT"
6.52627498912286e-158,1.28227679916611,0.373,0.149,1.93876051101873e-153,"0","ATP5PO"
4.75926498355704e-157,1.03353887469112,0.494,0.231,1.41383484866529e-152,"0","SSR2"
1.40736375881676e-156,0.92987881583415,0.507,0.235,4.18085551831694e-152,"0","IFITM1"
4.13084611850124e-156,0.828142837788147,0.536,0.254,1.22715045642316e-151,"0","NR4A2"
2.59177858161847e-155,1.0214849043462,0.524,0.256,7.69939663241398e-151,"0","PNRC1"
4.40670412558732e-155,1.34470917135747,0.351,0.137,1.30909959458822e-150,"0","AC016831.5"
4.66563195024712e-153,0.926821038491228,0.525,0.254,1.38601928345991e-148,"0","COX6C"
7.12847076376395e-152,1.28569420747236,0.347,0.134,2.11765480979136e-147,"0","OCIAD2"
7.59282556842497e-151,1.11054044526564,0.429,0.19,2.25560069161201e-146,"0","MIF"
2.3290636698713e-150,1.00819727234432,0.476,0.22,6.91894944408666e-146,"0","CIB1"
3.34216247883659e-149,1.7683753117516,0.253,0.082,9.92856207587987e-145,"0","AL121944.1"
8.35896834530972e-148,0.777839221786936,0.599,0.302,2.48319872634116e-143,"0","CHCHD2"
4.57160527962119e-147,0.438670663664941,0.974,0.628,1.35808678041707e-142,"0","HLA-A"
5.99359725703364e-146,0.878713735416218,0.539,0.269,1.78051793714698e-141,"0","SSR4"
1.36023366071934e-145,0.956283048228128,0.506,0.245,4.04084613589894e-141,"0","UQCR11"
3.02224821292613e-145,0.873659037892791,0.531,0.262,8.97819276613966e-141,"0","NDUFA4"
8.71632620293841e-145,0.823608738361935,0.571,0.292,2.58935902510691e-140,"0","CRIP1"
1.71559371959878e-141,0.731090958747914,0.672,0.372,5.09651426281209e-137,"0","CIRBP"
4.10811450183388e-141,1.30503795617481,0.347,0.142,1.22039757505979e-136,"0","CKS2"
6.04414357430722e-141,0.485667071370087,0.735,0.391,1.79553373161945e-136,"0","MYL12A"
9.03503994346105e-141,0.989653287465972,0.45,0.21,2.68403931600397e-136,"0","GSTK1"
1.18198010926847e-140,0.87736505583463,0.522,0.257,3.51130831060386e-136,"0","COX7A2"
5.36497869337323e-138,1.32087968125132,0.31,0.118,1.59377422044038e-133,"0","PRDX2"
2.27690293999852e-137,0.914696983367327,0.505,0.252,6.76399556385362e-133,"0","GMFG"
4.65509435304702e-137,1.12670091403095,0.399,0.178,1.38288887945968e-132,"0","EIF3L"
1.05412393269993e-136,0.58631435765281,0.923,0.68,3.13148596687169e-132,"0","DDX5"
2.57672424978818e-136,0.426189617251787,0.981,0.672,7.65467472884575e-132,"0","HLA-B"
5.53756784084426e-136,1.41341446373426,0.263,0.091,1.6450452784796e-131,"0","NOSIP"
1.29536063744125e-132,0.392974920500746,0.849,0.48,3.84812784564673e-128,"0","ACTG1"
7.89447128128481e-132,0.563581114654138,0.688,0.376,2.34521058353128e-127,"0","ID2"
1.13186390332412e-131,1.15708591643938,0.347,0.145,3.36242809760498e-127,"0","AES"
2.17762600717493e-131,1.15711949505693,0.403,0.183,6.46907357951456e-127,"0","IGKC"
6.24950018706023e-131,1.17051997935154,0.35,0.148,1.85653902056998e-126,"0","CSRNP1"
1.28865177208848e-130,0.729799546319987,0.698,0.409,3.82819781934324e-126,"0","ITM2B"
1.85083981943626e-130,1.06377206548494,0.338,0.137,5.49828985159929e-126,"0","RNASET2"
1.19909634657985e-128,0.821858490255525,0.506,0.254,3.56215551678475e-124,"0","EDF1"
1.02756981052286e-127,0.488057770822901,0.681,0.363,3.05260163612026e-123,"0","IER2"
7.31978500319463e-127,1.22889230657505,0.329,0.136,2.17448853089903e-122,"0","ARID5A"
1.25396659360585e-125,1.21596521723727,0.307,0.122,3.72515855962489e-121,"0","TIMP1"
3.50215099449479e-123,0.726624427282683,0.603,0.329,1.04038399593457e-118,"0","SRSF3"
1.74012837378478e-122,0.930180868750668,0.44,0.212,5.16939936000246e-118,"0","ZNF331"
7.74535518787649e-122,0.772058815017171,0.535,0.279,2.30091266566247e-117,"0","TPI1"
4.49182934094113e-121,0.968231002105719,0.414,0.196,1.33438774231338e-116,"0","CUTA"
3.5463992224132e-120,1.06721672458024,0.371,0.168,1.05352881700229e-115,"0","HIGD2A"
6.39339393952238e-120,0.70142674185957,0.606,0.335,1.89928553761391e-115,"0","EIF4A2"
7.60768666504207e-120,1.07736094731556,0.363,0.163,2.26001547758405e-115,"0","NDUFB11"
1.06251983386812e-119,1.13878432524695,0.361,0.163,3.15642767047204e-115,"0","RSL24D1"
2.55883033001312e-119,0.993570823476441,0.397,0.185,7.60151726136997e-115,"0","UBE2S"
5.19929412931769e-119,0.740461767389276,0.552,0.292,1.54455430699641e-114,"0","ATP5MC2"
8.48473812547432e-119,1.32963030341838,0.255,0.093,2.52056115493466e-114,"0","EEF1G"
1.49554857388755e-118,0.80374460474476,0.485,0.247,4.44282614844775e-114,"0","LEPROTL1"
2.77019032342807e-118,0.347430181314558,0.932,0.55,8.22940439380777e-114,"0","HLA-C"
2.40329961934365e-117,1.29649044506307,0.298,0.123,7.13948217918418e-113,"0","NXF1"
6.31298641581475e-117,1.42854103175984,0.252,0.093,1.87539887454609e-112,"0","PLK3"
2.96043303910282e-116,0.806728855728073,0.633,0.377,8.79455842926274e-112,"0","TXNIP"
3.51523680462605e-116,0.582217232434552,0.655,0.367,1.04427139755026e-111,"0","PPIA"
1.79477054468932e-115,1.09363985136569,0.341,0.15,5.33172485710855e-111,"0","PLP2"
5.95705198872144e-115,0.841334417738548,0.486,0.252,1.76966143428948e-110,"0","COX6B1"
1.46146261615082e-112,0.553716555584647,0.679,0.386,4.34156699379925e-108,"0","H3F3A"
4.10992761475687e-112,0.87724625889941,0.462,0.237,1.22093619651582e-107,"0","EIF4A1"
5.24372731477514e-112,1.09350273830274,0.345,0.155,1.55775407340025e-107,"0","C19orf53"
8.717231147619e-112,0.782774033712712,0.491,0.253,2.58962785702318e-107,"0","UBL5"
8.88911552680792e-112,0.957767832063922,0.402,0.194,2.64068954954883e-107,"0","SLC25A5"
4.43112477918592e-110,0.688842900222697,0.545,0.292,1.31635423815276e-105,"0","PSME1"
4.57193480774267e-109,1.06505736482096,0.275,0.108,1.35818467333612e-104,"0","CORO1B"
3.16992464870418e-108,1.23398028559464,0.289,0.121,9.4168951539055e-104,"0","BCAS2"
1.18909938430443e-107,1.28502000299076,0.269,0.108,3.53245754095317e-103,"0","FBL"
7.5982688161616e-107,1.09362177934065,0.34,0.154,2.25721771721713e-102,"0","AC058791.1"
2.47651315894e-106,0.892554195668784,0.404,0.198,7.35697764126306e-102,"0","VAMP2"
4.04532566906043e-105,0.722598777224338,0.305,0.13,1.20174489650778e-100,"0","AREG"
4.79541357958708e-105,0.735105724918187,0.509,0.277,1.42457351208793e-100,"0","CD37"
1.27689422127967e-104,1.30480001483171,0.25,0.098,3.79326966315551e-100,"0","MARCKSL1"
2.55483857548497e-104,1.10154280557878,0.334,0.154,7.5896589561932e-100,"0","JPT1"
3.7776028637979e-103,0.788634797876417,0.465,0.245,1.12221248274844e-98,"0","TRIR"
4.60153777759705e-103,0.615953522698206,0.573,0.318,1.36697882759076e-98,"0","SRSF2"
9.55450531354947e-103,0.75119181991168,0.503,0.273,2.83835689349614e-98,"0","DNAJB6"
5.83399116009815e-102,0.980406509568699,0.343,0.159,1.73310375393036e-97,"0","HSPH1"
5.24157346375367e-101,0.425507895049912,0.759,0.439,1.5571142288773e-96,"0","CYBA"
1.23893651487045e-100,0.84982889019132,0.389,0.191,3.68050870472565e-96,"0","AMD1"
1.87868835765455e-100,0.830729657468613,0.431,0.223,5.58101950408438e-96,"0","COX6A1"
2.79181514984875e-100,0.743303069539487,0.483,0.26,8.29364526565569e-96,"0","TAGLN2"
4.37700433657127e-100,0.946037973567371,0.351,0.165,1.30027667826523e-95,"0","C12orf57"
7.13422771615904e-100,1.22481149396105,0.262,0.107,2.11936502763937e-95,"0","STMN1"
3.4071949614325e-99,0.659356536872939,0.516,0.281,1.01217540719275e-94,"0","NAP1L1"
7.34229271941071e-99,0.856627149385701,0.392,0.195,2.18117489815534e-94,"0","ATP6V1G1"
2.80612865739229e-98,0.768397887933774,0.478,0.258,8.33616640251527e-94,"0","CLK1"
3.10208366109941e-98,0.868106632839395,0.387,0.193,9.21535993202802e-94,"0","PRDX1"
1.89933800849387e-97,0.715150920641545,0.472,0.251,5.64236342183274e-93,"0","PSMA7"
1.95592803195043e-97,0.66112253609509,0.479,0.257,5.81047540451515e-93,"0","EIF3H"
1.43227307884542e-96,0.987804532712501,0.33,0.155,4.25485363532609e-92,"0","RGS2"
6.90248593296986e-96,0.983929597102084,0.347,0.169,2.05052149610736e-91,"0","UBXN1"
2.04664833770398e-95,1.15195997916413,0.28,0.122,6.0799782168172e-91,"0","SMDT1"
2.35393702109342e-95,1.05933950585188,0.328,0.155,6.99284070856224e-91,"0","IDI1"
2.89724277629075e-95,0.985279680587814,0.358,0.176,8.60683911552693e-91,"0","SNU13"
3.6504268931039e-95,0.547187946310734,0.594,0.34,1.08443231713437e-90,"0","S100A10"
5.58326429887991e-93,0.857358803335784,0.324,0.151,1.65862032526825e-88,"0","ITM2A"
6.58780206652345e-93,0.844335997905422,0.349,0.167,1.95703835990212e-88,"0","SERTAD1"
1.59523740405207e-91,0.832621641434546,0.366,0.181,4.7389717562175e-87,"0","BTG2"
3.28887325377961e-90,1.18296092430259,0.26,0.112,9.77025577500309e-86,"0","SNRPN"
9.37927246873199e-90,0.794315465423866,0.397,0.206,2.78630047228621e-85,"0","SDCBP"
1.17166978111496e-88,0.849145545350791,0.372,0.188,3.48067941875821e-84,"0","SNRPB"
2.13540808532521e-88,1.05705786845041,0.289,0.133,6.34365679907562e-84,"0","MINOS1"
1.77494755147034e-87,0.956346530734117,0.301,0.14,5.27283669115294e-83,"0","CHMP1B"
2.17815564596488e-87,0.909687706677763,0.301,0.139,6.47064697746786e-83,"0","CMPK1"
4.44185398888799e-87,0.594197908979778,0.578,0.346,1.31954156447896e-82,"0","SKP1"
5.20130795289645e-87,1.08749740079241,0.269,0.12,1.54515255356695e-82,"0","SEPT1"
7.64492580180763e-87,0.828775256316209,0.357,0.179,2.27107810794299e-82,"0","GPSM3"
1.72171772673967e-86,0.825891448177045,0.356,0.177,5.11470685082553e-82,"0","ALOX5AP"
5.79277792549339e-86,0.845106129977086,0.37,0.189,1.72086053832632e-81,"0","MAP1LC3B"
1.04982219864385e-85,0.857305196200859,0.355,0.18,3.11870680551129e-81,"0","GYPC"
1.67303187707714e-85,0.873447810450865,0.355,0.178,4.97007579723306e-81,"0","COX7B"
3.78544940086667e-85,0.989232081963325,0.307,0.147,1.12454345351546e-80,"0","CACYBP"
1.28435360615317e-84,0.917060648965385,0.317,0.152,3.81542925779921e-80,"0","GTF2B"
3.85760701411626e-83,1.04194327012296,0.285,0.133,1.14597931568352e-78,"0","ABRACL"
4.43028685518058e-83,0.718984851991451,0.485,0.283,1.3161053160685e-78,"0","EZR"
9.58245446725647e-83,0.724545008342935,0.416,0.223,2.84665974858788e-78,"0","PGK1"
1.19671717805264e-82,0.843524865131164,0.35,0.18,3.55508772084097e-78,"0","HSPD1"
7.79497077776259e-82,1.03950554877568,0.27,0.124,2.31565196894993e-77,"0","ATP5PD"
9.20266959027472e-82,0.660713202507281,0.457,0.256,2.73383705518291e-77,"0","ELOB"
1.30225903182597e-81,0.630359017880645,0.446,0.245,3.8686209058454e-77,"0","ANAPC16"
6.66471131111784e-81,0.781511223741476,0.375,0.196,1.97988578919378e-76,"0","LAMTOR4"
1.29146157701968e-80,0.903951111122839,0.302,0.146,3.83654490685236e-76,"0","GTF3A"
1.30097089597835e-80,1.05567096754002,0.257,0.116,3.8647942406829e-76,"0","SEPT9"
4.28347010468961e-80,0.885507821475383,0.322,0.16,1.27249046400014e-75,"0","TAGAP"
8.37217159293251e-79,0.403736403910294,0.579,0.331,2.48712101511246e-74,"0","IFITM2"
8.61192813125989e-79,0.984299822224865,0.29,0.14,2.55834548995337e-74,"0","TSPYL2"
1.51732813370693e-78,0.897672149881411,0.303,0.148,4.50752668680317e-74,"0","MZT2A"
3.18654650185706e-78,0.786217374146371,0.358,0.188,9.46627369306677e-74,"0","ATP5F1D"
5.67689054741594e-78,0.861814514403003,0.334,0.171,1.68643387492085e-73,"0","ATP5F1B"
7.38608132655185e-78,0.86777378554231,0.319,0.159,2.19418317967876e-73,"0","MYADM"
1.01068071710525e-77,0.646852165970658,0.438,0.244,3.00242920630458e-73,"0","RBM3"
2.84496306461288e-77,0.75476952780754,0.382,0.206,8.45153177604549e-73,"0","POLR2L"
2.99080354107672e-77,0.510919546051191,0.569,0.344,8.88478007947661e-73,"0","SRSF7"
8.78718264139987e-76,0.785935289694669,0.368,0.197,2.61040834728066e-71,"0","SEC61G"
3.04815712778131e-75,0.730234580170974,0.365,0.194,9.05516037949995e-71,"0","EIF3G"
5.22528358013703e-75,0.386423703216021,0.616,0.366,1.55227499315131e-70,"0","CORO1A"
6.54694398940539e-75,0.613534468882256,0.414,0.226,1.94490065093266e-70,"0","ISG20"
8.61353840293577e-75,0.706538690624479,0.377,0.201,2.55882385336013e-70,"0","TUBA4A"
1.42887404921873e-74,0.670762455745378,0.391,0.211,4.24475613801408e-70,"0","HMGN1"
1.75384396524847e-74,0.73575591132576,0.384,0.208,5.21014426756362e-70,"0","NDUFA1"
2.33539461089305e-74,1.16587153883583,0.254,0.119,6.93775677057999e-70,"0","PLIN2"
2.38748927956866e-74,0.721855442529681,0.383,0.209,7.09251440281462e-70,"0","ARL6IP4"
2.75221157494707e-74,0.718018995419783,0.363,0.192,8.17599492569525e-70,"0","TSPO"
3.3546247583452e-74,0.747115567646072,0.352,0.185,9.96558376961609e-70,"0","DAD1"
6.28448385759868e-74,0.778883343143575,0.311,0.154,1.86693161957684e-69,"0","GIMAP7"
9.12662955641975e-74,0.66005752227576,0.406,0.223,2.71124784232562e-69,"0","SLC25A3"
5.38779751485555e-73,0.82977213890625,0.34,0.179,1.60055300773814e-68,"0","ICAM3"
8.03356021364562e-73,0.932009324930546,0.282,0.138,2.38652973266771e-68,"0","UFC1"
3.79262500732483e-72,0.676910130312324,0.366,0.196,1.12667511092599e-67,"0","HSPA1B"
6.89695744443223e-72,0.741796721729732,0.367,0.198,2.04887914801748e-67,"0","ATP5MPL"
1.65983454502273e-71,0.561385640824762,0.467,0.271,4.93087048289903e-67,"0","MCL1"
2.84686987260904e-71,0.883418228752359,0.29,0.145,8.45719633055968e-67,"0","ST13"
2.18749720479193e-70,0.742319525327803,0.302,0.153,6.4983979462754e-66,"0","MZT2B"
1.11931342773236e-69,0.372422447281967,0.617,0.382,3.32514439976453e-65,"0","MT-ND5"
2.06315884795997e-69,0.681187526087808,0.375,0.207,6.12902598963469e-65,"0","NEDD8"
3.98374826533125e-69,0.725729230899256,0.335,0.177,1.18345209718196e-64,"0","ATF4"
1.37783179772113e-68,0.730978412669756,0.365,0.2,4.09312492149016e-64,"0","TRMT112"
1.65886266763463e-68,0.525912799951918,0.432,0.245,4.92798332674219e-64,"0","CD48"
1.85969124239691e-67,0.721826365354199,0.336,0.178,5.52458477378851e-63,"0","RARRES3"
1.91474292785504e-67,0.73131783235354,0.316,0.165,5.68812681577896e-63,"0","HEXIM1"
3.37773932292033e-67,0.750752486566053,0.315,0.163,1.00342502065994e-62,"0","PPP1R10"
4.62279928350773e-67,0.765942493175395,0.306,0.157,1.37329498315164e-62,"0","ARF4"
4.71945481046729e-67,0.828648615267411,0.297,0.152,1.40200844054552e-62,"0","TMED2"
9.38151181625537e-67,0.563481387573785,0.435,0.25,2.78696571525498e-62,"0","ENO1"
1.99385281140498e-66,0.860638522842935,0.277,0.139,5.92313854684076e-62,"0","EIF3D"
8.56318397841156e-66,0.818774217291414,0.312,0.165,2.54386506446672e-61,"0","ATP5MD"
1.69407633157586e-65,0.853391551216679,0.252,0.121,5.03259255821242e-61,"0","SLC3A2"
5.85255284295854e-65,0.600320932293687,0.41,0.234,1.73861787305769e-60,"0","GUK1"
2.18601109405876e-64,0.85402164245668,0.276,0.14,6.49398315712037e-60,"0","COPS9"
7.67907465869172e-64,0.516528198287332,0.48,0.289,2.28122270885755e-59,"0","DDX3X"
1.97726127345788e-63,0.788865772676811,0.292,0.151,5.87385006506132e-59,"0","EIF5A"
2.78961285718525e-63,0.828953299941031,0.284,0.147,8.28710291484022e-59,"0","ERP29"
8.03039269216875e-63,0.832207087070794,0.291,0.153,2.38558875706257e-58,"0","IFRD1"
1.13312989848285e-62,0.867258772459963,0.261,0.13,3.36618898942301e-58,"0","SNRPF"
9.75201719742555e-62,0.32968564059133,0.796,0.526,2.89703174883921e-57,"0","HLA-E"
1.7915153088087e-61,0.497262449835526,0.461,0.276,5.32205452787801e-57,"0","CCNI"
2.12969710588798e-61,0.63219249376017,0.372,0.212,6.32669119246141e-57,"0","EIF5"
3.51765748068855e-61,0.605423257270827,0.391,0.225,1.04499050778815e-56,"0","NDUFA13"
4.07371444728223e-61,0.524399481966106,0.471,0.287,1.21017835085413e-56,"0","TRA2B"
4.00304940930423e-60,0.736003666234309,0.267,0.136,1.18918588802201e-55,"0","DDX21"
6.9138377690062e-60,0.834281471910601,0.288,0.154,2.05389378603867e-55,"0","C4orf3"
8.03226202796707e-60,0.60922997673417,0.377,0.216,2.38614408064818e-55,"0","SEC61B"
8.7267891583957e-60,0.68066913445655,0.355,0.202,2.59246725528461e-55,"0","ARF1"
1.03206050625988e-59,0.570125771417527,0.398,0.231,3.06594214594623e-55,"0","NCL"
5.96562479074231e-59,0.317139529021405,0.47,0.271,1.77220815658582e-54,"0","COTL1"
7.20931647133352e-59,0.767544124295249,0.289,0.154,2.14167164413905e-54,"0","GPX4"
1.81501132560551e-58,0.570422280356577,0.365,0.207,5.3918541449763e-54,"0","EIF4G2"
2.34071804807872e-58,0.414205233795507,0.558,0.349,6.95357110542744e-54,"0","HNRNPDL"
3.90282255503801e-58,0.267249093392628,0.474,0.278,1.15941149642514e-53,"0","CD7"
7.9233588228499e-58,0.584037410535609,0.379,0.217,2.35379220550402e-53,"0","PPP1R2"
1.56473417230082e-57,0.76697576823688,0.286,0.153,4.64835580565406e-53,"0","PSMB3"
1.84712188640516e-57,0.602451909770449,0.356,0.202,5.48724498794382e-53,"0","HMGN2"
3.44384633383268e-57,0.743414767398729,0.308,0.169,1.02306343039167e-52,"0","ATP5ME"
3.05496459562652e-56,0.571611655216341,0.329,0.182,9.07538332422769e-52,"0","ATP1A1"
1.25219682863012e-55,0.780094992483457,0.283,0.153,3.7199011188115e-51,"0","SYF2"
2.82773553558262e-55,0.468359326512646,0.32,0.173,8.4003539555553e-51,"0","TMEM123"
3.25530942126493e-55,0.468119100441667,0.488,0.302,9.67054769775174e-51,"0","SRSF5"
1.04814325504167e-54,0.648694937389069,0.324,0.184,3.11371916775229e-50,"0","SPCS1"
1.2022997451847e-54,0.302903624437313,0.422,0.249,3.57167185302018e-50,"0","HSPA1A"
2.00281596210358e-54,0.734058984312481,0.285,0.155,5.94976537862111e-50,"0","REX1BD"
5.93130790863218e-54,0.388689509959889,0.487,0.298,1.76201364041736e-49,"0","RAC2"
6.48749492682116e-54,0.414895485963513,0.497,0.307,1.92724011791076e-49,"0","HNRNPK"
7.67395080678822e-54,0.610576487647631,0.319,0.178,2.27970056617258e-49,"0","NDUFB8"
7.86735989544464e-54,0.391617092809602,0.512,0.315,2.33715660413974e-49,"0","SUB1"
8.92204904784931e-54,0.427403113666573,0.481,0.297,2.6504731106446e-49,"0","MYL12B"
3.11413498380268e-53,0.689833215616637,0.3,0.166,9.25116079638263e-49,"0","JTB"
6.50447085982013e-53,0.638112563641072,0.33,0.189,1.93228315832677e-48,"0","COX8A"
1.00009774646336e-52,0.500059989711799,0.353,0.203,2.9709903754187e-48,"0","PARK7"
1.33789261445775e-52,0.794999552612862,0.253,0.133,3.97447758976964e-48,"0","ISCU"
2.77367508944951e-52,0.54853684580956,0.337,0.193,8.23975658822767e-48,"0","SEC62"
8.37777031771254e-52,0.477103376009495,0.465,0.291,2.48878422828287e-47,"0","CCNL1"
3.46756771470885e-51,0.490605858056902,0.387,0.231,1.03011034100856e-46,"0","S100A11"
3.97953127601419e-50,0.636188862935611,0.267,0.143,1.18219935616553e-45,"0","SELL"
8.09723694899787e-50,0.628088043915091,0.305,0.173,2.4054461804388e-45,"0","PRR13"
4.07967917755973e-49,0.305518765863392,0.508,0.318,1.21195029327767e-44,"0","CLIC1"
8.17905446915305e-49,0.699431951183082,0.273,0.151,2.4297517111513e-44,"0","NDUFA11"
1.11799001951489e-48,0.463252757940619,0.397,0.24,3.32121295097288e-44,"0","MORF4L1"
1.32140111495597e-48,0.7115958826878,0.263,0.144,3.92548629219971e-44,"0","UQCR10"
4.17055019024403e-48,0.428261170640389,0.425,0.264,1.23894534501579e-43,"0","ATP6V0E1"
6.29183904015799e-48,0.760710040140428,0.259,0.142,1.86911662365973e-43,"0","SNRPB2"
5.10686148429434e-47,0.711765177098783,0.273,0.153,1.51709534113932e-42,"0","SF3B5"
5.17222691683561e-47,0.590494458031937,0.26,0.14,1.53651345018436e-42,"0","RSBN1"
1.2125720986959e-46,0.629174255646611,0.292,0.167,3.60218793359591e-42,"0","UQCRQ"
1.21679367356974e-46,0.423249731157195,0.43,0.266,3.61472896607361e-42,"0","SUMO2"
1.70319348123442e-46,0.608209986993848,0.284,0.161,5.05967687470309e-42,"0","ZFAND5"
2.6704915611916e-45,0.349698665940117,0.322,0.182,7.93322928083188e-41,"0","CD3G"
5.22236124697366e-45,0.686781083438332,0.261,0.146,1.55140685563847e-40,"0","SNRPG"
1.02786611241997e-44,0.567222171942143,0.313,0.185,3.05348186016602e-40,"0","C9orf16"
6.74354281200622e-44,0.342416363630022,0.462,0.292,2.00330426316269e-39,"0","EMP3"
9.78175681941812e-44,0.553606677567791,0.331,0.199,2.90586649834454e-39,"0","COX5B"
1.79866196447192e-43,0.464944369443652,0.353,0.214,5.34328509785673e-39,"0","PSME2"
4.12491303232113e-43,0.611287521945427,0.293,0.172,1.22538791451164e-38,"0","ATP5PF"
5.35218408164834e-43,0.434421817002628,0.39,0.244,1.58997332513527e-38,"0","YWHAB"
1.09910109406666e-42,0.674984923623288,0.261,0.149,3.26509962014381e-38,"0","NR4A1"
2.12614869353245e-42,0.6352392117847,0.25,0.14,6.31614992387685e-38,"0","KRTCAP2"
2.25952680669467e-42,0.554892562114091,0.302,0.179,6.71237628464784e-38,"0","SUMO1"
3.91128309801698e-42,0.484612785364984,0.292,0.168,1.1619248699279e-37,"0","PEBP1"
1.01546559415017e-41,0.492785935515095,0.349,0.215,3.01664364054192e-37,"0","RAC1"
6.15312155959217e-41,0.538066279349852,0.296,0.175,1.82790782170805e-36,"0","TXN"
1.41735770860894e-40,0.505298442874682,0.261,0.147,4.21054454496458e-36,"0","EIF3M"
2.03984050324421e-40,0.617242138225503,0.272,0.16,6.05975418298758e-36,"0","EID1"
3.82005520910853e-40,0.421527981210394,0.293,0.172,1.13482380096987e-35,"0","SLC2A3"
6.10174895153225e-40,0.517572382270814,0.285,0.168,1.81264656103169e-35,"0","XBP1"
6.34892117652767e-40,0.537213476414608,0.288,0.172,1.88607401391107e-35,"0","HSPB1"
7.44575414932629e-40,0.602044944524026,0.263,0.152,2.21191018514036e-35,"0","KLF2"
1.36853468409607e-39,0.522939345818974,0.313,0.19,4.06550598604419e-35,"0","ARF6"
3.46267614197147e-39,0.530310800495333,0.314,0.191,1.02865720149546e-34,"0","NDUFV2"
1.12431926645401e-38,0.523265017362401,0.265,0.153,3.34001524485492e-34,"0","DDX18"
1.15445022624816e-38,0.280641093871872,0.37,0.229,3.4295252871154e-34,"0","PKM"
5.8452482972593e-38,0.27013463926415,0.508,0.333,1.73644791166682e-33,"0","ARPC3"
3.76867067061373e-36,0.580003226291879,0.272,0.165,1.11955899611922e-31,"0","SOCS1"
4.08994627630241e-36,0.412361193532472,0.306,0.185,1.21500034030116e-31,"0","PPP1CB"
1.89090802892363e-34,0.362091160030051,0.348,0.22,5.61732048152344e-30,"0","SERBP1"
2.20236165255692e-34,0.390300547273671,0.353,0.226,6.54255576125084e-30,"0","TMEM59"
3.0545782713761e-34,0.499259615063214,0.295,0.184,9.07423567077697e-30,"0","TMEM258"
3.81883024370102e-34,0.324665617978085,0.41,0.269,1.13445990049626e-29,"0","TMBIM6"
9.345065274756e-34,0.482358301545741,0.267,0.161,2.77613854117176e-29,"0","PMAIP1"
1.22676919555056e-32,0.451427848555147,0.304,0.191,3.64436324922204e-28,"0","BZW1"
2.18434423222883e-32,0.457030905149245,0.256,0.155,6.48903141068219e-28,"0","SNX3"
1.01997794916063e-31,0.518517239388273,0.259,0.159,3.0300484935715e-27,"0","ERH"
2.02585576313127e-31,0.421272246647511,0.262,0.16,6.01820971553407e-27,"0","PPP2CA"
2.21745362410368e-31,0.336215494411312,0.416,0.279,6.58738948112479e-27,"0","INTS6"
2.29284503941217e-30,0.415482558229036,0.319,0.206,6.81135475858175e-26,"0","MT2A"
5.63655359890153e-30,0.347583229232921,0.313,0.201,1.67445097762568e-25,"0","SEPT7"
9.43202575434155e-30,0.443741176431474,0.268,0.168,2.80197189084225e-25,"0","H2AFV"
1.49912193346706e-29,0.371408947956094,0.308,0.197,4.45344152775058e-25,"0","NDUFB2"
1.85371908565469e-29,0.464962200624763,0.263,0.165,5.50684328775438e-25,"0","VAMP8"
1.94919601461764e-29,0.386360221466487,0.285,0.18,5.79047660062464e-25,"0","UBE2B"
2.61261946284475e-29,0.363847260049607,0.28,0.175,7.7613086382729e-25,"0","IDS"
5.58033034278328e-29,0.295682736435094,0.369,0.244,1.65774873493063e-24,"0","CNBP"
8.10948734039887e-29,0.423507551324856,0.261,0.163,2.40908540421229e-24,"0","FKBP1A"
7.60608279826144e-28,0.443067975315652,0.275,0.178,2.25953901687953e-23,"0","DRAP1"
7.90847871462485e-28,0.483745391765268,0.258,0.162,2.3493717717536e-23,"0","ATP5MC3"
3.13619748432561e-27,0.361543972429347,0.294,0.19,9.31670186668608e-23,"0","COPE"
4.30463079093138e-27,0.425972684280744,0.281,0.182,1.27877666906198e-22,"0","SET"
6.0019021459028e-27,0.335101259490125,0.267,0.168,1.78298507048334e-22,"0","PAIP2"
8.14923446870128e-27,0.440901976864751,0.26,0.166,2.42089308361709e-22,"0","BSG"
1.27043390592648e-26,0.253294523048346,0.409,0.278,3.77407800433578e-22,"0","IL2RG"
2.03091871538672e-26,0.403984097517728,0.257,0.165,6.03325022779934e-22,"0","CSTB"
2.04918162900114e-26,0.251722998195986,0.258,0.163,6.08750386527369e-22,"0","ISG15"
2.51167260967922e-26,0.308758310794859,0.323,0.214,7.46142582157405e-22,"0","CALR"
5.09480846114567e-26,0.251418549019078,0.375,0.256,1.51351474955255e-21,"0","CKLF"
8.38825769950426e-25,0.311761423432582,0.263,0.169,2.49189971479173e-20,"0","UBE2N"
1.48863350424476e-24,0.299099063499928,0.312,0.208,4.4222835510599e-20,"0","C6orf62"
4.33032073889216e-22,0.331749437632303,0.274,0.184,1.28640838190269e-17,"0","PSMB1"
1.45575542232052e-21,0.367666543897981,0.258,0.172,4.32461263308756e-17,"0","PCBP1"
4.6284824381604e-21,0.273514221445139,0.289,0.196,1.37498327790431e-16,"0","HNRNPF"
8.3754164354533e-21,0.275306081747816,0.281,0.19,2.48808496048011e-16,"0","CDC37"
1.46657516018388e-20,0.329082819373626,0.251,0.169,4.35675482835824e-16,"0","RPS27L"
1.42921684509911e-19,0.254698527420679,0.298,0.207,4.24577448173593e-15,"0","PPIB"
1.84222630035497e-17,0.286716314726273,0.289,0.205,5.47270167046452e-13,"0","POMP"
0,2.14855427449671,0.592,0.178,0,"1","ANK3"
0,1.41224754064716,0.884,0.477,0,"1","ARHGAP15"
0,1.36579459125185,0.865,0.483,0,"1","MBNL1"
0,1.96750748399423,0.561,0.188,0,"1","THEMIS"
0,2.06428277153305,0.56,0.212,0,"1","PDE3B"
0,1.76623483911721,0.669,0.328,0,"1","RIPOR2"
0,3.52887393800302,0.33,0.042,0,"1","UTY"
0,3.73501340072885,0.317,0.029,0,"1","LINC01320"
0,2.90664356157878,0.312,0.054,0,"1","FMN1"
0,3.85774534687435,0.269,0.02,0,"1","PRKY"
0,3.35941848388902,0.251,0.033,0,"1","USP9Y"
1.67169720381809e-304,1.63953508160562,0.653,0.288,4.96611088338239e-300,"1","INPP4B"
5.12581101659439e-255,1.90026401475477,0.611,0.341,1.5227246786997e-250,"1","CCND3"
1.45142413885059e-247,2.06676156771931,0.446,0.16,4.31174568928346e-243,"1","AC079793.1"
1.94855187670959e-220,1.54739527997953,0.61,0.319,5.78856306014118e-216,"1","PARP8"
4.67564154844344e-204,1.93529144089195,0.427,0.169,1.38899283479609e-199,"1","COG5"
3.79233223844164e-192,1.67297958817105,0.501,0.239,1.12658813807386e-187,"1","TC2N"
2.85391334410806e-183,1.38636003672808,0.554,0.266,8.47812037134182e-179,"1","MAML2"
2.9704706458408e-181,1.59866798636551,0.531,0.278,8.82437714759926e-177,"1","BCL11B"
1.65472412437519e-177,1.63072788537003,0.471,0.216,4.91568895628139e-173,"1","CAMK4"
3.3726286764863e-174,1.51607642775944,0.523,0.268,1.00190680092379e-169,"1","DOCK10"
6.68958625665845e-174,1.39839427712744,0.556,0.291,1.98727538926553e-169,"1","PITPNC1"
5.37177263376161e-169,1.35928514613552,0.614,0.382,1.59579249631156e-164,"1","FOXP1"
1.67643313877834e-167,1.59988931573479,0.402,0.159,4.98017992536882e-163,"1","IMMP2L"
3.76505437531801e-153,1.50018602920564,0.476,0.239,1.11848470327572e-148,"1","RUNX1"
1.50081422534663e-151,1.11507029633411,0.631,0.385,4.45846881923724e-147,"1","ANKRD44"
2.18258169955676e-148,1.81148057289649,0.305,0.106,6.48379545487327e-144,"1","LINC01934"
7.59306399480292e-147,1.78864050497822,0.392,0.176,2.2556715209361e-142,"1","CARD11"
8.46505905113501e-144,0.963748492058035,0.639,0.366,2.51471509232068e-139,"1","RABGAP1L"
1.28414845718733e-142,2.07827806567814,0.271,0.09,3.8148198217664e-138,"1","LINC01138"
4.09716872041732e-142,1.33716374043555,0.529,0.295,1.21714591177437e-137,"1","CHST11"
1.81095527369794e-141,1.8564416829546,0.314,0.117,5.37980483157448e-137,"1","BACH2"
4.61097724251885e-139,1.15093204277046,0.569,0.325,1.36978300943507e-134,"1","UTRN"
4.01398145800513e-138,1.27218164204745,0.516,0.28,1.19243347172958e-133,"1","SSH2"
5.63584111628304e-138,1.45024224169691,0.468,0.246,1.6742393204142e-133,"1","PDE7A"
7.06955317081848e-138,1.24100755923295,0.616,0.429,2.10015216045504e-133,"1","CELF2"
9.70531182119028e-137,0.790412002068021,0.72,0.436,2.883156982721e-132,"1","SKAP1"
2.3294165217477e-136,0.832126169350758,0.791,0.691,6.91999766115588e-132,"1","PTPRC"
2.85419990392172e-135,2.01526191190081,0.305,0.119,8.47897165458025e-131,"1","GRAP2"
2.73522516103101e-133,1.1568706461208,0.542,0.302,8.12553338587483e-129,"1","LRBA"
8.04499325534541e-133,1.15129185625848,0.603,0.399,2.38992614636546e-128,"1","TNRC6B"
1.3433745008695e-132,1.51853496576362,0.409,0.194,3.99076262973303e-128,"1","PACS1"
9.47848254500577e-129,1.71506532548709,0.426,0.234,2.81577280964486e-124,"1","AC245297.3"
3.53606054991503e-127,0.981244451202681,0.619,0.383,1.05045750756326e-122,"1","ZBTB20"
1.15820754586838e-125,1.23806957735181,0.491,0.263,3.44068715651119e-121,"1","FTX"
4.06611980597331e-123,1.6524816826803,0.366,0.171,1.20792221076049e-118,"1","ITPR2"
7.13847943866054e-123,1.85910641669913,0.291,0.113,2.12062808684289e-118,"1","DOCK9"
2.20744627305707e-122,1.51724990036891,0.453,0.258,6.55766064337064e-118,"1","TNFAIP8"
3.48517750573117e-117,1.19719443011449,0.515,0.307,1.03534168162756e-112,"1","DOCK8"
3.08272644807491e-116,1.59145035989366,0.359,0.168,9.15785545929613e-112,"1","ETV6"
1.54138413787386e-114,1.72291921416654,0.351,0.165,4.57898985838186e-110,"1","PRKCA"
1.60535615390265e-114,1.68121671327003,0.318,0.138,4.76903152639862e-110,"1","RESF1"
5.91609611066857e-114,1.78374815666903,0.303,0.127,1.75749467159631e-109,"1","ST6GAL1"
1.09945532385891e-113,1.62623711199602,0.388,0.203,3.26615193058766e-109,"1","NLRC5"
2.23793045948674e-113,1.19775240614349,0.463,0.252,6.64822001599726e-109,"1","LPP"
2.95907456756379e-112,1.3000954238034,0.454,0.252,8.79052281786174e-108,"1","ELMO1"
5.27372392647282e-111,1.29840191109518,0.432,0.228,1.56666516683728e-106,"1","VPS13B"
1.77370461323562e-109,1.59450418705666,0.416,0.237,5.26914429453906e-105,"1","SAMD3"
1.86069811922231e-109,1.7774345591755,0.342,0.166,5.52757590277371e-105,"1","FKBP5"
3.96570445581739e-108,1.43829312914154,0.495,0.334,1.17809182268967e-103,"1","IKZF1"
1.02452057544561e-105,1.10723384462512,0.581,0.417,3.04354327347628e-101,"1","PIP4K2A"
1.40168983262475e-105,1.16898238112021,0.456,0.25,4.16399998577834e-101,"1","KLF12"
3.33985820438428e-105,1.16712412236318,0.538,0.366,9.92171676776438e-101,"1","EML4"
4.10430856573245e-105,1.71303772926333,0.321,0.148,1.21926694562214e-100,"1","ATP8A1"
2.33608101614248e-104,1.97211120103035,0.252,0.097,6.93979587465448e-100,"1","SUMF1"
8.02473511635116e-104,1.50727734950799,0.331,0.152,2.38390806101444e-99,"1","FCHSD2"
4.04811321454315e-103,1.33004490492667,0.453,0.27,1.20257299264433e-98,"1","MACF1"
9.32719989650357e-103,0.946342288215678,0.56,0.343,2.77083127325432e-98,"1","FOXN3"
1.01692731705734e-102,1.19491110591617,0.517,0.345,3.02098598078223e-98,"1","SMCHD1"
9.89249034349504e-100,1.34192893242554,0.402,0.218,2.93876210634207e-95,"1","MBD5"
1.9685932783288e-99,1.5523087224208,0.332,0.158,5.84810005193136e-95,"1","CAMK1D"
2.2219589702972e-99,1.66004215089375,0.348,0.178,6.60077351306191e-95,"1","ARHGEF3"
3.77129883200276e-99,1.26544288550496,0.467,0.288,1.12033974402306e-94,"1","IQGAP2"
6.6920600630925e-99,1.39954962863528,0.415,0.235,1.98801028294289e-94,"1","RASA2"
1.23651790639936e-98,1.07468433528897,0.492,0.295,3.67332374454058e-94,"1","ATXN1"
4.32285427858307e-98,1.61272757908496,0.318,0.151,1.28419032053867e-93,"1","MYO5A"
1.66516770298486e-97,1.15321559044721,0.499,0.317,4.94671369525713e-93,"1","ARID1B"
4.54533816762982e-97,1.67634528583212,0.289,0.128,1.35028360945779e-92,"1","ZNF609"
1.57756125701493e-96,1.30855161806604,0.389,0.206,4.68646122621426e-92,"1","VTI1A"
1.8136836106515e-95,1.5294371102678,0.32,0.152,5.38790990216242e-91,"1","PLCL2"
4.01509130437984e-95,1.35747205349209,0.401,0.224,1.19276317379212e-90,"1","TNIK"
4.20055810298082e-95,1.34502147726331,0.371,0.191,1.24785979565251e-90,"1","SOS1"
9.01199365117091e-95,1.49929702117204,0.319,0.15,2.67719295395334e-90,"1","MGAT5"
1.10009439185225e-94,1.56317359023079,0.352,0.181,3.26805040987546e-90,"1","ARHGAP26"
1.35848478781142e-94,1.31250816297995,0.408,0.23,4.03565075915138e-90,"1","DOCK2"
5.57346546933504e-94,1.29497349443761,0.441,0.271,1.65570938697536e-89,"1","ATM"
8.03002570723065e-94,1.28613850524682,0.406,0.226,2.38547973684701e-89,"1","MED13L"
3.68990127840818e-92,1.32163673121197,0.422,0.252,1.09615897277672e-87,"1","KANSL1"
4.96895167366195e-92,1.38517736077196,0.402,0.23,1.47612647369475e-87,"1","PRKCB"
5.0313543472175e-92,1.09009163652323,0.441,0.244,1.4946644359279e-87,"1","SMYD3"
1.16073290738017e-91,1.50251867550315,0.353,0.187,3.44818924795428e-87,"1","RAPGEF6"
1.66883265144388e-91,1.06910051555888,0.554,0.394,4.95760115764434e-87,"1","PRKCH"
1.35627893717233e-90,1.48776744188152,0.345,0.179,4.02909783865785e-86,"1","TBC1D22A"
1.96774455009703e-90,1.4508845474421,0.339,0.171,5.84557873497325e-86,"1","HIVEP2"
2.63922899367047e-90,1.64373950744071,0.27,0.117,7.84035757149686e-86,"1","NELL2"
7.13344006825326e-89,1.51221316107585,0.358,0.198,2.119131041076e-84,"1","TTC17"
1.05156575681992e-88,1.10109803458865,0.455,0.274,3.12388639378495e-84,"1","BIRC6"
5.9772460567084e-88,1.05632702967617,0.571,0.445,1.77566048606636e-83,"1","CDC42SE2"
8.17035897841045e-88,1.61299065084147,0.32,0.162,2.42716854171639e-83,"1","GPRIN3"
9.68548940199256e-88,0.380107347241761,1,0.999,2.87726833664993e-83,"1","MALAT1"
4.67561086545585e-87,0.998911760431277,0.454,0.261,1.38898371980097e-82,"1","DPYD"
3.6940410235219e-86,1.37396524100467,0.325,0.158,1.09738876685765e-81,"1","WWOX"
2.14447442044021e-85,1.96820099811456,0.281,0.138,6.37059016080174e-81,"1","LINC00861"
6.38875855704045e-85,1.19442443571551,0.455,0.293,1.89790850454001e-80,"1","ASH1L"
8.74504640454838e-85,1.41448206934309,0.459,0.327,2.59789093539919e-80,"1","SP100"
1.70995436668507e-84,1.32676067039314,0.375,0.209,5.07976143711133e-80,"1","ZCCHC7"
4.82142184756469e-84,1.42575008161614,0.344,0.185,1.43229978825604e-79,"1","ANKRD17"
2.29864198639022e-83,1.25374449203513,0.367,0.196,6.82857574896943e-79,"1","BTBD9"
1.2721168988533e-82,1.16558117535818,0.385,0.212,3.77907767142349e-78,"1","TBC1D5"
2.30689448959274e-82,1.30258765345374,0.395,0.235,6.85309146023316e-78,"1","STAT4"
3.73624069970281e-82,1.96349957845377,0.286,0.144,1.10992502466071e-77,"1","STAT1"
5.97003526770897e-81,1.5510458242617,0.308,0.158,1.7735183769783e-76,"1","MAP4K4"
6.0016595793262e-81,0.988974900007888,0.582,0.463,1.78291301123043e-76,"1","FYN"
8.00761765564667e-81,1.02759411644761,0.433,0.254,2.37882297696296e-76,"1","PCNX1"
1.68567648248252e-79,1.58497079545707,0.251,0.111,5.00763912651081e-75,"1","SCFD2"
7.54447240275563e-79,1.35784277116472,0.478,0.357,2.24123641668662e-74,"1","RNF213"
1.24936907568694e-78,1.14055189334414,0.351,0.186,3.7115007131432e-74,"1","DLEU2"
4.2342667028073e-78,1.69241945581129,0.259,0.122,1.25787360940296e-73,"1","INPP4A"
1.06243489051111e-77,0.933682083070642,0.448,0.265,3.15617532924136e-73,"1","CASK"
2.14143218637284e-77,1.32391602933248,0.346,0.191,6.36155259605778e-73,"1","PPP6R3"
6.42399243294309e-77,1.5266276170894,0.338,0.192,1.9083754320544e-72,"1","SYNE1"
8.52415300384375e-77,1.68124007472743,0.282,0.14,2.53227013285186e-72,"1","SERINC5"
1.55383684180825e-76,1.27690371749817,0.333,0.176,4.61598310595978e-72,"1","SPIDR"
1.6958892113795e-76,1.106067727747,0.405,0.237,5.03797808024508e-72,"1","EXOC4"
3.42605556091476e-76,1.56844918284765,0.329,0.185,1.01777832548095e-71,"1","ITGAL"
7.28203678506656e-76,1.06671115647408,0.421,0.252,2.16327466773972e-71,"1","STAG1"
1.60671000535606e-75,1.07956455543009,0.512,0.39,4.77305341291126e-71,"1","AKAP13"
1.94094541367155e-75,1.14088411785005,0.523,0.422,5.76596654039407e-71,"1","FYB1"
2.97781756716282e-75,1.42081701420518,0.333,0.183,8.84620264677058e-71,"1","PRKCQ"
3.23963168456824e-75,1.23705492769579,0.372,0.215,9.62397384534686e-71,"1","HERC4"
4.33354056033044e-75,1.3148609441561,0.319,0.167,1.28736489425736e-70,"1","TRAPPC9"
6.168630329569e-75,1.47700815258142,0.311,0.164,1.83251501200506e-70,"1","STIM1"
7.61511295354302e-74,1.28671329204524,0.446,0.314,2.26222160510902e-69,"1","CD96"
2.16311479127471e-73,1.07409417689061,0.421,0.258,6.42596511043979e-69,"1","ZFAND3"
3.04960172107186e-73,1.35868650134133,0.417,0.287,9.05945183278817e-69,"1","AAK1"
3.98957874927488e-73,1.40894648193992,0.309,0.163,1.18518415904709e-68,"1","RERE"
1.28420891597892e-72,1.13206975237707,0.385,0.224,3.81499942669858e-68,"1","TCF12"
1.68936857595319e-72,1.09368941593663,0.394,0.233,5.01860722858414e-68,"1","PCED1B"
3.5578676609508e-72,1.27657065216688,0.417,0.276,1.05693574603865e-67,"1","JMJD1C"
4.58118613528634e-71,1.24833144765465,0.376,0.229,1.36093296520951e-66,"1","SRPK2"
6.33022562309643e-71,1.26908463988356,0.369,0.219,1.88052012585326e-66,"1","CEP85L"
8.46852555495556e-71,1.11756996645185,0.377,0.218,2.51574488661065e-66,"1","CDKAL1"
5.40561547662138e-70,1.16417452790434,0.372,0.219,1.60584618963991e-65,"1","FAF1"
6.5803830740023e-70,1.58632834458397,0.256,0.124,1.95483439979386e-65,"1","PIBF1"
8.30009635401926e-70,1.62756337662985,0.254,0.123,2.4657096238885e-65,"1","ASAP1"
1.20988349219667e-69,1.57981602973696,0.274,0.141,3.59420089026865e-65,"1","NFATC2"
8.04088024330728e-69,1.52459066280469,0.272,0.138,2.38870429387929e-64,"1","RASA1"
1.38803138769669e-68,1.51498835003558,0.271,0.138,4.12342484343055e-64,"1","TMEM131L"
2.93568290066909e-68,1.42863658374037,0.305,0.167,8.72103319301767e-64,"1","MLLT3"
3.77772666373378e-68,0.996363434287455,0.415,0.255,1.12224925999539e-63,"1","FAM172A"
1.0316481751868e-67,1.2371685635034,0.372,0.23,3.06471723402744e-63,"1","RPS6KA3"
1.18744751012663e-67,1.29720929464575,0.343,0.203,3.52755031833318e-63,"1","ARAP2"
3.24953397843914e-67,1.48595016723438,0.278,0.144,9.65339058974915e-63,"1","MAP3K5"
8.65312335225035e-67,1.66513971110313,0.267,0.137,2.57058335425301e-62,"1","PVT1"
2.0857676822175e-66,0.831090933378838,0.501,0.341,6.19619005356354e-62,"1","CBLB"
3.65699909403574e-66,1.29601416352344,0.371,0.236,1.0863847208652e-61,"1","RBMS1"
3.7969786505151e-66,1.31772927279756,0.344,0.206,1.12796844770852e-61,"1","ATF7IP"
9.63595937358163e-66,1.10451139164101,0.359,0.21,2.86255445110989e-61,"1","ZEB1"
1.34922330582953e-65,1.39558022943292,0.3,0.165,4.00813767462777e-61,"1","SENP7"
1.03959753790057e-63,1.14672358687957,0.401,0.264,3.08833240584122e-59,"1","USP34"
6.79791921043124e-63,1.25098113682919,0.382,0.254,2.01945785984281e-58,"1","APBB1IP"
7.12370929670871e-63,0.73192467723621,0.427,0.255,2.11624032077326e-58,"1","AKT3"
1.39940772949674e-62,1.38938630387941,0.364,0.236,4.15722054201596e-58,"1","RBM6"
6.31873194303969e-62,1.03533688154241,0.486,0.376,1.8771056983188e-57,"1","FNBP1"
1.25167005506664e-61,1.53829105559504,0.275,0.151,3.71833623258646e-57,"1","FLI1"
1.79794540503424e-61,1.30560378117294,0.306,0.173,5.34115641473521e-57,"1","SLFN12L"
1.82620340982072e-61,1.31180694475008,0.277,0.145,5.42510246955441e-57,"1","SEPTIN6"
2.68061074169076e-61,1.36259053420005,0.305,0.173,7.96329033034075e-57,"1","ITGA4"
2.80511960959957e-61,1.31492922230965,0.294,0.161,8.33316882423743e-57,"1","EIF4G3"
4.1298307302001e-61,1.0043291899434,0.414,0.273,1.22684881502054e-56,"1","PAN3"
3.75492619812555e-60,1.5894025796067,0.265,0.143,1.11547592567716e-55,"1","LEF1"
9.63733423712357e-60,1.09628250859075,0.364,0.222,2.8629628818223e-55,"1","FOXO1"
1.74395868701534e-59,1.27231886362546,0.324,0.193,5.18077807151649e-55,"1","R3HDM2"
2.10273241894389e-58,1.37884130553319,0.269,0.144,6.24658719695662e-54,"1","GNAQ"
3.5011819934859e-58,1.40639159900881,0.31,0.186,1.04009613480486e-53,"1","ARHGAP25"
3.76149653683306e-58,1.138405911211,0.338,0.201,1.117427776197e-53,"1","NCOA2"
3.79534272336757e-58,1.43610009844213,0.273,0.149,1.1274824628308e-53,"1","TRERF1"
6.86253500975778e-58,1.34743665667953,0.254,0.129,2.03865327534874e-53,"1","GPHN"
1.58136575540901e-57,0.991302364165181,0.354,0.212,4.69776324959355e-53,"1","FBXL17"
1.67099313139667e-57,1.15114466550751,0.32,0.186,4.9640192954401e-53,"1","FUT8"
2.40237725299667e-57,0.929899732774615,0.485,0.361,7.1367421054772e-53,"1","SYNE2"
5.91363824378485e-57,1.33712728675123,0.272,0.149,1.75676451308117e-52,"1","RNF38"
1.19456097718933e-56,1.09849915661046,0.355,0.22,3.54868229493633e-52,"1","HERC1"
1.48569338385063e-56,1.36094867040049,0.338,0.217,4.41354933540508e-52,"1","NFATC3"
3.70389663619713e-55,1.15625791308626,0.414,0.303,1.10031657371508e-50,"1","ANKRD11"
4.55782355305638e-55,1.34636260724792,0.285,0.162,1.35399264290646e-50,"1","CAMK2D"
4.97068681357623e-55,1.40287315715152,0.301,0.182,1.47664193170909e-50,"1","KDM2A"
5.66058068347886e-55,1.1119752723128,0.283,0.153,1.68158870364106e-50,"1","RAD51B"
1.16404124135735e-54,0.997333037094319,0.427,0.304,3.45801731570027e-50,"1","MYCBP2"
6.6743155418301e-54,1.31132958632216,0.312,0.19,1.98273891801147e-49,"1","KAT6A"
5.82157316662098e-53,1.18785073340806,0.319,0.195,1.7294147406081e-48,"1","PUM2"
8.44714576292152e-53,1.19174324081224,0.303,0.179,2.5093935917911e-48,"1","KDM4C"
9.77899481219358e-53,1.1408460818305,0.32,0.192,2.90504598885835e-48,"1","ADK"
1.4021637151331e-52,0.86465107068294,0.39,0.25,4.16540774854591e-48,"1","SIK3"
1.71903485960473e-52,1.09661133666056,0.354,0.227,5.10673685742777e-48,"1","KMT2C"
4.09887567900454e-52,1.3306510000247,0.256,0.139,1.21765299796188e-47,"1","ERC1"
5.44132716049688e-52,1.30889180809721,0.312,0.195,1.61645505956881e-47,"1","GLG1"
1.43631374940961e-51,1.34105913218556,0.278,0.161,4.26685725537114e-47,"1","PDE4D"
2.37006326319056e-51,1.50341304466387,0.32,0.212,7.04074693596019e-47,"1","MYO1F"
4.77506880212435e-51,1.32072171069555,0.25,0.135,1.41852968904708e-46,"1","ZNF407"
1.81881922255428e-50,1.16787541864827,0.272,0.151,5.40316626444199e-46,"1","CAMKMT"
2.06183908640124e-50,1.44620942117039,0.285,0.172,6.12510537397217e-46,"1","ASXL1"
2.1710450415879e-50,1.37571496679803,0.287,0.172,6.44952350504517e-46,"1","GATAD2B"
2.53815650892711e-50,1.32982711467425,0.259,0.145,7.54010154106977e-46,"1","SLC9A9"
3.56198407655864e-50,1.63103925600937,0.253,0.146,1.05815860962327e-45,"1","SEMA4D"
1.35479303676586e-49,1.13537314739979,0.31,0.189,4.02468367432033e-45,"1","FBXW7"
1.66299649996362e-48,1.29799994042858,0.284,0.171,4.94026370244193e-44,"1","ANKHD1"
1.03949607782408e-47,0.827791481974893,0.356,0.22,3.088030998392e-43,"1","ARL15"
1.22400825826868e-47,1.18600056091125,0.27,0.156,3.63616133283876e-43,"1","CLASP1"
1.63310054414905e-47,1.31437872217676,0.254,0.144,4.85145178650358e-43,"1","DOCK11"
1.6430709312643e-46,1.28211859937271,0.296,0.187,4.88107081550685e-42,"1","ERBIN"
1.66597697130516e-46,1.27234977987947,0.289,0.18,4.94911778865623e-42,"1","GSK3B"
2.77986021097127e-46,1.35476551559776,0.254,0.147,8.25813072873234e-42,"1","ASCC3"
2.81523590804421e-46,1.17541126161626,0.275,0.163,8.36322131202694e-42,"1","USP25"
5.76245146755213e-46,1.07499237940871,0.368,0.261,1.71185145746571e-41,"1","TTC39C"
6.40392712956541e-46,1.33702719038891,0.274,0.167,1.90241463238e-41,"1","INPP5D"
5.00953119437344e-45,1.33386692070067,0.257,0.152,1.48818143191252e-40,"1","UBR2"
8.97391109661033e-45,1.34960885010538,0.284,0.18,2.66587976947003e-40,"1","SYNRG"
1.20192753285328e-44,1.31917861111949,0.27,0.164,3.57056612184723e-40,"1","ATP2B4"
2.32578096501481e-44,1.21823638599061,0.296,0.186,6.9091975127695e-40,"1","ITFG1"
3.56814798915303e-44,1.26907398690161,0.269,0.163,1.05998972313769e-39,"1","PDS5A"
3.59805066223241e-44,1.37591137519054,0.252,0.149,1.06887291022938e-39,"1","SETX"
3.83644961870914e-44,1.36426606546391,0.258,0.155,1.13969408822992e-39,"1","IKZF3"
6.60417375107546e-44,1.17099357592148,0.272,0.162,1.96190189623199e-39,"1","PCNX2"
7.90521944242326e-44,0.857069883461403,0.386,0.264,2.34840353976068e-39,"1","PICALM"
5.11346749677654e-43,1.32543928210059,0.275,0.172,1.51905778926741e-38,"1","XRN1"
2.04364655834121e-42,1.05666354505665,0.351,0.246,6.07106083086424e-38,"1","NIPBL"
2.38115664223453e-42,1.38647788846893,0.25,0.151,7.07370203708611e-38,"1","NSD1"
2.67118215095278e-42,1.26617355256093,0.304,0.202,7.93528081583543e-38,"1","BRAF"
6.61890980342671e-41,1.31022780842911,0.304,0.206,1.96627953530397e-36,"1","STK10"
1.40818771174053e-40,1.15396545542467,0.276,0.172,4.1833032352676e-36,"1","NCOA3"
2.87303766846475e-40,1.05086005691439,0.304,0.197,8.53493300170825e-36,"1","DYRK1A"
3.88228777069306e-40,1.06606648379908,0.301,0.194,1.15331122803979e-35,"1","COP1"
3.92710108837844e-40,1.1930828623298,0.281,0.178,1.16662392032458e-35,"1","FBXO11"
4.61778980191826e-40,1.18844727674032,0.27,0.168,1.37180681645586e-35,"1","PHC3"
3.02726136168536e-39,1.18038329707052,0.254,0.154,8.99308532715869e-35,"1","FNDC3A"
6.93019868822961e-39,1.14802967530822,0.281,0.18,2.05875412431237e-34,"1","NFAT5"
1.17482011496611e-38,0.836695360433708,0.32,0.206,3.49003811552982e-34,"1","PTPRJ"
1.20361116626428e-38,1.21094059176547,0.254,0.155,3.5755676916213e-34,"1","NSMCE2"
1.38190035615041e-38,0.758000795593406,0.52,0.465,4.10521138801601e-34,"1","ANKRD12"
1.46177064546615e-38,1.1193927479155,0.267,0.169,4.34248205648631e-34,"1","JARID2"
2.00004464011338e-38,0.905095524298396,0.356,0.253,5.94153261238482e-34,"1","WNK1"
4.9836758492142e-38,1.15684552197408,0.282,0.184,1.48050058452606e-33,"1","ZNF638"
6.35012248088325e-38,1.27615306907081,0.263,0.169,1.88643088539599e-33,"1","CDK17"
9.02104037627072e-38,1.07366602200953,0.373,0.289,2.67988046457874e-33,"1","USP15"
1.26032153308327e-37,1.12529999815461,0.253,0.154,3.74403717833047e-33,"1","DYM"
9.17282886076201e-37,1.45506575128205,0.257,0.169,2.72497226966657e-32,"1","LINC00513"
1.6123811286019e-36,0.932538017322628,0.292,0.185,4.78990061873765e-32,"1","BCAS3"
1.8979789952434e-36,1.23751630419171,0.379,0.308,5.63832620116956e-32,"1","RHOH"
2.63993385257131e-36,0.874562768976341,0.405,0.315,7.84245149583358e-32,"1","RORA"
2.64000115314373e-36,0.918203214437003,0.282,0.177,7.84265142564409e-32,"1","SIPA1L1"
2.92794773852092e-36,0.964717046537081,0.328,0.227,8.6980543468241e-32,"1","EPB41"
7.080137495662e-36,1.10261192191565,0.347,0.26,2.10329644583631e-31,"1","CCSER2"
8.6258571037763e-36,1.1436913879663,0.255,0.159,2.56248336981883e-31,"1","DLG1"
1.46278354280095e-35,1.11136083064023,0.252,0.155,4.34549107059879e-31,"1","PHF21A"
3.42534953450891e-35,1.05948304337365,0.333,0.244,1.01756858621656e-30,"1","GLS"
5.23215335124321e-35,1.0818574390891,0.315,0.222,1.55431579605382e-30,"1","CDK13"
5.2975590113974e-35,0.978549955505989,0.343,0.239,1.57374585551583e-30,"1","BCL2"
6.01613865712298e-35,0.711502902973094,0.346,0.235,1.78721431087152e-30,"1","LDLRAD4"
8.65572377521345e-35,1.20068994154004,0.32,0.235,2.57135586190266e-30,"1","TAOK3"
2.30679014933084e-34,0.717582840768845,0.359,0.249,6.85278149661711e-30,"1","PHACTR2"
3.48074200362701e-34,1.22794044462342,0.278,0.19,1.03402402701748e-29,"1","CELF1"
7.04013072700113e-34,0.917705852132539,0.395,0.315,2.09141163507023e-29,"1","DDX17"
7.65929729795183e-34,1.12266247766057,0.295,0.205,2.27534744830255e-29,"1","SUCLG2"
1.72408261960025e-33,0.958259652861053,0.304,0.208,5.12173223804647e-29,"1","VPS13C"
2.46305431957675e-33,1.20067933706711,0.287,0.2,7.31699546716664e-29,"1","GNB1"
3.09161845682956e-33,0.999478461878652,0.282,0.188,9.18427094970357e-29,"1","FRYL"
4.16311470690106e-33,1.16717325248957,0.277,0.188,1.2367364859791e-28,"1","TENT2"
5.46798104590754e-33,0.833849684254015,0.323,0.223,1.62437312930775e-28,"1","NCOA1"
2.10803187617007e-32,1.20761749340031,0.343,0.271,6.26233029453844e-28,"1","MBP"
1.92170083336461e-31,1.21274013202928,0.274,0.191,5.70879666567624e-27,"1","RBL2"
3.08688152341358e-31,1.35541470544443,0.256,0.177,9.17019894160472e-27,"1","TMC8"
9.69379836982935e-31,1.16376286228435,0.289,0.206,2.87973668172521e-26,"1","CCM2"
2.72343815440264e-30,0.995554839115618,0.318,0.233,8.09051772528391e-26,"1","EPS15"
2.84456608778104e-30,1.1065675023315,0.252,0.166,8.45035247697113e-26,"1","KIAA1109"
3.65726841049363e-30,0.910659278306366,0.305,0.215,1.08646472670534e-25,"1","MSI2"
8.52865910842698e-30,0.978858478682424,0.382,0.317,2.5336087613404e-25,"1","SH3KBP1"
2.33952894271502e-29,0.831103456691592,0.334,0.247,6.95003863012352e-25,"1","PPP3CA"
1.41924337022054e-28,0.838178297060429,0.495,0.479,4.21614627991417e-24,"1","HNRNPH1"
2.40228806491509e-28,1.1933779852446,0.271,0.195,7.13647715444326e-24,"1","PPP3CC"
2.51752425992531e-28,1.107939441024,0.25,0.17,7.47880931896013e-24,"1","SENP6"
1.54582252306206e-27,1.00391404968188,0.29,0.211,4.59217496926046e-23,"1","PIAS1"
2.06573780034472e-27,1.08189004292063,0.262,0.183,6.13668728348405e-23,"1","ACAP2"
2.10389961817018e-27,1.12874784095288,0.254,0.176,6.25005459569816e-23,"1","SETD2"
2.12523317033545e-27,1.00657212900128,0.252,0.17,6.31343017911552e-23,"1","ARFGEF1"
3.14414264795701e-27,0.899171281387923,0.317,0.234,9.34030456428588e-23,"1","TBL1XR1"
9.42748038983593e-27,1.01717160845726,0.259,0.177,2.80062159940856e-22,"1","MKLN1"
2.29021193085593e-26,1.01205626426115,0.318,0.245,6.80353258299371e-22,"1","BPTF"
3.45109494368796e-26,1.17026631599221,0.287,0.218,1.02521677492138e-21,"1","PAFAH1B1"
3.66311710419067e-26,1.08592883563861,0.272,0.197,1.08820219814192e-21,"1","OSBPL8"
5.17397817989694e-26,0.694703565655175,0.362,0.277,1.53703369790199e-21,"1","CCDC91"
6.78215529486826e-26,1.00797196240361,0.296,0.22,2.01477487344651e-21,"1","ITK"
7.67615088787458e-26,0.925137285038981,0.258,0.176,2.2803541442609e-21,"1","CDC14A"
8.19915878104342e-26,0.957830520162503,0.408,0.37,2.43572409908457e-21,"1","FAM49B"
2.390789085819e-25,0.902596605491068,0.291,0.211,7.10231713724251e-21,"1","PAG1"
2.01255417712949e-24,0.989177081779573,0.363,0.312,5.97869469399858e-20,"1","WIPF1"
2.59853119805271e-24,1.10145346584699,0.265,0.194,7.71945663005519e-20,"1","UBE2K"
5.65903284181241e-24,0.785830061896872,0.437,0.41,1.68112888631721e-19,"1","CD247"
3.61541034072633e-23,0.725156595968404,0.302,0.22,1.07402994991957e-18,"1","JAZF1"
9.41710180185429e-23,0.927574672407634,0.268,0.196,2.79753843227685e-18,"1","RICTOR"
1.71095430851852e-22,0.984027977908104,0.279,0.208,5.08273196431597e-18,"1","NEK7"
4.16065446246038e-22,0.839511042926755,0.42,0.396,1.2360056211631e-17,"1","N4BP2L2"
4.43207071006908e-22,0.955325958861819,0.286,0.218,1.31663524584022e-17,"1","ZNF292"
1.82775552634003e-21,1.21034464908978,0.26,0.201,5.42971334209833e-17,"1","MYH9"
2.33529330927912e-21,1.06466893090175,0.254,0.19,6.93745583387548e-17,"1","RALGAPA1"
5.18499979223538e-21,0.93353929062489,0.262,0.194,1.54030788827936e-16,"1","STAG2"
7.02041096850194e-20,0.916728256526692,0.305,0.246,2.08555348641287e-15,"1","CYTH1"
2.03552002021014e-19,1.18490124226463,0.26,0.204,6.04691932403826e-15,"1","LCP2"
8.14894965814157e-19,0.827220435639864,0.253,0.186,2.42080847494412e-14,"1","MDFIC"
1.22106409936447e-18,1.0573537664069,0.257,0.2,3.62741511998204e-14,"1","GPATCH8"
1.49601295224118e-18,0.605055024488782,0.273,0.197,4.44420567722287e-14,"1","NIBAN1"
3.97062937136762e-17,0.748983078698342,0.389,0.357,1.17955486735218e-12,"1","CLEC2D"
5.90706104134841e-17,0.886332213003771,0.252,0.194,1.75481062355337e-12,"1","ZNF148"
3.18493393629364e-16,0.751206432265411,0.259,0.196,9.46148324454752e-12,"1","GLCCI1"
8.97603198289504e-16,0.675141936092962,0.285,0.224,2.66650982115863e-11,"1","DENND4A"
9.27010792721384e-16,0.888403841607924,0.315,0.274,2.75387096193741e-11,"1","EMB"
1.44915959148909e-14,0.962163444839248,0.274,0.232,4.30501839843664e-10,"1","ROCK1"
1.75628754056263e-13,0.793253718106369,0.276,0.232,5.21740339674941e-09,"1","PCM1"
2.33366200743543e-13,0.962461817352428,0.292,0.26,6.93260972548842e-09,"1","GNG2"
4.89568210913108e-13,0.859203641984544,0.262,0.218,1.45436028415957e-08,"1","TLK1"
1.02069032729947e-12,0.959773683357293,0.25,0.209,3.03216475530853e-08,"1","GOLGA4"
4.00661958424187e-12,1.07240879593858,0.256,0.223,1.19024647989073e-07,"1","CCNH"
6.93932270552581e-12,0.845978762197809,0.271,0.232,2.06146459613055e-07,"1","WAC"
9.80868600663005e-12,0.797733604446474,0.299,0.267,2.91386635198959e-07,"1","CHD2"
2.31023492799012e-11,0.80595983361634,0.315,0.291,6.86301490058026e-07,"1","ATRX"
7.85751229916172e-11,0.943577696366762,0.251,0.214,2.33423117871197e-06,"1","LYST"
1.92468305149891e-10,0.886364643384086,0.258,0.226,5.71765594108782e-06,"1","SLC38A1"
2.81113141150847e-10,0.926226182985067,0.266,0.238,8.35102808416821e-06,"1","LSM14A"
5.21723245956896e-10,0.806484553209721,0.305,0.285,1.54988324676415e-05,"1","EPC1"
8.03289605675724e-10,0.370859174901927,0.205,0.322,2.38633243158087e-05,"1","CD47"
1.8447554873085e-09,0.697829322672419,0.368,0.368,5.48021512614735e-05,"1","ETS1"
4.68668507597389e-09,0.329387032550418,0.184,0.284,0.000139227353551956,"1","ARHGEF1"
2.04416747504361e-08,0.916089022865042,0.27,0.253,0.000607260831811205,"1","CFLAR"
5.94418325275306e-08,0.268643618801198,0.232,0.345,0.00176583851889535,"1","SRSF11"
6.43411999810314e-08,0.370404512555156,0.205,0.308,0.0019113840278365,"1","UBE2D2"
1.93278755139026e-07,0.751395782151881,0.316,0.315,0.00574173197891504,"1","JAK1"
2.2593354405434e-07,0.829722121609624,0.258,0.24,0.00671180779322228,"1","BBX"
2.98301236578882e-07,0.723583752470389,0.275,0.257,0.00886163483504884,"1","OGA"
5.50418416152987e-07,0.290985861447386,0.194,0.283,0.0163512798886568,"1","PNISR"
1.45604695178207e-06,0.684926217494486,0.343,0.356,0.04325478679659,"1","RAP1A"
2.98268130784881e-06,0.607002019730876,0.399,0.437,0.0886065136122645,"1","STK4"
5.89259886816583e-06,0.8846658197716,0.253,0.246,0.175051434576602,"1","TRA2A"
6.32883323128338e-06,0.625773040382293,0.418,0.47,0.188010648801736,"1","PPP2R5C"
2.15589704616715e-05,0.565842111128435,0.295,0.288,0.640452335504875,"1","NR3C1"
3.58078899997242e-05,0.666147879492781,0.36,0.392,1,"1","STK17B"
0.000202524038539483,0.314003285181666,0.215,0.291,1,"1","PDCD4"
0.00022902188168902,0.685868030624448,0.28,0.283,1,"1","PPP1R12A"
0.000409687018599677,0.63623099320889,0.347,0.382,1,"1","ARID4B"
0.000459619374553862,0.394015895314273,0.211,0.287,1,"1","CAPZA1"
0.000844685432940731,0.331625831927749,0.262,0.348,1,"1","ARID5B"
0.00133120832727528,0.365044064281083,0.264,0.362,1,"1","ARGLU1"
0.00169383066325687,0.84743488633385,0.274,0.295,1,"1","LCP1"
0.00198890571299701,0.492571384583981,0.187,0.25,1,"1","STAT3"
0.00214506776466871,0.436014201640173,0.249,0.339,1,"1","ACTR3"
0.00257848046829019,0.516281489829432,0.261,0.26,1,"1","RNF19A"
0.00462498941570709,0.645440259878277,0.339,0.389,1,"1","ZC3HAV1"
0.00601724983845126,0.482483476262776,0.254,0.346,1,"1","LCK"
0,3.61753029310602,0.87,0.091,0,"2","TYROBP"
0,2.46443058805173,0.993,0.263,0,"2","NKG7"
0,3.08445613883653,0.932,0.214,0,"2","GNLY"
0,3.80656675419219,0.76,0.059,0,"2","KLRC1"
0,2.61554299831609,0.834,0.134,0,"2","KLRD1"
0,2.43351576776186,0.877,0.206,0,"2","CTSW"
0,3.52301308378106,0.757,0.099,0,"2","XCL2"
0,2.2455716981333,0.97,0.318,0,"2","CCL5"
0,2.90976740299044,0.804,0.172,0,"2","CMC1"
0,3.41971268999953,0.69,0.065,0,"2","TRDC"
0,2.38282894532404,0.931,0.313,0,"2","DUSP2"
0,1.22448100052525,0.988,0.437,0,"2","RPL31"
0,1.21603268552831,0.989,0.439,0,"2","RPS20"
0,1.91310804493769,0.908,0.362,0,"2","ID2"
0,1.9240539619838,0.895,0.35,0,"2","IER2"
0,1.22196492326974,0.963,0.419,0,"2","RPS17"
0,1.04350906189586,0.989,0.448,0,"2","RPL7"
0,1.87991900244148,0.846,0.307,0,"2","IFITM2"
0,1.30270673297442,0.978,0.443,0,"2","JUNB"
0,2.08771807398082,0.936,0.403,0,"2","CD74"
0,1.42853902331668,0.933,0.401,0,"2","FOS"
0,1.23279215609742,0.982,0.451,0,"2","RPS5"
0,1.2199154703979,0.982,0.452,0,"2","RPL27"
0,3.41958475467411,0.581,0.052,0,"2","KLRC2"
0,1.09426154557902,0.991,0.463,0,"2","RPL10A"
0,1.3225293418327,0.998,0.47,0,"2","RPL23A"
0,1.39556255790064,0.901,0.379,0,"2","DUSP1"
0,1.95701916844624,0.662,0.141,0,"2","GZMB"
0,1.75893549244072,0.851,0.33,0,"2","ZFP36"
0,1.67589854379931,0.886,0.366,0,"2","JUN"
0,1.3906847091473,0.999,0.479,0,"2","RPL21"
0,1.23251749330774,0.998,0.479,0,"2","RPL27A"
0,1.08142869896492,0.993,0.477,0,"2","RPS3A"
0,1.58784335954814,0.729,0.213,0,"2","CST7"
0,1.19758010262131,0.976,0.461,0,"2","RPS10"
0,1.1112804083321,0.997,0.483,0,"2","RPL26"
0,1.32560134548453,0.94,0.426,0,"2","RPL23"
0,2.0637056173979,0.734,0.221,0,"2","HLA-DPB1"
0,1.06538267353205,0.999,0.486,0,"2","RPS6"
0,1.10794707513891,0.999,0.486,0,"2","RPS15A"
0,1.37969008894032,0.965,0.452,0,"2","UBB"
0,1.46420857771632,0.975,0.462,0,"2","FTL"
0,0.984952174069383,0.994,0.482,0,"2","RPS25"
0,1.1186966108266,0.992,0.48,0,"2","RPS9"
0,1.07271825957467,0.998,0.488,0,"2","RPL18A"
0,1.21922791594697,0.963,0.453,0,"2","RPS11"
0,1.21797303481231,0.998,0.489,0,"2","RPL15"
0,0.991146857774153,0.999,0.491,0,"2","RPS4X"
0,1.16901424261524,0.99,0.483,0,"2","RPL35"
0,1.16274371843078,0.987,0.481,0,"2","RPS16"
0,1.73274041221716,0.822,0.316,0,"2","FOSB"
0,1.04228258887535,0.996,0.491,0,"2","RPL35A"
0,1.05532980384216,1,0.496,0,"2","RPS18"
0,1.19227006183032,0.998,0.494,0,"2","RPS29"
0,1.28521083625671,0.999,0.497,0,"2","RPS3"
0,1.29749046048169,0.998,0.498,0,"2","RPL13A"
0,1.63735091794167,0.825,0.325,0,"2","HCST"
0,1.06269776826651,0.991,0.492,0,"2","RPS7"
0,1.06806225893531,0.951,0.452,0,"2","RPSA"
0,1.72637806985202,0.813,0.314,0,"2","GADD45B"
0,1.1055804793027,0.958,0.459,0,"2","UBA52"
0,1.01292434298356,0.995,0.497,0,"2","RPS23"
0,1.05672921582736,0.998,0.5,0,"2","RPL3"
0,1.33600491097179,0.999,0.502,0,"2","RPS27"
0,0.982035461943483,0.99,0.493,0,"2","RPL8"
0,1.69879409301901,0.863,0.366,0,"2","NFKBIA"
0,1.09321906024414,0.989,0.493,0,"2","RPL37"
0,1.07559613947611,0.961,0.465,0,"2","UBC"
0,1.13784284373295,0.961,0.465,0,"2","RPS21"
0,1.32095720794166,0.916,0.421,0,"2","HSPA8"
0,1.20931640547098,0.988,0.493,0,"2","RPL37A"
0,1.12375491162933,1,0.505,0,"2","RPS14"
0,1.09226770749924,0.996,0.501,0,"2","RPL19"
0,1.22284389163711,0.884,0.389,0,"2","RPL17"
0,1.0023664635195,0.998,0.504,0,"2","RPS12"
0,1.37851067230264,0.999,0.505,0,"2","RPS19"
0,1.07112410652612,0.928,0.436,0,"2","RPL36A"
0,1.11365298566899,0.931,0.44,0,"2","EEF1D"
0,1.03174972845893,0.982,0.491,0,"2","RPL6"
0,1.49652009182623,0.962,0.473,0,"2","SRGN"
0,1.12273976026232,0.999,0.51,0,"2","RPLP2"
0,1.04766790858919,0.981,0.495,0,"2","FTH1"
0,4.01240617560338,0.547,0.062,0,"2","XCL1"
0,1.22458541034986,0.992,0.507,0,"2","EIF1"
0,1.20260166345171,0.998,0.514,0,"2","RPS2"
0,1.1823293437624,1,0.519,0,"2","RPS27A"
0,1.16391298743828,0.897,0.418,0,"2","HNRNPA1"
0,1.19241969124081,0.996,0.517,0,"2","FAU"
0,1.01489919257447,0.985,0.509,0,"2","RPL18"
0,1.12981014991825,0.99,0.515,0,"2","RPS24"
0,2.24777554403083,0.638,0.167,0,"2","HLA-DRA"
0,1.49765955760626,0.868,0.401,0,"2","CD69"
0,1.09309646619325,0.959,0.494,0,"2","PFN1"
0,1.65038742213858,0.719,0.255,0,"2","CD7"
0,1.21582982951945,0.885,0.422,0,"2","CXCR4"
0,1.1026468797778,0.911,0.449,0,"2","GAPDH"
0,1.09067738000322,0.684,0.224,0,"2","CCL4"
0,1.27751718550584,0.848,0.389,0,"2","DNAJA1"
0,2.54726697805499,0.553,0.096,0,"2","HOPX"
0,1.00025814686665,0.994,0.545,0,"2","TMSB10"
0,1.34523930045602,0.683,0.235,0,"2","GZMA"
0,1.01562098906668,0.998,0.55,0,"2","RPS28"
0,1.17792594453659,0.884,0.438,0,"2","CYBA"
0,1.75274952715364,0.693,0.247,0,"2","NR4A2"
0,2.68314970734894,0.505,0.061,0,"2","KLRF1"
0,1.13701005923529,0.995,0.552,0,"2","PTMA"
0,0.991112128662163,0.999,0.556,0,"2","RPL28"
0,1.03244606882391,0.999,0.557,0,"2","RPL10"
0,1.55674825281759,0.729,0.289,0,"2","TUBB4B"
0,1.3574797366764,0.793,0.354,0,"2","SAP18"
0,1.28949719331542,0.985,0.546,0,"2","H3F3B"
0,1.08384820369269,0.999,0.566,0,"2","TMSB4X"
0,1.2207738297355,0.994,0.561,0,"2","HLA-C"
0,1.75042303088541,0.648,0.225,0,"2","LITAF"
0,1.08677207212962,0.951,0.528,0,"2","BTG1"
0,1.5674601218748,0.701,0.278,0,"2","PPP1R15A"
0,2.69034231635936,0.513,0.098,0,"2","IFNG"
0,1.03745181348582,1,0.595,0,"2","EEF1A1"
0,1.13447775205311,0.999,0.594,0,"2","RPL41"
0,1.83495634730161,0.566,0.163,0,"2","HLA-DRB1"
0,1.95852198259019,0.557,0.157,0,"2","HLA-DPA1"
0,3.23487964721128,0.44,0.043,0,"2","FCER1G"
0,1.03753179644344,0.994,0.643,0,"2","HLA-A"
0,2.08856595748593,0.442,0.114,0,"2","ZC3H12A"
0,2.75517966322817,0.379,0.058,0,"2","CRTAM"
0,2.44102749251016,0.382,0.063,0,"2","MATK"
0,1.04811891686501,0.999,0.685,0,"2","HLA-B"
0,2.48422633335885,0.386,0.083,0,"2","EGR1"
0,2.98596968969678,0.311,0.039,0,"2","CLIC3"
0,1.07914238143157,1,0.81,0,"2","B2M"
3.44318542300051e-307,0.962899369909007,0.988,0.483,1.02286709361076e-302,"2","RPL9"
3.99055410184408e-307,1.10903144717537,0.884,0.414,1.18547390703482e-302,"2","CD52"
8.91393339047952e-307,0.978355193877258,0.999,0.563,2.64806219230975e-302,"2","RPLP1"
4.44571109006679e-304,1.4912550144104,0.633,0.229,1.32068739352614e-299,"2","HSPA1A"
7.34402951308512e-304,1.01468276679408,0.953,0.483,2.1816908474522e-299,"2","RPL5"
6.31077326708142e-302,1.07416274441499,0.917,0.452,1.87474141445188e-297,"2","CFL1"
8.42286020991497e-302,1.56459653790513,0.631,0.231,2.50217908255944e-297,"2","IFITM1"
3.19558778262136e-301,1.11872863029762,0.92,0.472,9.49313262583326e-297,"2","HSP90AA1"
8.91710457432553e-296,1.03489353245093,0.909,0.436,2.64900425589488e-291,"2","SH3BGRL3"
2.86243274740606e-292,1.17731817252626,0.489,0.133,8.50342896271918e-288,"2","PRF1"
4.43073383289457e-292,0.92590236257307,0.999,0.531,1.31623809973799e-287,"2","RPL34"
6.90681807524097e-292,0.869916517825569,0.995,0.673,2.05180844561183e-287,"2","ACTB"
2.72170702651478e-290,0.930429036516264,0.996,0.515,8.08537506366747e-286,"2","RPL30"
2.87911484824249e-290,1.09026447990553,0.897,0.463,8.55298647967397e-286,"2","ZFP36L2"
2.65987418472787e-289,0.996889970175059,0.949,0.466,7.90168824057108e-285,"2","RACK1"
3.76427833395668e-289,0.897836998289533,0.988,0.49,1.11825416466851e-284,"2","TPT1"
1.1290270929839e-287,1.23012377251835,0.816,0.383,3.35400078512726e-283,"2","DYNLL1"
1.49052955677386e-285,1.77034772208442,0.53,0.177,4.42791615430811e-281,"2","UBE2S"
6.67752509968482e-284,0.952736416232556,0.949,0.449,1.98369238136337e-279,"2","RPL38"
1.39337859675695e-283,0.903794213264069,0.986,0.483,4.13930979738587e-279,"2","RPS13"
7.2901736364804e-283,1.27863262845251,0.677,0.266,2.16569188218923e-278,"2","CD63"
1.34747880193804e-282,0.979232826776402,0.907,0.419,4.00295527691734e-278,"2","RPL4"
2.29385215258132e-282,1.28470724906518,0.779,0.355,6.81434658967332e-278,"2","H2AFZ"
1.95646823591916e-281,0.93459530813063,0.998,0.514,5.81208018844506e-277,"2","RPS15"
1.33314921674823e-280,0.916479436384443,0.993,0.495,3.96038637819397e-276,"2","RPL12"
2.49012736188721e-278,0.902236291477136,0.999,0.507,7.39742135395835e-274,"2","RPL32"
1.50309724225265e-273,0.895762946620697,0.977,0.475,4.46525097755995e-269,"2","RPL29"
2.82857876253303e-272,0.85830045763841,0.99,0.52,8.40285892985686e-268,"2","RPS8"
1.03695733039899e-271,1.39763797862689,0.669,0.273,3.08048914141629e-267,"2","TPI1"
2.61771615499173e-270,1.11053746850863,0.812,0.371,7.77644938163392e-266,"2","DNAJB1"
9.28307941716563e-270,0.853901057089395,0.999,0.527,2.75772440245739e-265,"2","RPL39"
6.13383488383249e-269,0.900229815257835,0.932,0.451,1.82217832894012e-264,"2","RPLP0"
1.21924616408442e-266,0.722478383350878,0.994,0.697,3.62201457964558e-262,"2","MT-CO3"
4.75595846965859e-266,0.872537617716402,0.955,0.472,1.41285258258148e-261,"2","RPL7A"
2.83829944943306e-265,0.988649634177595,0.91,0.449,8.4317361744308e-261,"2","PFDN5"
6.63795747345347e-265,1.4396155840549,0.648,0.266,1.97193802663882e-260,"2","HSPA5"
6.63673459540683e-264,1.16757178521025,0.824,0.405,1.97157474625751e-259,"2","HSP90AB1"
3.55503234424155e-263,1.24866901252841,0.697,0.293,1.05609345850384e-258,"2","DDIT4"
3.7408235318703e-262,1.84729187052844,0.481,0.158,1.11128644661271e-257,"2","SERTAD1"
2.73825742986153e-259,0.86819600063227,0.997,0.532,8.13454134688965e-255,"2","RPL11"
5.13164206583972e-259,2.18883576278373,0.348,0.084,1.52445690849901e-254,"2","IER3"
8.19566579868959e-258,2.14510510076494,0.316,0.068,2.43468643881672e-253,"2","CAPG"
9.31328251075926e-257,0.905303261568171,0.948,0.468,2.76669683547125e-252,"2","RPL24"
2.5262691324574e-255,1.0722951570903,0.816,0.381,7.5047877117912e-251,"2","TOMM7"
3.18404621042523e-255,1.04407235812055,0.81,0.368,9.45884607731022e-251,"2","EEF1B2"
4.85418490063873e-255,0.837448935121535,0.988,0.492,1.44203270843275e-250,"2","RPL36"
1.22574358208652e-254,2.4951267045409,0.272,0.051,3.64131645930442e-250,"2","MAFF"
6.48982600124495e-254,1.00483336574931,0.875,0.453,1.92793261018984e-249,"2","TSC22D3"
1.31851777564862e-252,1.78439217181393,0.437,0.13,3.91692075611935e-248,"2","NR4A1"
5.99931863694016e-251,0.873668088110858,0.969,0.486,1.78221758747581e-246,"2","RPL14"
9.63699710842161e-251,1.03570582533402,0.845,0.401,2.86286273099881e-246,"2","BTF3"
9.6638539508701e-251,0.705941223206542,0.997,0.759,2.87084109318498e-246,"2","MT-CO1"
2.68595039353077e-250,0.871695569487343,0.999,0.527,7.97915283406186e-246,"2","RPL13"
3.96396931481602e-249,1.90549900378028,0.4,0.111,1.17757636435239e-244,"2","GPR65"
1.57469968683938e-244,1.5624528389386,0.556,0.208,4.67796035969375e-240,"2","ZNF331"
2.77333533064501e-244,1.08974143490398,0.802,0.384,8.23874726674713e-240,"2","COX4I1"
4.30489636540869e-243,2.08081475290707,0.412,0.124,1.27885556327196e-238,"2","AREG"
2.13675682101326e-242,0.968897315576903,0.864,0.438,6.34766348818409e-238,"2","MYL6"
3.33441574022814e-240,1.67838128914462,0.644,0.297,9.90554883949572e-236,"2","LMNA"
5.75009654561697e-239,0.929569201946681,0.914,0.49,1.70818118080643e-234,"2","ACTG1"
3.23173609570306e-238,1.23387725484167,0.651,0.275,9.60051841950509e-234,"2","LGALS1"
1.31189921317507e-236,1.27803479293184,0.426,0.121,3.89725899257919e-232,"2","GZMH"
1.79632542722024e-236,1.40039893731913,0.664,0.293,5.33634394664316e-232,"2","CRIP1"
1.47232698858339e-234,1.28828567412836,0.664,0.288,4.37384178498468e-230,"2","PSME1"
4.37795262084891e-232,1.09409309596251,0.762,0.364,1.30055838507559e-227,"2","YBX1"
3.7711657795297e-231,1.53631912240466,0.508,0.183,1.12030021812489e-226,"2","EIF3G"
4.63915213453525e-229,1.6304092153098,0.517,0.191,1.37815292460639e-224,"2","TUBA4A"
2.12481543833251e-227,0.695176357451186,0.98,0.623,6.31218922265438e-223,"2","MT-ND4"
2.28275615351884e-227,1.03636901599187,0.758,0.341,6.78138370525842e-223,"2","RPS4Y1"
2.43979950326897e-226,1.83604652590475,0.372,0.104,7.24791238436114e-222,"2","LYAR"
2.07511064746416e-225,1.14353231679628,0.719,0.336,6.16453120042177e-221,"2","S100A10"
3.81082124237079e-225,0.859196453389384,0.904,0.446,1.13208066647109e-220,"2","RPL22"
9.82477796752142e-222,1.50276246431553,0.489,0.173,2.91864679081159e-217,"2","BTG2"
8.93978189652427e-221,1.32640447367291,0.651,0.288,2.65574100800047e-216,"2","LDHA"
6.30053876379255e-220,1.68218109609452,0.447,0.149,1.87170105055985e-215,"2","MYADM"
7.81656848188621e-219,1.26610021881507,0.676,0.316,2.32206799891394e-214,"2","SRSF2"
5.78796455984919e-218,1.41908790469481,0.561,0.223,1.7194306317944e-213,"2","REL"
2.26552410883876e-210,1.33587590406842,0.563,0.231,6.73019247012731e-206,"2","CITED2"
1.27772581349813e-209,0.806588636403807,0.881,0.439,3.7957400741589e-205,"2","NACA"
3.38078773101431e-208,0.860469467525339,0.87,0.452,1.00433061125242e-203,"2","SERF2"
5.55703451788173e-208,1.48299560030039,0.412,0.132,1.65082824422712e-203,"2","IFITM3"
1.83733948378308e-207,0.979547571862575,0.767,0.369,5.4581844044744e-203,"2","COX7C"
1.13720888156335e-206,1.0837387213486,0.69,0.313,3.37830642446025e-202,"2","NOP53"
3.84045143040764e-204,1.20248035968581,0.621,0.271,1.1408829064312e-199,"2","SSR4"
6.48322186776817e-204,1.8858583251784,0.275,0.063,1.92597072025789e-199,"2","HLA-DQA1"
4.84580357533932e-203,1.03970773730434,0.713,0.33,1.43954286812605e-198,"2","COMMD6"
5.49382579397164e-203,1.14144736340732,0.638,0.284,1.63205082861516e-198,"2","BRD2"
2.29061447021267e-199,0.878332740355977,0.804,0.392,6.80472840666078e-195,"2","OAZ1"
1.50349981110654e-198,1.06970437104195,0.726,0.361,4.46644688885419e-194,"2","CALM2"
2.95372069015562e-198,1.23401687164214,0.603,0.262,8.77461805424531e-194,"2","SNRPD2"
2.9162736761239e-197,1.71878032415413,0.31,0.081,8.66337420966127e-193,"2","HLA-DQB1"
5.56468731208113e-197,1.18324423686033,0.654,0.303,1.65310165979994e-192,"2","TUBA1B"
8.735484000587e-196,0.905931599361585,0.732,0.353,2.59505023205438e-191,"2","SAT1"
5.56005798818166e-194,1.5213527664947,0.436,0.154,1.65172642654913e-189,"2","XBP1"
2.39927156792114e-193,1.3672168856934,0.585,0.264,7.12751604682334e-189,"2","MCL1"
4.92468923766009e-193,0.960987905898861,0.763,0.377,1.46297743183168e-188,"2","ATP5MG"
5.12356863404128e-193,1.20169787333553,0.598,0.264,1.52205853411464e-188,"2","COTL1"
1.49919209439296e-192,0.944945925810408,0.74,0.354,4.45364995481316e-188,"2","EEF2"
1.41829629547684e-191,0.842540049863754,0.829,0.42,4.21333280497306e-187,"2","ATP5F1E"
3.05295381014429e-190,1.42823995381194,0.485,0.188,9.06940988379563e-186,"2","HSPA1B"
3.8943494060635e-190,1.55901453857829,0.397,0.131,1.15689437805928e-185,"2","SELL"
2.45591021064184e-189,0.976955637282722,0.722,0.352,7.29577246275371e-185,"2","RPL36AL"
1.24257008189283e-187,0.910859921078726,0.783,0.393,3.69130294227904e-183,"2","NPM1"
1.580705643425e-187,1.20094846235533,0.555,0.234,4.69580225492265e-183,"2","CYCS"
1.62929663063246e-187,1.24619521314404,0.585,0.257,4.84015150061984e-183,"2","TAGLN2"
7.82678005035868e-186,1.19737588991056,0.475,0.179,2.32510154956005e-181,"2","GSTP1"
8.71264022399843e-186,1.44248336515365,0.454,0.17,2.58826403134321e-181,"2","RARRES3"
9.73951695767414e-184,0.985476324685599,0.663,0.306,2.89331830261626e-179,"2","CLIC1"
5.60727304202892e-181,1.3268975262577,0.529,0.225,1.66575260259553e-176,"2","TUBA1A"
4.6604385160695e-180,1.47591088295894,0.412,0.147,1.38447646996877e-175,"2","PMAIP1"
1.29936595445933e-179,1.01784151923638,0.641,0.293,3.86002644091233e-175,"2","ZFAS1"
3.71546492589442e-178,1.1366201653203,0.581,0.256,1.10375316553546e-173,"2","RBM8A"
3.74534066156383e-178,1.526766804887,0.414,0.149,1.11262835033077e-173,"2","CSRNP1"
3.3396822708054e-176,0.826875051841482,0.778,0.403,9.9211941218816e-172,"2","MYL12A"
5.68671525047015e-173,0.946517476873829,0.695,0.332,1.68935249945717e-168,"2","SLC25A6"
1.26431437581139e-171,1.07343949728928,0.61,0.282,3.7558987162229e-167,"2","EIF3K"
1.91828808240116e-169,1.1489028327093,0.557,0.245,5.69865840638911e-165,"2","PPDPF"
2.18846487718293e-169,1.16231449578162,0.549,0.243,6.50127261064733e-165,"2","HSPE1"
2.37245693168449e-169,1.16605396747728,0.548,0.24,7.04785780695511e-165,"2","SELENOK"
5.65019937614275e-169,0.798089532674307,0.833,0.463,1.67850472867073e-164,"2","CALM1"
1.82825971587193e-167,0.961185396179928,0.654,0.31,5.43121113794073e-163,"2","CHCHD2"
5.20781925041166e-166,0.912009225866206,0.733,0.378,1.54708686471979e-161,"2","CIRBP"
3.95873611608909e-163,0.715266728174653,0.705,0.343,1.17602173800658e-158,"2","ANXA1"
7.75784814626298e-162,1.14513785683761,0.541,0.24,2.30462394881034e-157,"2","RBM3"
9.24457175361533e-162,0.612124472600861,0.806,0.457,2.74628493084651e-157,"2","VIM"
2.67502062131512e-161,1.01286274914024,0.633,0.307,7.94668375974082e-157,"2","HERPUD1"
5.44498734780807e-161,1.64910179764573,0.284,0.081,1.61754239141334e-156,"2","GLUL"
8.12780119713277e-161,1.33590171682678,0.378,0.131,2.41452590163223e-156,"2","APOBEC3G"
6.3578157084381e-160,1.2414319126948,0.463,0.186,1.88871631250571e-155,"2","SEPT7"
7.04671026538108e-160,1.07426277268316,0.59,0.277,2.09336621853676e-155,"2","CD37"
1.57257159762154e-159,0.868258031240995,0.702,0.354,4.67163844505429e-155,"2","FXYD5"
7.83133557827833e-159,1.91631808493587,0.283,0.083,2.32645486023914e-154,"2","CD83"
8.8246876287448e-154,1.14346886176285,0.507,0.223,2.62154995387122e-149,"2","ISG20"
3.0683387783642e-153,1.09784592641071,0.534,0.239,9.11511400888654e-149,"2","SSR2"
2.91985214642685e-152,1.47294981462249,0.386,0.147,8.67400477139025e-148,"2","CKS2"
5.90119160999755e-152,1.20779536850124,0.558,0.263,1.75306699158197e-147,"2","RGCC"
6.69877141790759e-151,1.72287545693456,0.256,0.071,1.99000402511781e-146,"2","RHOB"
1.51692532532892e-150,0.591816152421484,0.931,0.602,4.50633006395463e-146,"2","MT-ND2"
9.74749319369345e-147,1.36223046448875,0.378,0.141,2.89568780305051e-142,"2","GZMM"
3.56034984038515e-146,1.26166480461539,0.341,0.116,1.05767312708322e-141,"2","C12orf75"
8.18133576503809e-145,1.08411994167684,0.511,0.229,2.43042941571986e-140,"2","GUK1"
2.03246808072096e-144,0.689434003084582,0.876,0.528,6.03785292739774e-140,"2","HLA-E"
9.75678874256487e-141,0.801468052461623,0.375,0.133,2.89844923175375e-136,"2","GZMK"
2.28084911409071e-140,0.888438066561148,0.444,0.189,6.77571846322928e-136,"2","IGKC"
3.85162028581058e-140,1.21229576781641,0.456,0.197,1.14420083830575e-135,"2","SLC25A5"
3.84119767802051e-139,1.13529773282762,0.441,0.183,1.14110459420955e-134,"2","LY6E"
4.68651176646124e-139,1.05946483197721,0.499,0.222,1.39222205046264e-134,"2","EIF4A3"
2.04102941166504e-138,0.629292513409095,0.851,0.508,6.06328607323332e-134,"2","S100A6"
3.38770394041233e-138,1.20732314356412,0.404,0.161,1.00638520957829e-133,"2","HEXIM1"
3.43333525895456e-138,1.53886014054687,0.302,0.101,1.01994090537763e-133,"2","H2AFX"
2.10600576259689e-137,1.43070385172848,0.322,0.112,6.25631131894658e-133,"2","RHOC"
4.40649502456022e-137,0.915593665381838,0.653,0.342,1.3090374769461e-132,"2","EIF4A2"
7.95288160811999e-136,0.644408918742898,0.934,0.69,2.36256253932421e-131,"2","DDX5"
3.79171796050643e-134,1.27810723077629,0.287,0.095,1.12640565452764e-129,"2","CCL3"
8.7843057482091e-134,0.907613431378111,0.64,0.337,2.60955370862048e-129,"2","SRSF3"
1.01004457757257e-132,0.761036989466748,0.727,0.394,3.00053942659482e-128,"2","H3F3A"
4.23174448060293e-132,1.0211825375027,0.517,0.241,1.25712433285271e-127,"2","EIF4A1"
8.56423803819898e-131,1.22267813307025,0.303,0.101,2.54417819400777e-126,"2","TPST2"
8.94259131869735e-130,0.846042159381957,0.622,0.315,2.65657560304542e-125,"2","OST4"
2.284310513196e-129,1.02765119707286,0.505,0.235,6.78600124155135e-125,"2","EIF3F"
1.01958119593418e-127,1.0730419705028,0.536,0.266,3.02886985876166e-123,"2","TNFAIP3"
7.03520936445273e-127,1.21152465655091,0.384,0.155,2.08994964589797e-122,"2","SOCS1"
9.08488835582534e-127,1.11555751697644,0.462,0.21,2.69884778386503e-122,"2","HNRNPA0"
2.04804255480371e-126,1.2057795363719,0.415,0.178,6.08412001755538e-122,"2","ALOX5AP"
4.92662392587419e-126,1.13165776531051,0.385,0.156,1.46355216965945e-121,"2","RGS2"
6.63485472188089e-126,0.321291622692908,0.982,0.729,1.97101629222916e-121,"2","MT-CO2"
5.59211248733911e-125,0.959742907402619,0.531,0.258,1.66124885661383e-120,"2","COX6B1"
5.49508312418448e-123,0.936218715315777,0.552,0.275,1.63242434370148e-118,"2","LSP1"
8.2287501674389e-123,0.730454523259519,0.694,0.376,2.44451481224107e-118,"2","PPIA"
9.99145787318608e-123,0.35720361456262,0.889,0.508,2.96816239038739e-118,"2","S100A4"
3.96723052123634e-122,0.905012873485205,0.495,0.227,1.17854517094368e-117,"2","ITGB2"
1.5554943374947e-121,0.975281333023019,0.524,0.257,4.62090702839551e-117,"2","ELOB"
3.4566498957106e-121,0.833713800755857,0.586,0.294,1.02686698451875e-116,"2","RAC2"
8.58448846351071e-121,1.3791692088477,0.316,0.117,2.55019398785513e-116,"2","NEU1"
1.59673318605017e-120,1.29267803613008,0.269,0.088,4.74341527579923e-116,"2","IL2RB"
3.64886847566142e-119,1.17800928480694,0.406,0.175,1.08396935806474e-114,"2","C6orf48"
1.42457651208371e-118,1.32560826039015,0.285,0.098,4.23198944444708e-114,"2","NFKBIZ"
1.38310370854044e-117,0.713607070127561,0.688,0.372,4.10878618696107e-113,"2","TMA7"
3.81911975626659e-117,1.15915423341888,0.424,0.191,1.13454590599412e-112,"2","MAP1LC3B"
6.89059007039653e-117,0.492653500256951,0.84,0.51,2.0469875922127e-112,"2","MT-ND1"
7.97615144752547e-116,0.966201138337298,0.514,0.254,2.36947531051639e-111,"2","UQCRH"
8.57623460052933e-116,1.3684920857097,0.301,0.11,2.54774201277925e-111,"2","CDK2AP2"
1.07973215760133e-113,1.45157303814517,0.298,0.112,3.20756032058626e-109,"2","FBL"
1.62237728759372e-113,0.893855490535354,0.497,0.239,4.81959620825467e-109,"2","YPEL5"
1.50679326954649e-112,1.18207818954137,0.362,0.15,4.47623076584174e-108,"2","IFRD1"
1.57505137978238e-112,0.773988574997269,0.617,0.327,4.67900513391951e-108,"2","ARPC3"
4.67949782531189e-112,0.729658972862389,0.675,0.371,1.3901384189654e-107,"2","CORO1A"
7.5340894198401e-112,1.11155943210936,0.402,0.179,2.2381519439519e-107,"2","ICAM3"
1.4864604665942e-111,0.912045718002226,0.51,0.25,4.41582810811138e-107,"2","TRIR"
1.55077612896385e-109,0.955875714620478,0.447,0.209,4.6068906463129e-105,"2","ARL6IP4"
2.40753160263111e-109,0.721330163930936,0.632,0.347,7.15205413193623e-105,"2","SRSF7"
3.11886662556961e-109,1.32035300681229,0.28,0.101,9.26521708457963e-105,"2","SH2D1A"
4.8308182971386e-109,0.889604071563984,0.53,0.269,1.43509119153096e-104,"2","COX7A2"
9.05746421179123e-109,1.09378337642376,0.425,0.197,2.69070089339682e-104,"2","SNHG8"
1.01550360892476e-106,1.23882484600777,0.322,0.128,3.01675657103279e-102,"2","PRELID1"
2.17692821800455e-106,1.17936496143523,0.335,0.137,6.46700065722611e-102,"2","DNAJB9"
3.84113516297494e-106,0.692441430864947,0.661,0.36,1.14108602286497e-101,"2","SRP14"
1.48017034639042e-105,0.321494186255518,0.962,0.654,4.39714204802203e-101,"2","MT-CYB"
7.7836770440731e-105,1.02730838636146,0.44,0.209,2.3122969394828e-100,"2","PSME2"
2.22503781331578e-104,1.20056875039488,0.337,0.141,6.60991983201718e-100,"2","PRDX5"
3.6091329172349e-104,1.01930165546422,0.425,0.198,1.07216511572297e-99,"2","SEC61G"
5.26897527334039e-104,0.846247232230672,0.526,0.268,1.56525448445123e-99,"2","IL2RG"
5.74352498209877e-104,1.12749219453428,0.366,0.159,1.70622896643208e-99,"2","IDI1"
9.70444046823005e-103,0.961655431379182,0.438,0.208,2.8828981298971e-98,"2","POLR2L"
1.13367938279902e-102,1.14676453882151,0.336,0.139,3.36782134248104e-98,"2","CTSD"
1.24325607624138e-101,0.836781523552623,0.519,0.265,3.69334082569026e-97,"2","EDF1"
2.41428204743333e-101,1.23530489605402,0.256,0.091,7.1721076783102e-97,"2","APMAP"
6.96355515324449e-101,1.09540614134106,0.356,0.155,2.06866332937434e-96,"2","ISG15"
6.60048115883512e-99,1.2034978840467,0.28,0.106,1.96080493785515e-94,"2","FABP5"
9.55473834898382e-99,0.82395815553483,0.509,0.258,2.83842612133262e-94,"2","UQCR11"
2.03270612316092e-98,0.728496115986997,0.557,0.29,6.03856008007413e-94,"2","UQCRB"
2.49742101535173e-98,0.695722173686449,0.623,0.342,7.41908861030537e-94,"2","HINT1"
6.81570179140317e-98,0.81209593581184,0.519,0.27,2.02474053117214e-93,"2","PNRC1"
1.07379710305942e-97,0.584638075981255,0.743,0.425,3.18992905405862e-93,"2","ARHGDIB"
3.40603471526729e-97,0.944029226901094,0.418,0.198,1.01183073286445e-92,"2","MT2A"
3.81912585908925e-97,0.801297496537379,0.559,0.302,1.13454771895964e-92,"2","SRSF5"
2.55280726782924e-96,1.25651431917231,0.269,0.102,7.58362455054034e-92,"2","SERPINB1"
5.31632828815554e-96,0.924775829889626,0.451,0.224,1.57932164456237e-91,"2","ARL6IP1"
1.06471170730725e-95,1.38697105484115,0.255,0.094,3.16293906889766e-91,"2","CDKN1A"
2.34917716230984e-95,0.851248772518219,0.544,0.297,6.97870059607385e-91,"2","CREM"
2.98785045398421e-95,0.836959554432438,0.499,0.256,8.8760073436509e-91,"2","SERP1"
6.34964548186289e-94,0.583710906442146,0.665,0.387,1.88628918329701e-89,"2","MT-ND5"
8.31146126356876e-94,0.89371519623677,0.434,0.21,2.46908579756837e-89,"2","NDUFA1"
3.11946972222117e-93,0.714265309620686,0.591,0.325,9.26700870380244e-89,"2","RPS26"
9.66450571546507e-93,1.06139162819321,0.343,0.151,2.87103471289321e-88,"2","RABAC1"
3.34393236023117e-92,0.98676976551477,0.37,0.169,9.93381986253875e-88,"2","DRAP1"
1.07662460086741e-91,1.28299231175132,0.25,0.093,3.19832870179681e-87,"2","VASP"
1.88685404884373e-91,0.882037261643278,0.429,0.208,5.60527732290008e-87,"2","NEDD8"
1.9585098901221e-91,1.09535454720174,0.349,0.158,5.81814533058572e-87,"2","PLP2"
3.49940652519695e-91,0.751085767341504,0.476,0.239,1.03956869644026e-86,"2","PSMB9"
3.19961595967896e-90,1.10755278337387,0.329,0.144,9.50509913141828e-86,"2","CHMP1B"
3.35215455381711e-90,0.919498143713304,0.447,0.227,9.95824553302448e-86,"2","SLC25A3"
6.30659667095119e-90,0.797411502576783,0.497,0.259,1.87350067303947e-85,"2","PSMA7"
1.30036115801667e-89,0.734574895392231,0.556,0.304,3.86298289212013e-85,"2","ATP5MC2"
2.18470166675802e-89,0.975380888859252,0.37,0.171,6.49009324143806e-85,"2","PRR13"
2.4880605918622e-89,1.30224434478302,0.261,0.102,7.39128160024503e-85,"2","KPNA2"
2.57775696904821e-89,0.956216454108719,0.306,0.126,7.65774262795153e-85,"2","AC020916.1"
4.89783182722373e-89,0.844684132502024,0.46,0.235,1.45499890091335e-84,"2","CIB1"
2.20972269052526e-88,0.910228628459803,0.419,0.207,6.56442319674338e-84,"2","VAMP2"
4.06844502897247e-88,0.860965642294937,0.453,0.23,1.20861296475685e-83,"2","COX6A1"
4.6762815585851e-88,0.995871945298218,0.38,0.182,1.38918296260887e-83,"2","UXT"
9.02215419395682e-88,0.852937749775767,0.422,0.208,2.68021134639875e-83,"2","APRT"
1.63440490600156e-87,0.929540574280409,0.417,0.207,4.85532665425883e-83,"2","CUTA"
3.12115388359616e-87,1.16854813575974,0.273,0.109,9.27201184199912e-83,"2","EHD1"
3.13650224462937e-87,0.587144965703442,0.734,0.455,9.31760721812048e-83,"2","KLF6"
4.37663868207571e-87,0.911825578240816,0.41,0.203,1.30016805328423e-82,"2","TRMT112"
1.23194087196447e-86,0.992551490756688,0.386,0.185,3.65972674834484e-82,"2","BZW1"
2.25674100208549e-86,1.0358341687783,0.374,0.18,6.70410049489537e-82,"2","ATF4"
2.62062977915747e-86,0.750451070657442,0.499,0.263,7.78510488494309e-82,"2","UBL5"
3.42683007565334e-86,0.900437329917357,0.428,0.217,1.01800841057434e-81,"2","SEC61B"
2.51848068564028e-85,1.00040478361456,0.347,0.159,7.48165057283159e-81,"2","BSG"
2.08675942564566e-84,0.619530191551316,0.58,0.322,6.19913622576558e-80,"2","LAPTM5"
9.93445098926182e-84,0.896035379720997,0.393,0.192,2.95122735538001e-79,"2","ATP5F1D"
1.30307233011573e-83,1.2837699405182,0.259,0.104,3.87103697107481e-79,"2","MARCKSL1"
1.79444644165508e-83,0.761373177067983,0.504,0.274,5.33076204422476e-79,"2","INTS6"
6.08455913612373e-83,0.867109413790346,0.407,0.202,1.80753998256828e-78,"2","ARF1"
6.86858769658143e-83,0.616344853749747,0.551,0.297,2.04045134702344e-78,"2","MYL12B"
1.33304782338929e-82,0.565511586996721,0.7,0.427,3.96008516894256e-78,"2","ARPC2"
4.15162538155129e-82,0.881645643501024,0.391,0.192,1.23332335209744e-77,"2","NDUFB2"
7.12632889293444e-82,0.380670152178885,0.781,0.495,2.11701852422403e-77,"2","IL32"
1.85896374596582e-81,0.934314710412512,0.33,0.148,5.52242360014065e-77,"2","KLF2"
2.8900739443621e-81,1.09033514706967,0.278,0.116,8.5855426665165e-77,"2","BST2"
3.84300795498789e-81,1.11618126482962,0.295,0.127,1.14164237318825e-76,"2","PRDX6"
2.17022213214831e-80,1.22218479489495,0.261,0.107,6.44707888797298e-76,"2","RPL22L1"
1.3788252603927e-79,0.903211980830244,0.4,0.202,4.0960762010486e-75,"2","ATP5MPL"
1.9531048280364e-79,1.02558238475101,0.328,0.152,5.80208851264772e-75,"2","SF3B5"
5.06241434914897e-79,1.18359521461135,0.26,0.106,1.50389143070168e-74,"2","FAM96B"
1.76490004237667e-77,0.813265088076025,0.394,0.196,5.24298855588837e-73,"2","TSPO"
2.01056929709247e-77,0.992768351504473,0.332,0.155,5.97279821087261e-73,"2","C4orf3"
2.32527363593227e-77,0.92446884832639,0.36,0.174,6.90769039026399e-73,"2","SQSTM1"
4.42184626250405e-77,0.625324148042459,0.516,0.278,1.31359786920208e-72,"2","NDUFA4"
8.27795716493298e-77,1.06836850108766,0.281,0.122,2.45913273498664e-72,"2","PLIN2"
3.56616989244661e-76,0.733333620097429,0.516,0.293,1.05940208994911e-71,"2","DDX3X"
5.41893937227475e-76,0.881787771371031,0.375,0.187,1.60980431932166e-71,"2","ARF6"
5.53818008468096e-76,0.62750492762057,0.487,0.259,1.64522715775617e-71,"2","IRF1"
3.96326533618897e-75,0.812942380720451,0.372,0.183,1.17736723342166e-70,"2","C9orf16"
4.76494759705389e-75,1.0067462753849,0.304,0.138,1.4155229826568e-70,"2","CHMP4A"
7.91648671494838e-75,0.962140148643692,0.345,0.168,2.35175070840971e-70,"2","HSPH1"
1.02861518382743e-74,0.81347629759218,0.402,0.206,3.05570712659615e-70,"2","MIF"
1.03518763363068e-74,0.927943797234432,0.329,0.155,3.07523190322665e-70,"2","TMED2"
1.48811714787717e-74,0.911515399247817,0.358,0.176,4.42074961119871e-70,"2","ATP5F1B"
3.39692317250657e-74,0.944210766495329,0.336,0.161,1.00912396685653e-69,"2","WDR83OS"
5.31491959656908e-74,0.899882071855963,0.346,0.167,1.57890316455278e-69,"2","JTB"
7.08725604408221e-74,0.902175823398717,0.359,0.176,2.1054111530155e-69,"2","UBXN1"
9.57256649394743e-74,1.0638763095045,0.294,0.132,2.84372232835696e-69,"2","NXF1"
1.89955973523808e-73,0.94610769245752,0.334,0.161,5.64302210547176e-69,"2","ARF4"
3.64954164401465e-73,0.689683324105389,0.515,0.291,1.08416933618743e-68,"2","TRA2B"
8.09449927049787e-73,0.937984958719147,0.34,0.165,2.4046328982868e-68,"2","PCBP1"
1.07558349999077e-72,1.01396937972934,0.307,0.143,3.19523590342259e-68,"2","COPS9"
1.07946350127355e-72,1.06177278662449,0.284,0.127,3.20676222323332e-68,"2","DOK2"
1.45457999446596e-72,0.998384519229389,0.292,0.131,4.32112078956004e-68,"2","LMAN2"
2.25311030207811e-72,0.690533235133608,0.502,0.284,6.69331477438344e-68,"2","DNAJB6"
2.75173949060346e-72,0.879137350985094,0.314,0.145,8.17459250473569e-68,"2","PAXX"
2.80724047220796e-72,0.78305484480204,0.411,0.215,8.33946927078819e-68,"2","EIF5"
5.25532063462486e-72,0.931294995764699,0.322,0.154,1.56119810092801e-67,"2","EIF5A"
6.98462503460747e-72,0.891868973937736,0.367,0.185,2.07492255903084e-67,"2","COX7B"
4.26814815849388e-71,0.792018569284736,0.402,0.209,1.26793877344378e-66,"2","CALR"
4.74981974519175e-71,0.966663055623077,0.295,0.135,1.41102895170411e-66,"2","MYLIP"
6.65036652550308e-71,0.866750792009961,0.36,0.18,1.9756243837312e-66,"2","TMEM258"
8.52043881677678e-71,0.637564486189873,0.494,0.272,2.53116675929988e-66,"2","COX6C"
2.07659279755524e-70,1.09117917397654,0.272,0.121,6.16893422369735e-66,"2","ECH1"
2.45095477515124e-70,0.866781365258861,0.366,0.186,7.2810513505418e-66,"2","HSPD1"
1.05148868624533e-69,0.890970162515288,0.35,0.175,3.123657440229e-65,"2","RSL24D1"
1.42381733607507e-69,0.590254598897958,0.599,0.355,4.2297341602782e-65,"2","SKP1"
3.8449440381473e-69,1.1475981021071,0.25,0.107,1.14221752541242e-64,"2","RNF139"
1.51410749784162e-68,0.900201699417858,0.337,0.167,4.49795914383811e-64,"2","UQCRQ"
1.56317951070971e-68,0.935151147391375,0.331,0.163,4.64373737246535e-64,"2","JPT1"
2.28434235139918e-68,0.645875376267778,0.418,0.219,6.78609582330153e-64,"2","PDIA3"
3.77053206534487e-68,0.985848452982871,0.283,0.129,1.120111960652e-63,"2","CCDC85B"
3.95309714825315e-68,0.947894126071694,0.25,0.106,1.17434656983156e-63,"2","VPS37B"
5.90372536408029e-68,0.826544185981102,0.364,0.185,1.75381969390733e-63,"2","COPE"
1.36088967893919e-67,0.790872142860885,0.366,0.187,4.04279496922464e-63,"2","GYPC"
1.65761878229467e-67,0.872700777163859,0.345,0.171,4.92428811656277e-63,"2","SBDS"
2.1706102070128e-67,0.637177315195187,0.481,0.267,6.44823174197292e-63,"2","GMFG"
2.19508525182182e-67,0.997725194325079,0.3,0.142,6.52093975758709e-63,"2","UFC1"
3.09717919769864e-67,0.803172281112757,0.34,0.168,9.20079024260335e-63,"2","PPP1R10"
5.35430181855955e-67,0.964087207024748,0.282,0.13,1.59060244123949e-62,"2","SMDT1"
9.23363577058684e-67,0.592527116741807,0.515,0.293,2.74303617836823e-62,"2","EMP3"
4.25047946605132e-66,0.773605272359756,0.379,0.197,1.26268993497986e-61,"2","SNRPB"
1.02102588105661e-65,0.598185481973423,0.399,0.207,3.03316158485486e-61,"2","BIN2"
2.41221287765244e-65,0.851459826720623,0.264,0.116,7.16596079564212e-61,"2","SERPINB9"
1.00718759401092e-64,0.702954815203661,0.381,0.197,2.99205218552824e-60,"2","POMP"
4.48051695569104e-64,0.793773744073947,0.344,0.173,1.33102717202714e-59,"2","PPP1CA"
7.84991616340748e-64,0.504438505890714,0.614,0.371,2.33197459466346e-59,"2","CD99"
1.01743275566926e-63,0.982256003521958,0.267,0.122,3.02248748726668e-59,"2","NOP56"
2.60724214149254e-63,0.72761338366881,0.381,0.2,7.74533422973189e-59,"2","PPIB"
1.28036374129556e-62,0.585307325280024,0.534,0.312,3.80357656626673e-58,"2","HNRNPK"
1.29278051609494e-62,0.777075911072619,0.283,0.132,3.84046307916325e-58,"2","PLAC8"
1.95833971990992e-61,0.518346800564804,0.539,0.315,5.81763980593639e-57,"2","EIF3E"
2.39195755234257e-61,0.874284272128841,0.313,0.156,7.10578830074407e-57,"2","SYF2"
2.6380019079619e-61,0.975990454858463,0.258,0.119,7.83671226798243e-57,"2","SOCS3"
2.96871580469469e-61,0.59817191420589,0.472,0.27,8.81916404100652e-57,"2","CLK1"
3.09082977115474e-61,0.698613566351982,0.424,0.236,9.18192800116938e-57,"2","NCL"
3.58403542833733e-61,0.94595428330846,0.25,0.112,1.06470940469617e-56,"2","KCNQ1OT1"
1.36442123640383e-60,0.797417850779398,0.322,0.162,4.05328616698487e-56,"2","ZFAND5"
1.94141341485729e-60,0.712534649951322,0.412,0.23,5.76735683151654e-56,"2","NDUFA13"
2.91455205311629e-60,0.926572904197519,0.267,0.125,8.65825978419257e-56,"2","ENY2"
4.10582100270245e-60,0.456739740967202,0.683,0.438,1.21971624527282e-55,"2","HMGB1"
4.23890637605741e-60,0.598870460767016,0.503,0.295,1.25925191713537e-55,"2","CCNL1"
4.36169523415316e-60,0.808296194603981,0.347,0.182,1.29572880320988e-55,"2","HIGD2A"
6.130777376685e-60,0.661671438701264,0.399,0.215,1.82127003529181e-55,"2","RAC1"
7.41212909864414e-60,0.796793253443709,0.314,0.157,2.20192119133421e-55,"2","REX1BD"
1.85377429782569e-59,0.542882192662149,0.494,0.287,5.50700730655079e-55,"2","TPM3"
2.07503598494326e-59,0.648984059138655,0.419,0.232,6.16430940047095e-55,"2","PGK1"
2.8966096794651e-59,0.959218601613697,0.257,0.12,8.60495837478698e-55,"2","NDUFB7"
3.15222517909343e-59,0.598223037255761,0.451,0.257,9.36431533953285e-55,"2","ENO1"
1.18004824591624e-58,0.598638824998585,0.466,0.269,3.50556932414337e-54,"2","SUMO2"
1.53475039216139e-57,0.772866466392989,0.307,0.153,4.55928298999383e-53,"2","GTF3A"
1.63410418963124e-57,0.733151532230985,0.335,0.173,4.85443331613754e-53,"2","ATP5PF"
2.78788540552983e-57,0.660524370848598,0.399,0.22,8.28197117420747e-53,"2","SERBP1"
2.73862068285029e-56,0.533279616053664,0.57,0.358,8.13562046254336e-52,"2","HNRNPDL"
3.25600772873285e-56,0.673868025131262,0.405,0.224,9.67262215974667e-52,"2","NDUFS5"
1.06863516399098e-55,0.766271006468479,0.32,0.166,3.174594481668e-51,"2","DBI"
5.13478538943066e-55,0.733376676288209,0.36,0.195,1.52539069563817e-50,"2","EIF3L"
6.50914712541051e-55,0.794376891919945,0.31,0.16,1.9336723365457e-50,"2","ATP5MC3"
6.95354310399379e-55,0.919696378088435,0.254,0.121,2.06568904990344e-50,"2","AP2M1"
9.24889505951328e-55,0.857776352786184,0.27,0.132,2.74756925532961e-50,"2","BAX"
1.56790455946332e-54,0.667624434667666,0.369,0.201,4.6577740747977e-50,"2","COX5B"
4.12243043903431e-54,0.479390361287089,0.456,0.26,1.22465041052392e-49,"2","SOD1"
1.54121423002844e-53,0.542122550342243,0.527,0.323,4.57848511314549e-49,"2","SUB1"
3.4025100553988e-53,0.852271017091491,0.296,0.153,1.01078366215732e-48,"2","ATP5MF"
3.50430258839043e-53,0.831397273793457,0.329,0.178,1.04102316993314e-48,"2","C12orf57"
5.18265857805646e-53,0.773716186227911,0.312,0.163,1.53961238378323e-48,"2","VAMP8"
1.40458641370746e-52,0.845191767591922,0.316,0.169,4.17260485920075e-48,"2","ATP5PO"
2.85080624061872e-52,0.729283089733402,0.256,0.122,8.46889009900603e-48,"2","CD55"
4.61436387953665e-52,0.675194943715724,0.305,0.155,1.37078907769395e-47,"2","CLEC2B"
5.92762526659159e-52,0.703311880660094,0.384,0.218,1.76091963794636e-47,"2","SDCBP"
1.37455404052754e-51,0.757518577426355,0.271,0.135,4.08338768819518e-47,"2","HMGN3"
7.40168028683751e-51,0.708974174969481,0.325,0.174,2.19881716281082e-46,"2","ATP5ME"
2.15327249099625e-50,0.852353208100829,0.277,0.142,6.39672658900255e-46,"2","MINOS1"
2.432073210191e-50,0.893776055072952,0.252,0.124,7.22495988551441e-46,"2","MAGOH"
5.64463694949054e-50,0.478837532544488,0.552,0.345,1.67685229858516e-45,"2","CDC42"
5.69156949042021e-50,0.741838620474981,0.319,0.172,1.69079454851913e-45,"2","ATP5MD"
1.62803125489647e-49,0.483055347547237,0.463,0.275,4.83639244892094e-45,"2","RHOA"
4.04166968705985e-49,0.764592558652738,0.3,0.16,1.20065881393487e-44,"2","GPX4"
5.30401749533913e-49,0.766385705940195,0.281,0.145,1.57566447734039e-44,"2","PSMA2"
5.72558025411659e-49,0.690517825041978,0.281,0.143,1.70089812609041e-44,"2","P4HB"
7.02055082217807e-49,0.671024729495116,0.327,0.177,2.08559503274444e-44,"2","TXN"
1.19157541837699e-48,0.858653227009168,0.258,0.13,3.53981309537252e-44,"2","PSMD8"
1.3100418904876e-48,0.660043701904597,0.349,0.194,3.8917414440715e-44,"2","COX8A"
2.35037737783718e-48,0.782005237619797,0.281,0.145,6.98226607634092e-44,"2","EIF3D"
2.74941216903646e-48,0.778082231579243,0.278,0.143,8.16767873055662e-44,"2","PSMB8"
3.20007503737578e-48,0.559091834075663,0.386,0.221,9.50646291353222e-44,"2","HMGN1"
7.37548400966867e-48,0.667041478387484,0.342,0.19,2.19103503475227e-43,"2","GPSM3"
9.6299837423097e-48,0.785100735879684,0.261,0.132,2.86077927032794e-43,"2","ATP5F1A"
9.72931793600961e-48,0.863201538341933,0.263,0.134,2.89028847925037e-43,"2","GABARAPL2"
1.57350244252136e-47,0.660819242991372,0.341,0.188,4.67440370599819e-43,"2","SPCS1"
3.15364484359319e-47,0.809686318293889,0.263,0.135,9.36853273686229e-43,"2","ARHGDIA"
1.51383499938667e-46,0.448113686585156,0.506,0.314,4.49714963267799e-42,"2","ZFP36L1"
2.52533896708226e-46,0.80710309914002,0.258,0.132,7.50202446951128e-42,"2","COX5A"
4.5765706301493e-46,0.766636312220641,0.253,0.128,1.35956183709845e-41,"2","SELENOW"
1.56939677986067e-45,0.326234135782494,0.258,0.128,4.66220701393208e-41,"2","TNFRSF18"
2.51124437559638e-45,0.820233891300631,0.259,0.133,7.46015366658415e-41,"2","DHRS7"
2.67249024118992e-45,0.719159480480029,0.305,0.167,7.9391667595029e-41,"2","ARPC4"
2.89758843873148e-45,0.684832818402217,0.327,0.184,8.60786597493961e-41,"2","NDUFB8"
3.60878078414979e-45,0.496417636414416,0.587,0.396,1.07206050754738e-40,"2","TXNIP"
5.41502082551405e-44,0.671728670283762,0.288,0.155,1.60864023663546e-39,"2","SNX3"
2.27199190486705e-43,0.629727431299704,0.341,0.195,6.74940635178854e-39,"2","DAD1"
2.91979276333827e-43,0.566875339226426,0.369,0.215,8.67382836204899e-39,"2","EIF4G2"
8.39707214895829e-43,0.749040297915422,0.256,0.134,2.49451822329104e-38,"2","BCAS2"
2.3147452209012e-42,0.796661511933842,0.254,0.133,6.87641362773118e-38,"2","FKBP8"
3.43049297196906e-42,0.561070980230331,0.355,0.206,1.01909654718285e-37,"2","AMD1"
3.79786607128018e-42,0.647006464923525,0.27,0.142,1.1282320737952e-37,"2","THUMPD3-AS1"
3.94229824679882e-42,0.48139440127616,0.363,0.209,1.17113854017652e-37,"2","PARK7"
9.41385120275468e-42,0.622318488077276,0.321,0.182,2.79657277680233e-37,"2","PSMB1"
1.47390844455461e-41,0.750446588676808,0.262,0.14,4.37853981623837e-37,"2","MORF4L2"
2.90860088464816e-41,0.328956168098472,0.583,0.381,8.64058064802428e-37,"2","FUS"
5.99183308486921e-41,0.655755811349008,0.269,0.145,1.7799938545221e-36,"2","TUBB"
6.90351614725547e-41,0.49324828841496,0.337,0.193,2.05082754186518e-36,"2","YWHAQ"
9.19055819435614e-41,0.729565443295991,0.286,0.16,2.73023912279738e-36,"2","PSMB3"
3.87866327728929e-40,0.649608791147371,0.25,0.131,1.15223449978433e-35,"2","DPP7"
1.32975237100809e-39,0.525782872141045,0.355,0.208,3.95029536855374e-35,"2","LAMTOR4"
2.23278177688739e-39,0.660756141374968,0.256,0.137,6.63292482459938e-35,"2","VPS28"
5.29081600063057e-39,0.520858855725961,0.295,0.165,1.57174270930732e-34,"2","CSTB"
5.9235563593503e-39,0.498589655262651,0.335,0.194,1.75971088767219e-34,"2","HNRNPF"
1.22133381681205e-38,0.557863938946239,0.268,0.144,3.62821636960357e-34,"2","MRPS6"
1.22385409798121e-38,0.599072191596381,0.25,0.132,3.63570336887278e-34,"2","CASP4"
1.37633113577964e-38,0.648641022745078,0.281,0.156,4.08866690506057e-34,"2","NDUFA11"
1.45538676615412e-38,0.636062183960016,0.261,0.141,4.32351746621403e-34,"2","LSM7"
1.4628028919136e-38,0.41601733133112,0.374,0.22,4.34554855100773e-34,"2","CAP1"
5.09502895247645e-38,0.473540095243408,0.316,0.18,1.51358025091218e-33,"2","HSP90B1"
6.9436014502262e-38,0.624937510792866,0.314,0.182,2.0627356828187e-33,"2","SET"
7.7273534162169e-38,0.483110718386064,0.38,0.229,2.29556487935555e-33,"2","RAN"
1.72119427053551e-37,0.411312397880875,0.418,0.258,5.11315181947984e-33,"2","ANAPC16"
5.20846914481589e-36,0.602783880532713,0.259,0.142,1.54727992885046e-31,"2","UBE2I"
1.15148209382139e-35,0.363582267510927,0.444,0.276,3.42070785611522e-31,"2","LDHB"
1.83418697663992e-35,0.546278903758164,0.27,0.151,5.44881925150422e-31,"2","ATP1B3"
9.19378120545745e-35,0.45716335455271,0.303,0.176,2.73119658270525e-30,"2","HSPB1"
1.01158512112592e-34,0.390570140251417,0.433,0.273,3.00511591932878e-30,"2","TMBIM6"
1.07810824023974e-34,0.417122859340938,0.411,0.257,3.2027361492802e-30,"2","CD48"
1.1036534481594e-34,0.479903678952948,0.345,0.209,3.27862329844714e-30,"2","PRDX1"
1.44884016157423e-34,0.353852924684259,0.25,0.133,4.30406946798856e-30,"2","AC004687.1"
2.86372247870238e-34,0.56375058090595,0.284,0.164,8.50726036748116e-30,"2","EID1"
3.95036949928258e-34,0.673878595335484,0.25,0.139,1.17353626715187e-29,"2","ISCU"
4.15674621642466e-34,0.615414295896482,0.293,0.172,1.23484459851327e-29,"2","C19orf53"
1.24042022249939e-33,0.575492133956682,0.261,0.146,3.68491635497893e-29,"2","TBCB"
1.89349560205859e-33,0.541230572605335,0.275,0.157,5.62500738503546e-29,"2","VPS29"
3.09609240893946e-33,0.486224409920074,0.324,0.194,9.19756171923646e-29,"2","CD164"
5.55570318061213e-33,0.656388358547156,0.261,0.15,1.65043274386445e-28,"2","BRK1"
1.17696582116979e-32,0.509778407542816,0.343,0.211,3.49641236494911e-28,"2","HMGN2"
2.89072063267437e-32,0.447631014787444,0.367,0.23,8.58746378348577e-28,"2","TMEM59"
3.19196746773351e-32,0.346755297789465,0.379,0.235,9.48237775639593e-28,"2","PKM"
3.29141610339262e-32,0.387834472990905,0.308,0.181,9.77780981834847e-28,"2","SUN2"
8.85758942446887e-32,0.353910168175066,0.387,0.243,2.63132409032697e-27,"2","PCBP2"
1.07088931442249e-31,0.307169179956704,0.429,0.272,3.1812908863549e-27,"2","ACAP1"
1.13058019687342e-31,0.294841883828176,0.541,0.363,3.35861459085186e-27,"2","RSRP1"
1.62367780349434e-30,0.534253515881192,0.299,0.182,4.82345965084065e-26,"2","NDUFB11"
2.34069319038022e-30,0.480896100971661,0.277,0.164,6.95349726066253e-26,"2","MZT2B"
2.36637071091148e-30,0.443089762559677,0.281,0.165,7.02977747090474e-26,"2","ARPC5"
5.89703006172144e-30,0.503069567479568,0.304,0.185,1.75183072043559e-25,"2","SUMO1"
6.70160389129961e-30,0.37298967305951,0.389,0.247,1.99084546798838e-25,"2","CNBP"
9.93913555469883e-30,0.446216344900954,0.34,0.212,2.95261899923438e-25,"2","ATP6V1G1"
1.73300540531138e-29,0.570265142775255,0.265,0.156,5.1482391575585e-25,"2","ERP29"
1.9325863154926e-29,0.549474464388256,0.259,0.152,5.74113416743387e-25,"2","TSPYL2"
3.30528542771063e-29,0.257064000636049,0.63,0.432,9.81901142009997e-25,"2","ITM2B"
3.61120585760247e-29,0.555486892788488,0.269,0.16,1.07278092411797e-24,"2","MZT2A"
6.29540214941069e-29,0.451588752028518,0.281,0.168,1.87017511652543e-24,"2","NFE2L2"
6.9425116353154e-29,0.40090313298132,0.312,0.19,2.06241193150315e-24,"2","CDC37"
9.47925188683619e-29,0.475907712092489,0.31,0.191,2.81600135802243e-24,"2","SNU13"
1.06190935762991e-28,0.336775528192864,0.447,0.298,3.15461412871118e-24,"2","EZR"
1.10941575179589e-28,0.445661429362926,0.276,0.163,3.29574137386005e-24,"2","PPP2CA"
1.85068883457773e-28,0.49740698355806,0.302,0.184,5.49784132088007e-24,"2","C1orf56"
4.01499444839285e-28,0.324838439434522,0.297,0.178,1.19273440078406e-23,"2","ANXA6"
3.80285595150413e-27,0.329924835269953,0.316,0.194,1.12971441751333e-22,"2","ANXA2"
6.6240290771722e-27,0.505540195672569,0.265,0.16,1.96780031795555e-22,"2","CACYBP"
7.07537625481579e-27,0.254690300253669,0.577,0.398,2.10188202401813e-22,"2","CD53"
3.13062152980277e-26,0.321484253315379,0.383,0.25,9.30013737858509e-22,"2","MORF4L1"
4.63010766812553e-26,0.460991152488388,0.256,0.154,1.37546608497005e-21,"2","CMPK1"
5.774361466441e-26,0.320968009764193,0.31,0.193,1.71538956083563e-21,"2","SEC11A"
2.44516904237592e-25,0.443779469343079,0.258,0.156,7.26386367418614e-21,"2","ST13"
4.426476469977e-25,0.488245442031189,0.254,0.154,1.31497336493607e-20,"2","ATP5IF1"
6.3003827541653e-25,0.348174741138007,0.331,0.21,1.87165470477988e-20,"2","C6orf62"
8.36474962749372e-25,0.338411452505831,0.275,0.169,2.48491617183956e-20,"2","PSAP"
1.88799324517852e-24,0.467847726990972,0.251,0.154,5.60866153345183e-20,"2","EIF3M"
1.60678444220585e-23,0.325242411688516,0.261,0.16,4.77327454246091e-19,"2","UBE2L3"
2.12372219029521e-23,0.448116860809685,0.25,0.153,6.30894151070997e-19,"2","SNRPG"
2.57491870118517e-23,0.372766967153556,0.275,0.172,7.6493109856108e-19,"2","PAIP2"
1.07674943012801e-22,0.367691364678742,0.278,0.174,3.19869953208128e-18,"2","TAGAP"
4.7787274564005e-22,0.334987135756321,0.283,0.18,1.4196165654729e-17,"2","IDS"
1.50557797878867e-21,0.340791614522339,0.25,0.154,4.4726205015875e-17,"2","DAZAP2"
3.787524353939e-21,0.367285515581956,0.264,0.168,1.12515985982466e-16,"2","FKBP1A"
5.82573183596581e-21,0.329702474665049,0.265,0.167,1.73065015651036e-16,"2","GTF2B"
6.43078122282701e-21,0.320622158879251,0.272,0.173,1.91039217786522e-16,"2","H2AFV"
1.00906758430502e-20,0.365017651452721,0.254,0.161,2.99763707269493e-16,"2","DDX18"
1.24373084291172e-19,0.358443932743327,0.259,0.167,3.69475121503784e-15,"2","AES"
6.47544171173044e-19,0.338776482486818,0.25,0.16,1.92365946930376e-14,"2","MRPS21"
1.77861577931778e-18,0.368089092812936,0.253,0.165,5.28373389561934e-14,"2","ERH"
2.48240999651482e-18,0.288950708109958,0.261,0.172,7.37449537664657e-14,"2","RPS27L"
3.69447700433965e-17,0.269139979896193,0.288,0.195,1.09751828367918e-12,"2","SPCS2"
0,2.02260884164782,0.701,0.185,0,"3","ANK3"
0,2.03697550482822,0.746,0.231,0,"3","PCNX1"
0,1.74451454179124,0.741,0.232,0,"3","AKT3"
0,1.37978024142927,0.925,0.428,0,"3","SKAP1"
0,1.76006439019215,0.781,0.291,0,"3","INPP4B"
0,1.72088985604629,0.972,0.486,0,"3","ARHGAP15"
0,1.8340738836487,0.674,0.193,0,"3","THEMIS"
0,1.97085145894704,0.729,0.287,0,"3","RORA"
0,1.77290964043886,0.649,0.209,0,"3","CAMK4"
0,1.81873655082295,0.579,0.155,0,"3","XIST"
0,2.02783569642439,0.602,0.184,0,"3","PAG1"
0,2.15263714938562,0.567,0.15,0,"3","CDC14A"
0,2.21886207727069,0.499,0.125,0,"3","SERINC5"
0,2.71746946129726,0.409,0.074,0,"3","KIAA0825"
8.68011687539246e-302,1.84051304591626,0.601,0.177,2.57860232017284e-297,"3","LINC01619"
3.03994056098921e-297,2.12908419234238,0.443,0.099,9.03075142453065e-293,"3","AC068587.4"
4.1254136650933e-294,1.46501421612527,0.828,0.373,1.22553663748927e-289,"3","ZBTB20"
8.28157056481337e-282,1.74482329694937,0.517,0.137,2.46020616768911e-277,"3","MGAT5"
5.15622493239034e-281,1.58002982373941,0.767,0.351,1.5317597406652e-276,"3","EML4"
6.29789308956644e-281,1.43298291251373,0.738,0.279,1.8709151001175e-276,"3","ATXN1"
1.14721818534625e-278,1.79178671105803,0.645,0.236,3.40804106320811e-274,"3","TC2N"
1.11966563353516e-271,1.68246574728536,0.655,0.237,3.32619069754289e-267,"3","PDE7A"
3.23991922001999e-271,1.22509157908274,0.916,0.494,9.62482802691338e-267,"3","MBNL1"
2.21854695784836e-268,2.24272444233128,0.353,0.068,6.59063744768013e-264,"3","NR3C2"
2.69141205647674e-266,1.63728751906603,0.65,0.23,7.99537779617545e-262,"3","SIK3"
1.85102532600421e-259,1.31538622990073,0.817,0.377,5.49884093596071e-255,"3","ANKRD44"
1.87702574181423e-259,2.1109140057481,0.409,0.095,5.57608037120754e-255,"3","PLCB1"
1.81888053827957e-242,1.60636937191284,0.538,0.163,5.40334841506712e-238,"3","AC079793.1"
4.5813619553852e-241,1.53733684818351,0.556,0.173,1.36098519608628e-236,"3","NIBAN1"
7.12311791659519e-240,1.41485293781739,0.655,0.239,2.11606463948293e-235,"3","KLF12"
1.13452120368815e-236,1.31628512663956,0.689,0.265,3.37032213979639e-232,"3","MAML2"
4.36364609012779e-236,1.74234753102052,0.55,0.182,1.29630834399426e-231,"3","SOS1"
7.7639085711606e-233,1.27230215481308,0.742,0.319,2.30642431923468e-228,"3","UTRN"
3.36040755218712e-228,1.61888112308613,0.527,0.166,9.98276271528229e-224,"3","KDM6A"
2.359767846434e-226,2.04378082474395,0.408,0.108,7.01016234140149e-222,"3","ANTXR2"
5.70128499874298e-226,1.33151921666578,0.719,0.32,1.69368073457658e-221,"3","PARP8"
1.20443270265897e-222,1.83868426426543,0.436,0.122,3.57800822978899e-218,"3","PATJ"
5.18475194602374e-222,1.37002304088093,0.669,0.275,1.54023426060527e-217,"3","BCL11B"
8.06660078706488e-221,1.98309420508382,0.368,0.088,2.39634509581336e-216,"3","PCAT1"
1.65917721110643e-218,2.47375066310018,0.304,0.064,4.92891774103386e-214,"3","ADAM19"
4.83364455372978e-210,1.23341488941005,0.773,0.391,1.43593078757651e-205,"3","TNRC6B"
6.83784817797506e-210,1.62598073041316,0.552,0.201,2.03131955823105e-205,"3","DENND4A"
2.42778842944392e-209,1.51598874627646,0.569,0.204,7.21223108734906e-205,"3","HERC1"
8.01017064971062e-206,2.01750099787963,0.333,0.077,2.37958139490953e-201,"3","MPP7"
2.04880663441559e-205,1.16166467481755,0.747,0.334,6.0863898688584e-201,"3","FOXN3"
5.0116503787291e-205,1.29722912039482,0.648,0.25,1.48881097800905e-200,"3","DPYD"
1.69839102796527e-204,1.3964647568096,0.703,0.345,5.04541022677641e-200,"3","SYNE2"
3.6160253430939e-204,1.69214930503885,0.558,0.223,1.07421264867291e-199,"3","RBMS1"
5.11416298657751e-204,1.14894649569041,0.772,0.365,1.51926439842258e-199,"3","RABGAP1L"
6.43885356021254e-204,0.442350676030406,1,0.999,1.91279022713234e-199,"3","MALAT1"
1.13723162039719e-201,1.75915321127568,0.495,0.172,3.37837397471394e-197,"3","SLC4A7"
1.6167684517021e-201,1.29380280982837,0.756,0.432,4.80293403947142e-197,"3","CDC42SE2"
9.54810447985606e-200,1.15724414907412,0.705,0.296,2.83645539783084e-195,"3","LRBA"
1.98476331380959e-199,2.03537576365506,0.351,0.089,5.89613637633416e-195,"3","SFMBT1"
3.93638636935312e-199,1.27519864004538,0.742,0.379,1.16938229874373e-194,"3","FOXP1"
8.11092740680945e-197,1.49777283133328,0.533,0.187,2.40951320474088e-192,"3","BTBD9"
2.68854043354435e-196,1.76580007574339,0.396,0.11,7.9868470659302e-192,"3","DOCK9"
2.49262015591573e-193,1.28354490339611,0.656,0.277,7.40482669717887e-189,"3","SSH2"
1.73690349520957e-192,1.55744504647247,0.5,0.173,5.15981921321908e-188,"3","PRKCQ"
2.97835288494672e-191,1.61316209293537,0.641,0.322,8.84779291531121e-187,"3","IL7R"
5.75396771155115e-191,1.88693491369616,0.347,0.088,1.7093311880705e-186,"3","SLCO3A1"
1.86018174611847e-190,1.25629953347549,0.675,0.3,5.52604191319412e-186,"3","DOCK8"
5.33576080774668e-188,1.52700176992931,0.564,0.228,1.58509446315731e-183,"3","PPP3CA"
2.74698749889619e-187,1.53239218639224,0.467,0.152,8.1604757629709e-183,"3","CAMK1D"
1.12708305009054e-186,1.4863640568015,0.486,0.164,3.34822561690396e-182,"3","ETV6"
5.90950396871254e-185,1.72524014132782,0.427,0.133,1.75553634398543e-180,"3","GNAQ"
9.2322369308328e-185,1.30015753565109,0.606,0.241,2.7426206250425e-180,"3","STAG1"
1.1734518337224e-184,2.0668884153513,0.363,0.104,3.48597336243913e-180,"3","SLF1"
7.36994198248833e-184,1.23876159794335,0.672,0.307,2.18938866473781e-179,"3","ARID1B"
3.9944987523436e-182,0.90254104106896,0.91,0.683,1.18664574435871e-177,"3","PTPRC"
2.20034956301826e-181,1.37506029889057,0.547,0.21,6.53657844685834e-177,"3","EPB41"
5.61631105867859e-179,1.3044597928254,0.63,0.28,1.66843752620165e-174,"3","IQGAP2"
1.07142610333666e-178,1.41297825620373,0.505,0.179,3.18288552518221e-174,"3","PHTF2"
2.01015323570997e-178,1.16657309000575,0.74,0.409,5.97156221732361e-174,"3","PIP4K2A"
4.13306641296406e-177,1.24447212571546,0.605,0.246,1.22781003929923e-172,"3","ELMO1"
4.21993272616522e-177,1.37481366049914,0.551,0.213,1.2536154149619e-172,"3","KMT2C"
5.39674358413273e-176,1.13215227072854,0.629,0.255,1.60321061653831e-171,"3","CASK"
5.36626418010642e-175,1.35445369379725,0.598,0.257,1.59415609998422e-170,"3","CCDC91"
4.20488149259441e-174,1.18945525754634,0.629,0.259,1.24914414500502e-169,"3","FTX"
3.03693236425227e-173,1.52027513596019,0.476,0.168,9.02181497448423e-169,"3","KDM4C"
4.0780160986458e-172,1.51490884332247,0.447,0.149,1.21145624242471e-167,"3","PCNX2"
1.01041375281487e-170,1.91132340300468,0.309,0.078,3.00163613548713e-166,"3","SBF2"
1.20652966729999e-170,1.66699784118459,0.453,0.163,3.58423768264809e-166,"3","FKBP5"
2.86168276992733e-169,1.34665130026202,0.533,0.2,8.50120100462313e-165,"3","FBXL17"
2.05856730381947e-167,1.68644642305398,0.393,0.122,6.1153858894565e-163,"3","AFF1"
5.19538416551437e-167,1.24157681905143,0.561,0.218,1.54339277404935e-162,"3","MED13L"
1.81481704737992e-166,1.50319263403659,0.598,0.294,5.39127700265152e-162,"3","CNOT6L"
5.30618750422983e-166,1.28221888457394,0.609,0.267,1.57630912188156e-161,"3","BIRC6"
1.93151055964296e-164,1.3885809062126,0.508,0.193,5.73793841953135e-160,"3","PACS1"
1.13728741976792e-163,1.51672947855723,0.531,0.226,3.37853973790456e-159,"3","CYTH1"
1.81276892873603e-162,1.20681916172021,0.568,0.234,5.38519265659613e-158,"3","PHACTR2"
6.17539475603854e-161,1.32593856423436,0.538,0.219,1.83452452017637e-156,"3","RPS6KA3"
6.8310664348256e-161,1.1209717859922,0.621,0.27,2.02930490579364e-156,"3","DOCK10"
5.69422671487115e-159,1.58190214593157,0.481,0.192,1.69158393018677e-154,"3","USP3"
2.71628955544986e-158,1.0442073964389,0.692,0.34,8.06928138237489e-154,"3","RIPOR2"
1.32269233698857e-157,1.63519293723074,0.329,0.091,3.92932212549193e-153,"3","XYLT1"
2.88206336112498e-157,1.34799564118111,0.559,0.247,8.56174562689399e-153,"3","TTC39C"
5.15933071370222e-157,1.81501975543733,0.327,0.093,1.53268237511952e-152,"3","SSBP2"
3.11554014465561e-156,1.70110012800777,0.458,0.179,9.25533510772842e-152,"3","ANKRD28"
2.31204736133459e-155,1.36196969471552,0.522,0.211,6.86839909631667e-151,"3","CEP85L"
4.20394449355529e-155,1.22326375617492,0.578,0.246,1.24886579070047e-150,"3","FAM172A"
7.55071432800542e-153,1.25520084058026,0.563,0.24,2.24309070542057e-148,"3","RUNX1"
1.92053313278674e-151,1.26452490230247,0.537,0.227,5.70532777756956e-147,"3","STAT4"
2.89607906281202e-151,1.57801101403593,0.416,0.146,8.60338207189566e-147,"3","RPS6KA5"
3.96951115064378e-151,1.17999081311366,0.551,0.223,1.17922267752175e-146,"3","DOCK2"
6.27526824543779e-149,1.14417707176122,0.584,0.248,1.8641939376722e-144,"3","ZFAND3"
9.10899061396526e-149,1.16139678868314,0.533,0.21,2.70600784169066e-144,"3","CDKAL1"
3.89967227853728e-147,1.21934719608545,0.542,0.225,1.15847564378507e-142,"3","PCED1B"
8.75982727639037e-147,1.1376342920854,0.722,0.447,2.60228188899729e-142,"3","ANKRD12"
1.52743810706276e-146,1.48415531711122,0.426,0.152,4.53756038465134e-142,"3","USP25"
5.13979709924899e-146,1.36152143443813,0.41,0.137,1.5268795242739e-141,"3","SEPTIN6"
3.13332051211435e-145,1.36168783717606,0.46,0.174,9.3081552453381e-141,"3","FRYL"
3.41147517210245e-144,1.21850970936518,0.522,0.209,1.01344692937647e-139,"3","ARL15"
5.78449800491179e-143,1.4337888739992,0.488,0.204,1.71840082231914e-138,"3","ITK"
1.59074020675145e-142,1.36177036204776,0.442,0.161,4.72561193219653e-138,"3","TRAPPC9"
2.0281216601026e-141,1.17234887863627,0.647,0.34,6.0249410156668e-137,"3","SMCHD1"
4.07094807576654e-141,1.15159616455072,0.547,0.23,1.20935654486797e-136,"3","EXOC4"
1.07348562806883e-140,1.36703929480785,0.549,0.257,3.18900375530407e-136,"3","TNFAIP8"
2.02467894132397e-140,1.10292870909097,0.574,0.251,6.01471373099112e-136,"3","PICALM"
6.65318565141281e-140,1.22871553299882,0.514,0.212,1.9764618614652e-135,"3","FAF1"
8.14225297134139e-140,1.31343963846044,0.471,0.182,2.41881909019639e-135,"3","COP1"
2.50820657396154e-139,0.997162156995415,0.726,0.426,7.45112926926754e-135,"3","CELF2"
1.04306911049825e-138,1.18018553014671,0.575,0.263,3.09864540655715e-134,"3","PAN3"
1.26653416780598e-137,1.24663061153977,0.506,0.208,3.76249305230124e-133,"3","HERC4"
1.50903102746239e-137,1.39083322721901,0.432,0.165,4.48287847328252e-133,"3","PRKCA"
1.65256474643724e-137,1.71513257426744,0.318,0.096,4.9092740922411e-133,"3","DLEU1"
1.51832198564227e-136,1.73457769573918,0.326,0.103,4.51047912274748e-132,"3","CD226"
2.54270474996604e-136,1.4959632641475,0.334,0.102,7.55361300072411e-132,"3","LINC01578"
2.09899648099745e-135,1.36217815014715,0.455,0.18,6.23548884609914e-131,"3","FBXW7"
6.38965880097099e-135,0.890671592526583,0.666,0.331,1.89817594000445e-130,"3","CBLB"
1.47011667643359e-134,1.48477273012603,0.419,0.159,4.36727561068126e-130,"3","DENND1B"
1.53011974108996e-134,1.47296135513092,0.354,0.115,4.54552671485595e-130,"3","OSBPL3"
1.81910317263883e-134,1.54306433673462,0.47,0.205,5.40400979495819e-130,"3","ATP2B1"
1.88653282925143e-134,1.08552580119626,0.569,0.251,5.60432307585723e-130,"3","LPP"
2.2771859876155e-134,1.11025654370831,0.538,0.226,6.76483641340936e-130,"3","VPS13B"
4.46656370874387e-134,0.940149718116971,0.62,0.296,1.32688208095654e-129,"3","PITPNC1"
6.38393449611942e-134,1.21927765026259,0.505,0.208,1.8964754207622e-129,"3","TBC1D5"
2.90883066128261e-133,1.51634906111404,0.433,0.172,8.64126324547225e-129,"3","MDFIC"
7.5059635509112e-133,1.20861497851684,0.497,0.203,2.22979659206919e-128,"3","VTI1A"
2.274184220597e-132,1.10854345207673,0.651,0.365,6.75591906412751e-128,"3","FNBP1"
5.70262288540037e-131,1.43248572706013,0.37,0.127,1.69407818056589e-126,"3","ZNF609"
2.72607661442209e-130,1.0657790637201,0.594,0.286,8.09835579846371e-126,"3","ASH1L"
1.22445110593151e-129,1.2877983337466,0.442,0.172,3.63747690039073e-125,"3","SPIDR"
9.94034438351386e-129,1.2395304116906,0.554,0.269,2.95297810601046e-124,"3","JMJD1C"
1.11350099542092e-128,1.09706720729541,0.57,0.266,3.30787740709692e-124,"3","MACF1"
3.65891476924681e-128,1.35677431588773,0.442,0.175,1.08695381050015e-123,"3","BCAS3"
7.97520750139804e-128,1.28675767387191,0.456,0.184,2.36919489244032e-123,"3","RAPGEF6"
1.07694749470978e-127,1.11210251932162,0.513,0.221,3.19928792253434e-123,"3","TNIK"
2.14362195189431e-127,1.14533171563346,0.513,0.218,6.36805773249243e-123,"3","TCF12"
2.32998673296855e-127,1.22643226391505,0.486,0.205,6.92169158762966e-123,"3","ZCCHC7"
2.49448642991317e-126,1.53692155734023,0.359,0.126,7.41037083734305e-122,"3","DUSP16"
2.92075479350451e-125,1.60230347858845,0.334,0.113,8.67668626506385e-121,"3","PRKX"
3.15212854109636e-125,1.1205006480268,0.549,0.256,9.36402825703494e-121,"3","USP34"
4.03171299401487e-125,1.4544009986134,0.403,0.155,1.197700979132e-120,"3","KIAA1109"
4.04635221556359e-125,1.34002170003487,0.415,0.157,1.20204985267748e-120,"3","ARFGEF1"
5.54124851956278e-123,1.33996295171678,0.519,0.256,1.64613869770651e-118,"3","EMB"
1.16869428124738e-122,1.26283731231553,0.384,0.139,3.4718401013016e-118,"3","MAP3K5"
1.71313728229164e-122,1.35111675865416,0.403,0.155,5.08921692450377e-118,"3","ESYT2"
5.01246802930726e-121,1.39300573580789,0.436,0.184,1.48905387746631e-116,"3","OSBPL8"
8.39670751968489e-121,0.992136226429292,0.544,0.242,2.49440990287279e-116,"3","SMYD3"
1.05822077605744e-120,1.40358909072126,0.38,0.141,3.14365645943383e-116,"3","WWP1"
1.4818877973586e-120,1.23745509789138,0.491,0.219,4.40224407961319e-116,"3","EPS15"
2.03948589488578e-120,1.4196024213483,0.322,0.104,6.05870074793718e-116,"3","XKR6"
2.49843184642578e-120,1.45833539689199,0.347,0.122,7.42209148617705e-116,"3","GRAP2"
9.03725724305971e-120,1.42562477375785,0.332,0.11,2.68469800919575e-115,"3","SNHG14"
1.19820861009986e-119,1.36847304995847,0.389,0.146,3.55951831802365e-115,"3","PKN2"
1.28881706849391e-119,1.37551799423395,0.363,0.129,3.82868886537486e-115,"3","ZNF407"
1.307759395546e-119,1.37322761527372,0.35,0.121,3.88496083634852e-115,"3","EXOC6B"
1.03063075825391e-118,1.32066735085777,0.439,0.182,3.06169479354488e-114,"3","RICTOR"
2.16022156668318e-118,0.910359051655932,0.604,0.297,6.41737020814572e-114,"3","CHST11"
6.05556993371974e-118,1.37957169066751,0.407,0.161,1.79892816021012e-113,"3","ARID2"
4.02384708503246e-117,1.22987328225527,0.538,0.28,1.19536425355059e-112,"3","AAK1"
1.00218810829685e-116,1.31327324716187,0.369,0.133,2.97720021331746e-112,"3","ERC1"
1.16731111219508e-116,1.44457018688878,0.352,0.127,3.46773112099793e-112,"3","ANKRD36"
1.91309650337231e-116,1.12408664890367,0.547,0.268,5.68323578256812e-112,"3","ATM"
4.50996735787168e-116,1.21917438545094,0.448,0.187,1.33977600300294e-111,"3","DYRK1A"
1.05830991858864e-115,1.42823960760834,0.333,0.115,3.14392127515128e-111,"3","FOXJ3"
1.78401530690515e-115,1.39004552570563,0.379,0.145,5.29977427222313e-111,"3","LRRC8C"
5.54016778266662e-115,1.09768982458361,0.489,0.216,1.64581764319677e-110,"3","FOXO1"
8.79978544561317e-115,1.02870696111968,0.65,0.382,2.6141522623283e-110,"3","AKAP13"
9.85155236294281e-115,1.26234140915034,0.505,0.248,2.92660066045942e-110,"3","CCSER2"
3.04533739951487e-114,1.14597783797683,0.423,0.167,9.04678381273881e-110,"3","SLFN12L"
3.36563693409665e-114,1.27186293269009,0.524,0.266,9.99829764012091e-110,"3","NR3C1"
4.20057010369714e-114,1.15881973554923,0.504,0.235,1.24786336070531e-109,"3","NIPBL"
7.90050417543732e-114,1.14762805547382,0.446,0.185,2.34700277539716e-109,"3","ADK"
1.16649023783271e-113,1.29583505067113,0.434,0.183,3.46529254952963e-109,"3","KAT6A"
1.17276979317443e-113,1.83756782978355,0.295,0.1,3.48394722458329e-109,"3","ERN1"
1.04709023280646e-112,1.32742641047773,0.402,0.161,3.11059095459815e-108,"3","SENP7"
1.88113274012109e-112,1.77739814504202,0.252,0.074,5.58828103107772e-108,"3","SAMD12"
2.1514802647278e-112,1.33357915409162,0.4,0.16,6.39140242242687e-108,"3","PHC3"
3.31283443583611e-112,1.21722518751048,0.396,0.152,9.84143725853833e-108,"3","PLCL2"
5.04110995133297e-112,1.06509765130856,0.602,0.338,1.49756253324249e-107,"3","CLEC2D"
9.53910077986907e-112,1.2803489051644,0.355,0.126,2.8337806686757e-107,"3","SEPTIN7"
1.69610035543088e-111,1.32507824072,0.362,0.134,5.03860532587852e-107,"3","TMEM131L"
2.14492494829581e-111,1.9472403549791,0.25,0.075,6.37192854390236e-107,"3","MYBL1"
2.21482256971322e-111,1.55060754832218,0.358,0.134,6.57957340784707e-107,"3","RFX3"
2.49874883293882e-111,1.36099577804326,0.298,0.095,7.42303315801136e-107,"3","LINC01138"
4.19387927784181e-111,0.845320100076206,0.715,0.455,1.24587571706847e-106,"3","FYN"
1.91218573993331e-110,1.30512313308935,0.397,0.158,5.68053017761988e-106,"3","WWOX"
3.79120130433375e-110,1.19513925157049,0.443,0.188,1.12625217147843e-105,"3","PUM2"
7.64123164739347e-110,1.22907280778907,0.406,0.164,2.26998068549118e-105,"3","ANKHD1"
8.87349771994653e-110,1.49270959228911,0.286,0.091,2.63604996766451e-105,"3","ARHGAP35"
1.05404957576306e-109,1.43596775359052,0.375,0.147,3.13126507471932e-105,"3","TNRC6C"
2.1676424767816e-109,1.19876413910189,0.417,0.17,6.43941550577509e-105,"3","HIVEP2"
3.59532177866243e-109,1.43222771943377,0.319,0.11,1.06806224078725e-104,"3","BBS9"
7.17083274815363e-109,0.807679980320609,0.673,0.39,2.130239284494e-104,"3","PRKCH"
6.18829447874579e-108,1.46443195962507,0.334,0.122,1.83835664080101e-103,"3","ZNF652"
1.2713209033332e-107,1.32298371107987,0.274,0.085,3.77671300753195e-103,"3","LINC02694"
2.52714308897807e-107,1.25725197902478,0.419,0.178,7.50738397442716e-103,"3","ARHGEF3"
2.67950639041379e-107,1.0260332242112,0.566,0.296,7.96000963400225e-103,"3","MYCBP2"
2.79106709139991e-107,1.19509959846475,0.437,0.189,8.2914230084217e-103,"3","ZMYM2"
3.46991841724946e-107,1.18255226874962,0.452,0.198,1.0308086642123e-102,"3","VPS13C"
5.7309910009387e-107,1.32480070659899,0.398,0.165,1.70250549664886e-102,"3","TUT4"
2.3843185560874e-106,1.3065666572696,0.353,0.132,7.08309513456885e-102,"3","ATP9B"
2.97414850576577e-106,1.2679501252908,0.384,0.155,8.83530296607837e-102,"3","HELZ"
3.48241740152734e-106,1.28185073742785,0.373,0.146,1.03452173747173e-101,"3","UBR2"
6.96223548018127e-106,1.37075037839045,0.361,0.141,2.06827129409745e-101,"3","PPP3R1"
2.91676214844682e-105,1.56184344355868,0.279,0.091,8.66482531439096e-101,"3","ULK4"
5.46124544998645e-105,1.2839640013129,0.359,0.138,1.62237218582747e-100,"3","DIAPH2"
1.34683708685503e-104,1.33430037434752,0.372,0.147,4.00104893392024e-100,"3","DYM"
1.89883378176715e-104,1.24929896660059,0.378,0.149,5.64086551549567e-100,"3","AP3B1"
3.25210440871235e-104,1.08422583381485,0.464,0.208,9.66102656696178e-100,"3","JAZF1"
4.94180483181617e-104,1.08485063343229,0.452,0.196,1.46806196138763e-99,"3","NCOA2"
1.66008113026734e-103,1.51314339413858,0.284,0.095,4.9316030136852e-99,"3","RUNX2"
6.16591717999747e-103,1.09408538290475,0.588,0.346,1.83170901666185e-98,"3","ETS1"
7.42770980361127e-103,1.05947528443372,0.339,0.123,2.2065497513588e-98,"3","BACH2"
9.63252400743507e-103,1.31538366433595,0.331,0.121,2.86153390688874e-98,"3","VWA8"
1.80416816211689e-101,1.18383832675494,0.446,0.202,5.35964235920066e-97,"3","ATF7IP"
4.09619533373732e-101,0.979431662345827,0.43,0.181,1.21685674779335e-96,"3","CARD11"
4.83532335066511e-101,1.07034972650969,0.477,0.222,1.43642950778208e-96,"3","TBL1XR1"
5.637102446422e-101,1.25239115609844,0.376,0.15,1.67461402375858e-96,"3","RAD51B"
8.36855487444576e-101,1.15605694694283,0.44,0.2,2.4860465965516e-96,"3","PIAS1"
1.43456397199902e-100,1.18078963485688,0.398,0.166,4.26165919161749e-96,"3","MKLN1"
1.52941365071207e-100,1.09095754720902,0.422,0.179,4.54342913217035e-96,"3","TBC1D22A"
1.97071329316499e-100,1.00020572220469,0.58,0.333,5.85439798000523e-96,"3","IKZF1"
5.26818958524053e-100,1.2415965074327,0.372,0.15,1.5650210800874e-95,"3","PRRC2B"
9.62738673345685e-99,1.61461883143181,0.315,0.121,2.86000777690803e-94,"3","SORL1"
1.80236029212502e-98,1.0663812465334,0.496,0.243,5.35427171981579e-94,"3","WNK1"
2.29710107816588e-98,1.0204813329364,0.444,0.199,6.82399817290738e-94,"3","ARAP2"
2.39611928811343e-98,1.29733312381229,0.334,0.126,7.11815156919856e-94,"3","SMG6"
5.87545851549567e-98,1.67647623059852,0.262,0.087,1.7454224611983e-93,"3","MBNL2"
9.87403000992137e-98,1.19675464299792,0.424,0.188,2.93327809504734e-93,"3","R3HDM2"
2.44624637619107e-97,1.22902024875984,0.336,0.126,7.26706410975081e-93,"3","SCAF8"
2.5078896327498e-97,1.36464835879355,0.353,0.144,7.45018773200982e-93,"3","JPX"
9.34175355333579e-97,1.13064065000528,0.478,0.238,2.77515472808946e-92,"3","OGA"
1.68761997480154e-96,1.35718303618277,0.327,0.126,5.01341265914294e-92,"3","TGFBR2"
2.65834890519952e-96,1.26012521543033,0.384,0.164,7.89715709267623e-92,"3","CUL3"
5.62709847165818e-96,1.17937871127696,0.483,0.25,1.67164214297549e-91,"3","CHD2"
8.75099448736318e-96,1.13501380010326,0.39,0.163,2.59965793236098e-91,"3","STIM1"
1.91191444590196e-95,1.07622671357389,0.364,0.141,5.67972424444095e-91,"3","RESF1"
4.38036534914566e-95,1.2364289211118,0.289,0.099,1.3012751342707e-90,"3","SEPTIN9"
6.39090589182282e-95,1.35477518082786,0.299,0.107,1.8985464132838e-90,"3","RALGAPA2"
2.70340340560159e-94,1.24983786299187,0.336,0.131,8.03100049702064e-90,"3","TNKS"
3.53994395576126e-94,0.79925866561253,0.486,0.226,1.051611150938e-89,"3","LDLRAD4"
7.84009017865353e-94,1.12867099884997,0.409,0.181,2.32905558937261e-89,"3","ARHGAP25"
2.51328398151006e-93,0.950502784389994,0.554,0.303,7.46621272387192e-89,"3","DDX17"
5.82258546982241e-93,1.25507031984194,0.363,0.15,1.72971546552014e-88,"3","ATP11B"
6.69284673089269e-93,1.0003315469886,0.475,0.231,1.98824397834629e-88,"3","BCL2"
1.22922248594281e-92,1.3444875216703,0.352,0.147,3.65165123899029e-88,"3","SCML4"
1.95948824498153e-92,1.23670976168343,0.375,0.159,5.82105172936662e-88,"3","SCAPER"
2.47912840619198e-92,1.28688973089252,0.405,0.189,7.36474675627452e-88,"3","UBAC2"
3.47468072737978e-92,1.09358949364767,0.423,0.19,1.03222340368271e-87,"3","PPP6R3"
3.87376585407947e-92,1.23527092350814,0.358,0.146,1.15077962227139e-87,"3","RNF38"
4.32117571138259e-92,1.27074465430977,0.347,0.139,1.28369166858042e-87,"3","DOCK11"
1.84134249314018e-91,1.0833824087655,0.427,0.197,5.47007614437152e-87,"3","NEK7"
3.93721027437078e-91,1.29277174701423,0.344,0.141,1.16962705620733e-86,"3","STIM2"
1.51364164781318e-89,1.11495930882863,0.383,0.166,4.49657524315862e-85,"3","XRN1"
1.75504583026224e-89,1.15323918037162,0.393,0.17,5.21371464796004e-85,"3","IMMP2L"
1.8527495779583e-89,1.14340997882552,0.371,0.158,5.50396317124072e-85,"3","MAP4K4"
2.43436569887209e-89,1.24104018262281,0.302,0.112,7.23177018163931e-85,"3","SCFD2"
2.8212538820605e-89,1.28267498325778,0.333,0.133,8.38109890743713e-85,"3","SPPL3"
3.70246414623541e-89,1.23923277363366,0.38,0.169,1.09989102392215e-84,"3","DIAPH1"
6.29878169696464e-89,1.39803056471923,0.276,0.098,1.87117907871728e-84,"3","SPATA5"
7.00874633779922e-89,1.19244860506396,0.483,0.268,2.08208827457001e-84,"3","EPC1"
8.35938757767201e-89,1.20739413490652,0.357,0.148,2.48332326769902e-84,"3","FNDC3A"
1.18254957445648e-88,1.30136596119767,0.322,0.127,3.51300002083787e-84,"3","WDR70"
3.77484129975694e-88,1.3627259659483,0.298,0.113,1.12139210491879e-83,"3","RANBP9"
5.4237760610131e-88,1.4746852737443,0.343,0.152,1.61124115444516e-83,"3","MGAT4A"
5.42731684978809e-88,1.17702511867691,0.345,0.14,1.61229301656655e-83,"3","MON2"
5.49674455371154e-88,1.1920898992553,0.345,0.141,1.63291790457109e-83,"3","SLC9A9"
5.7294051973665e-88,0.974793914510542,0.46,0.22,1.70203440198167e-83,"3","MBD5"
2.95232292776229e-87,0.914525246180933,0.582,0.355,8.77046572150343e-83,"3","CCND3"
3.11329881244438e-87,1.19122012680771,0.4,0.183,9.24867678212851e-83,"3","STAG2"
3.82717102396615e-87,1.15212964308371,0.437,0.214,1.13693769608962e-82,"3","CDK13"
9.38823185106411e-87,0.990988991845087,0.402,0.176,2.78896203599561e-82,"3","ITPR2"
1.00975256788908e-86,1.16111849865828,0.356,0.148,2.9996719534281e-82,"3","CAMKMT"
1.35028600330422e-86,1.06756339796357,0.399,0.18,4.01129463001583e-82,"3","ITFG1"
2.62096391207759e-86,0.932572876467406,0.412,0.183,7.78609749360889e-82,"3","FUT8"
3.78426969676746e-86,1.390158857257,0.306,0.12,1.12419299881871e-81,"3","NELL2"
1.40832672793556e-85,1.24136574582953,0.364,0.159,4.18371621067817e-81,"3","NCK2"
1.0777667895563e-84,1.33379824128087,0.311,0.124,3.2017218017349e-80,"3","USP9X"
1.67896410237356e-84,1.30030510376641,0.324,0.132,4.98769865892113e-80,"3","FARS2"
2.62927183140002e-84,0.808051334798317,0.417,0.185,7.81077782954005e-80,"3","PAM"
2.8098732302013e-84,1.23921626474616,0.388,0.183,8.347290404959e-80,"3","RBL2"
6.34760122555052e-84,0.972308748721018,0.487,0.253,1.88568189607429e-79,"3","KANSL1"
8.05414833997212e-84,1.10305826069954,0.35,0.149,2.39264584735552e-79,"3","FLI1"
1.90202955821344e-83,1.2771549820681,0.315,0.127,5.65035920858468e-79,"3","ZFYVE28"
5.29186303832831e-83,1.26234378602468,0.321,0.132,1.57205375279619e-78,"3","MLLT10"
6.07040696550667e-83,1.31620951350497,0.276,0.102,1.80333579724307e-78,"3","TMEM131"
7.93429658356161e-83,1.03930896206651,0.522,0.306,2.35704148607865e-78,"3","SH3KBP1"
9.07926675967626e-83,1.25796095385401,0.325,0.134,2.69717777629703e-78,"3","MAN2A1"
9.75637067298001e-83,0.924755258226691,0.538,0.311,2.89832503582217e-78,"3","CD96"
2.0724905899354e-82,1.16280115985817,0.373,0.169,6.15674779552108e-78,"3","GATAD2B"
3.68376861365888e-82,1.34848805949209,0.296,0.117,1.09433714205964e-77,"3","ANKH"
4.13171039394437e-82,1.27809798182556,0.295,0.113,1.22740720672905e-77,"3","BICRAL"
4.5936596310475e-82,1.33798086848086,0.295,0.116,1.36463846659528e-77,"3","FAM214A"
5.43997130906965e-82,1.24075572961746,0.316,0.128,1.61605227678532e-77,"3","FTO"
1.277942972192e-81,1.24907774354419,0.334,0.142,3.79638518749077e-77,"3","RBM33"
2.01408056108429e-81,1.11105388424866,0.326,0.132,5.98322912281311e-77,"3","ATAD2B"
3.37053541955995e-81,1.01720060809855,0.403,0.186,1.00128495708867e-76,"3","ANKRD17"
5.12107909080822e-81,1.15283422041925,0.366,0.163,1.5213189655064e-76,"3","TNRC6A"
7.34558248139802e-81,1.41030624944565,0.304,0.124,2.18215218774891e-76,"3","SP3"
8.77716912214542e-81,1.1424680019097,0.362,0.16,2.60743363111574e-76,"3","ATP2B4"
9.71771832004776e-81,1.1776754007349,0.38,0.175,2.88684258133659e-76,"3","ACAP2"
1.08154434465567e-80,1.36399062023976,0.306,0.126,3.21294378466861e-76,"3","HNRNPLL"
3.00503569620677e-80,1.08270180594307,0.38,0.173,8.92705954272145e-76,"3","OGT"
3.35615272448167e-80,1.25595869648046,0.285,0.108,9.97012289861771e-76,"3","NBAS"
3.93144075207914e-80,1.18913379834821,0.286,0.108,1.16791310422015e-75,"3","STXBP5"
1.2021712553224e-79,0.968996452148434,0.402,0.182,3.57129014818626e-75,"3","COG5"
1.67544344568791e-79,1.09322555198212,0.368,0.163,4.97723984410507e-75,"3","RERE"
8.60926300006972e-79,1.37211900432203,0.267,0.102,2.55755375943071e-74,"3","TPK1"
8.73355646434009e-79,0.927901304098387,0.435,0.209,2.59447761886151e-74,"3","ZEB1"
8.79297656288717e-79,1.18641458338334,0.302,0.12,2.61212954753689e-74,"3","KAT2B"
1.5287613970926e-78,1.1982859542284,0.311,0.127,4.541491482343e-74,"3","ZDHHC20"
1.97682736286537e-78,1.38490811882648,0.305,0.128,5.87256104686416e-74,"3","KIAA2026"
1.99706472278157e-78,1.08646620887038,0.386,0.181,5.9326801719672e-74,"3","TENT2"
2.12571867449946e-78,1.09028729184399,0.352,0.153,6.31487246633555e-74,"3","DLG1"
2.42718807188967e-78,1.32386232028732,0.391,0.197,7.21044760516265e-74,"3","AHNAK"
2.54807601810094e-78,1.30315025975414,0.415,0.219,7.56956942697246e-74,"3","FAM107B"
5.96775580670088e-78,1.07998195006908,0.345,0.149,1.77284121749663e-73,"3","TAB2"
1.71971426284519e-77,1.10127456078827,0.401,0.198,5.10875516063421e-73,"3","SUCLG2"
3.01467082123244e-77,1.01569892163105,0.353,0.153,8.9556826086352e-73,"3","CLASP1"
4.30876632411976e-77,1.07208687220355,0.403,0.196,1.28000521190626e-72,"3","BRAF"
4.9635161855479e-77,1.27312992666275,0.318,0.135,1.47451175324072e-72,"3","SND1"
7.43957258097739e-77,1.09924490573137,0.385,0.183,2.21007382663095e-72,"3","ZNF148"
8.18011646693909e-77,1.19791404198237,0.306,0.125,2.4300671988336e-72,"3","PIBF1"
8.53732765987736e-77,1.17043317671986,0.292,0.115,2.53618392791977e-72,"3","CLASP2"
1.08148696238269e-76,1.02873105310683,0.38,0.175,3.21277331915027e-72,"3","GSK3B"
1.84318350150607e-76,1.24255048202757,0.297,0.12,5.47554522792407e-72,"3","DENND4C"
2.27757366391877e-76,1.09431649442514,0.396,0.192,6.76598808340348e-72,"3","GLG1"
2.86715024076061e-76,1.16966341219792,0.354,0.159,8.51744322022754e-72,"3","PDS5A"
3.17815579514638e-76,1.14092808820772,0.307,0.125,9.44134742064135e-72,"3","VPS13D"
3.2829277971976e-76,1.36078760740204,0.267,0.103,9.75259360713492e-72,"3","CDR2"
5.72931774998102e-76,0.832886969242738,0.62,0.417,1.70200842398686e-71,"3","FYB1"
9.16067935832279e-76,1.32522098040986,0.315,0.136,2.72136301697695e-71,"3","KIF2A"
9.77913278851283e-76,1.0516238839669,0.359,0.16,2.90508697748351e-71,"3","CAMK2D"
1.02243664687985e-75,1.3416790688497,0.26,0.098,3.03735254688596e-71,"3","ITPKB"
1.11285528773328e-75,1.00764423324245,0.421,0.208,3.30595920326925e-71,"3","ZNF292"
2.32582309195991e-75,1.5384371593873,0.26,0.103,6.9093226592853e-71,"3","HECA"
3.05561192509816e-75,0.92914378136972,0.461,0.238,9.07730634588909e-71,"3","RASA2"
5.14928510951694e-75,1.17866000879712,0.332,0.145,1.5296981274842e-70,"3","LNPEP"
5.1963671181581e-75,1.16821222497412,0.314,0.132,1.54368477979123e-70,"3","STAT5B"
5.68163842319662e-75,1.05531600332294,0.428,0.219,1.68784432637902e-70,"3","PCM1"
7.05621517048595e-75,1.28950892567625,0.289,0.119,2.09618984069626e-70,"3","RASSF3"
1.01937516690526e-74,0.893879591883397,0.584,0.381,3.02825780832546e-70,"3","N4BP2L2"
1.75117059329619e-74,1.01363123227516,0.375,0.172,5.202202481505e-70,"3","SIPA1L1"
1.85316166886967e-74,1.29012298553077,0.322,0.141,5.50518736971112e-70,"3","PHF3"
2.41539169963439e-74,1.06118088574795,0.357,0.157,7.17540412210388e-70,"3","FCHSD2"
1.11927223168551e-73,1.09906108940507,0.316,0.133,3.32502201866814e-69,"3","ST6GAL1"
2.90977429438348e-73,1.01753518245574,0.443,0.236,8.644066496325e-69,"3","BPTF"
3.47600621481749e-73,1.15810170614513,0.288,0.116,1.03261716623583e-68,"3","CBFA2T2"
5.19792566862946e-73,1.07991367353295,0.296,0.119,1.54414777837975e-68,"3","RFX7"
9.68234572179857e-73,1.10218901228573,0.339,0.152,2.8763344435747e-68,"3","BRWD1"
1.52425573977554e-72,1.19329954447138,0.363,0.173,4.52810652615118e-68,"3","ITGA4"
1.5441833937408e-72,1.24538574253047,0.264,0.102,4.58730560778579e-68,"3","AUTS2"
5.98041725506494e-72,1.02420301346765,0.371,0.174,1.77660255396214e-67,"3","FBXO11"
6.15638041596552e-72,1.27703733751547,0.258,0.099,1.82887593017088e-67,"3","EPC2"
6.65024295846557e-72,0.950282636959664,0.448,0.241,1.97558767567137e-67,"3","RNF19A"
8.49648891239468e-72,1.00751898963103,0.36,0.165,2.52405196120509e-67,"3","GPRIN3"
1.09408394706403e-71,1.29405265823314,0.287,0.118,3.25019518154312e-67,"3","PSME4"
2.24275058065755e-71,1.17324310214684,0.251,0.093,6.66253914995938e-67,"3","RELCH"
2.36947301181045e-71,0.996476606104747,0.398,0.199,7.0389934761853e-67,"3","CCM2"
4.43380773510882e-71,1.15120820825875,0.283,0.115,1.31715126386878e-66,"3","PIK3R5"
1.12942859869665e-70,1.25730119479224,0.267,0.106,3.35519353814813e-66,"3","GMDS-DT"
1.25349822088104e-70,0.830166718882249,0.4,0.188,3.7237671647713e-66,"3","DLEU2"
3.20860731208888e-70,1.17995627251864,0.281,0.115,9.53180974202242e-66,"3","STRN3"
3.89039355169169e-70,1.2116794716624,0.274,0.11,1.15571921240105e-65,"3","SMURF2"
2.1619886810228e-69,1.15475804267872,0.349,0.164,6.42261977471443e-65,"3","SENP6"
2.18774202169108e-69,1.31275749558191,0.258,0.102,6.49912522383769e-65,"3","XPO6"
2.69391375411701e-69,0.975392124355418,0.362,0.168,8.00280958935541e-65,"3","NCOA3"
3.49008116845401e-69,1.13833206014361,0.331,0.151,1.03679841271263e-64,"3","NSMCE2"
3.49543916954926e-69,1.27334813976681,0.264,0.105,1.038390114098e-64,"3","AVL9"
4.65568392362449e-69,1.10988542260063,0.343,0.161,1.38306402319113e-64,"3","SMARCA2"
1.2109538058094e-68,0.908455811104579,0.487,0.281,3.59738047091798e-64,"3","USP15"
1.77375328350935e-68,0.929818349255215,0.439,0.233,5.26928887932123e-64,"3","PRKCB"
1.77958927532915e-68,1.04246748046707,0.414,0.22,5.2866258602203e-64,"3","WAC"
2.97389001589771e-68,1.14901469654168,0.303,0.131,8.83453507022734e-64,"3","RNGTT"
4.46019694992285e-68,1.10300993182036,0.297,0.127,1.32499070791358e-63,"3","CMIP"
4.67898654708705e-68,0.893644721117741,0.591,0.417,1.38998653354315e-63,"3","STK4"
6.27372832875681e-68,1.16439018617587,0.251,0.096,1.86373647462379e-63,"3","AMBRA1"
1.02096273554385e-67,1.09862528745769,0.401,0.214,3.03297399848012e-63,"3","SLC38A1"
1.35313222300489e-67,1.18582580904508,0.341,0.166,4.01974989488064e-63,"3","MECP2"
1.72416116795073e-67,1.19440623411305,0.306,0.137,5.12196558163124e-63,"3","MAP3K2"
2.14900998923858e-67,0.995908314475649,0.319,0.139,6.38406397503106e-63,"3","STK39"
2.38604135675278e-67,0.946774801503168,0.347,0.158,7.08821305850548e-63,"3","PPP1R16B"
2.50395526129767e-67,1.03045488121572,0.335,0.151,7.43849989473699e-63,"3","TRIP12"
2.70773635420147e-67,1.03538257788889,0.354,0.168,8.04387238742631e-63,"3","MLLT3"
3.15716996366926e-67,1.26604639127138,0.322,0.151,9.37900481107226e-63,"3","PPM1B"
3.37453824947166e-67,0.987507456850263,0.358,0.169,1.00247407777055e-62,"3","SETD2"
5.0532079102104e-67,1.0872128403588,0.301,0.13,1.5011564738862e-62,"3","RAPGEF1"
5.47599664277626e-67,1.10486616544709,0.321,0.145,1.62675432266954e-62,"3","PIK3CD"
8.25299963645099e-67,1.26571222500718,0.295,0.131,2.45171860200049e-62,"3","PPP4R3B"
1.0457734775736e-66,0.955158772532854,0.337,0.151,3.10667926982788e-62,"3","PHF21A"
1.50453710359113e-66,1.11178445395184,0.348,0.167,4.46952837363818e-62,"3","ZNF644"
1.57164641799614e-66,1.16933123593489,0.271,0.111,4.66889001394113e-62,"3","ST8SIA1"
3.23026462016323e-66,0.83624402435301,0.448,0.238,9.59614710711892e-62,"3","PDE3B"
3.68767684757948e-66,1.19585677084276,0.275,0.115,1.09549816111044e-61,"3","UMAD1"
5.03156936598272e-66,1.14867352382301,0.343,0.165,1.49472831155249e-61,"3","PTPN4"
6.70120517476617e-66,1.34106450979636,0.284,0.126,1.99072702126779e-61,"3","PCGF5"
1.22049476157484e-65,0.951530059782432,0.393,0.201,3.62572378821038e-61,"3","STK10"
3.25299396926197e-65,1.04058235548885,0.328,0.149,9.66366918448654e-61,"3","TRERF1"
3.60642883141791e-65,1.16169660344791,0.329,0.156,1.07136181294932e-60,"3","PSPC1"
5.39460195398115e-65,0.984436500749647,0.396,0.207,1.60257440246918e-60,"3","TLK1"
4.73692824666366e-64,0.984995809603423,0.314,0.139,1.40719927423637e-59,"3","RASA1"
7.30585021124435e-64,1.13944713911699,0.283,0.123,2.17034892225436e-59,"3","STK38"
1.37950049439843e-63,1.15302436793693,0.252,0.102,4.0980821187094e-59,"3","LARP4B"
1.44406865341255e-63,1.13983673590334,0.304,0.136,4.28989474869267e-59,"3","CREBBP"
1.47390316399339e-63,1.10418533088353,0.265,0.109,4.37852412927518e-59,"3","WDR7"
1.68649466833402e-63,1.10652212816115,0.3,0.134,5.01006971121989e-59,"3","STAU2"
2.04319605711595e-63,0.881070710894945,0.34,0.156,6.06972252687437e-59,"3","MYO5A"
6.01522602479279e-63,1.00340934270354,0.428,0.238,1.7869431951852e-58,"3","GLS"
6.06991795813284e-63,1.07895090066809,0.332,0.158,1.80319052782252e-58,"3","RBM26"
7.74070369877737e-63,0.886240515604073,0.396,0.201,2.29953084779579e-58,"3","TTC17"
2.21033031374804e-62,1.14071946473614,0.265,0.11,6.56622826305132e-58,"3","ZNRF2"
2.35852508199938e-62,0.898986362926346,0.448,0.253,7.00647046109556e-58,"3","APBB1IP"
2.67095737171862e-62,1.0751070915562,0.311,0.143,7.93461306416449e-58,"3","ZNF831"
2.73109886109473e-62,0.815461237188338,0.409,0.209,8.11327538665413e-58,"3","MSI2"
2.93702353914131e-62,0.826182657667158,0.499,0.299,8.72501582772708e-58,"3","ANKRD11"
3.01838808002441e-62,1.07491194971486,0.256,0.104,8.96672546932852e-58,"3","ABCC1"
5.14082703385934e-62,0.883624499342076,0.43,0.235,1.52718548694859e-57,"3","RBM6"
5.23357602417665e-62,0.916316268675247,0.486,0.302,1.55473842950216e-57,"3","WIPF1"
6.38451034033967e-62,1.1785456470212,0.272,0.118,1.8966464868047e-57,"3","CNOT1"
6.70918528454072e-62,1.19348439565886,0.25,0.103,1.99309767247851e-57,"3","RASA3"
7.01398697298919e-62,1.1434137518637,0.288,0.126,2.0836451100659e-57,"3","ANKIB1"
7.8101836467413e-62,0.997952845730249,0.318,0.145,2.32017125593744e-57,"3","ASCC3"
1.96896088511398e-61,1.18318497016122,0.308,0.145,5.8491921014081e-57,"3","GPCPD1"
4.10164214705413e-61,1.23105070034427,0.253,0.105,1.21847483262537e-56,"3","POU2F1"
7.16988945169788e-61,1.11257078987928,0.277,0.12,2.12995905941589e-56,"3","UHRF2"
8.55452725344205e-61,0.931858487357608,0.357,0.178,2.54129341118003e-56,"3","PREX1"
1.21658607301224e-60,1.1491107244323,0.278,0.121,3.61411224709747e-56,"3","RPRD2"
1.22516312131268e-60,1.03211164629819,0.295,0.131,3.63959208448358e-56,"3","GTDC1"
1.56520232260131e-60,1.12344864195238,0.296,0.135,4.6497465397517e-56,"3","STX8"
4.1561778171061e-60,1.28433937764665,0.263,0.114,1.23467574412771e-55,"3","USP33"
4.76456586344386e-60,0.978571149958059,0.359,0.181,1.41540958105327e-55,"3","ZNF638"
4.9810621851016e-60,1.07600907903913,0.311,0.144,1.47972414332813e-55,"3","UBR5"
5.50109766433933e-60,1.04161393228388,0.281,0.123,1.63421108314528e-55,"3","UVRAG"
1.29624614552822e-59,0.901303906617982,0.401,0.216,3.85075842452069e-55,"3","NFATC3"
1.50016104151912e-59,1.04198689896001,0.272,0.117,4.45652840604085e-55,"3","USP24"
1.98324187091542e-59,0.741965327937166,0.421,0.217,5.89161662592843e-55,"3","NCOA1"
2.27293945523992e-59,1.25176177624607,0.283,0.13,6.75222123968124e-55,"3","RB1CC1"
4.63890894823481e-59,1.17248221880581,0.263,0.113,1.37808068125212e-54,"3","FBXL20"
8.97479611981619e-59,1.07149346521991,0.37,0.199,2.6661426833138e-54,"3","GOLGA4"
2.16185934178379e-58,1.1272200745985,0.331,0.168,6.42223554663711e-54,"3","WDR33"
3.80099125283368e-58,0.86349796946102,0.418,0.231,1.1291604714793e-53,"3","SRPK2"
4.05092555696414e-58,0.837430820637132,0.561,0.404,1.20340845520734e-53,"3","KMT2E"
5.89497744633436e-58,1.04729275151565,0.254,0.106,1.75122094998255e-53,"3","ATG7"
8.99244339685961e-58,1.14456518218929,0.29,0.134,2.67138515990508e-53,"3","LCOR"
1.93469736894353e-57,1.02138247012698,0.343,0.176,5.74740547392054e-53,"3","KMT2A"
9.165729655216e-57,0.774057294834283,0.513,0.327,2.72286330867502e-52,"3","SP100"
1.0611816961467e-56,0.89646487435459,0.364,0.187,3.15245246474301e-52,"3","ARHGAP26"
1.12984835361884e-56,1.20312963566553,0.256,0.113,3.35644050409549e-52,"3","CUL5"
1.32377628387896e-56,1.10685212280022,0.291,0.137,3.93254220651921e-52,"3","ZFR"
1.53111988793332e-56,0.784695625428861,0.376,0.194,4.54849785108351e-52,"3","SYNE1"
2.36589777407726e-56,0.800310331797476,0.597,0.45,7.02837251745131e-52,"3","PPP2R5C"
2.46328875869374e-56,1.12914527448193,0.261,0.114,7.3176919154515e-52,"3","SLC16A7"
4.49206012110341e-56,0.991007882459171,0.281,0.126,1.33445630017619e-51,"3","INPP4A"
8.84621231364136e-56,1.00438414259792,0.326,0.161,2.62794429201344e-51,"3","PUM1"
9.4909987646857e-56,1.24931706688102,0.296,0.145,2.81949100302518e-51,"3","MIER1"
1.31851669170451e-55,1.05210513860446,0.3,0.142,3.91691753604659e-51,"3","MED13"
1.33786194496392e-55,1.18027568648035,0.343,0.184,3.97438647990431e-51,"3","RAB11A"
2.24357911804666e-55,1.21023413675478,0.255,0.112,6.66500048598122e-51,"3","TOP2B"
3.45122610299214e-55,0.982386196898379,0.253,0.107,1.02525573841587e-50,"3","ATR"
4.3611890933316e-55,1.08290459094149,0.271,0.122,1.29557844395602e-50,"3","RC3H1"
4.92874312193505e-55,1.03262829916307,0.266,0.117,1.46418171923325e-50,"3","RNF111"
9.11039923475484e-55,0.756589903404766,0.645,0.521,2.70642630066862e-50,"3","CD44"
9.44665607832251e-55,1.08766987486754,0.316,0.158,2.80631812118727e-50,"3","BABAM2"
1.35060536605693e-54,1.02243819506458,0.352,0.189,4.01224336094533e-50,"3","UBE2K"
1.38219210868839e-54,1.05163137809493,0.351,0.187,4.10607809728061e-50,"3","CELF1"
1.38603224620433e-54,1.15156720784809,0.298,0.146,4.11748599379921e-50,"3","UBE3A"
2.12881432438364e-54,0.985330690024135,0.359,0.192,6.32406871344649e-50,"3","GPATCH8"
2.15181039858736e-54,1.13815790889174,0.27,0.124,6.39238315108347e-50,"3","CRLF3"
2.4837607944806e-54,1.05224018594452,0.279,0.129,7.37850819216353e-50,"3","AGO3"
3.91578305479097e-54,1.036632006536,0.256,0.111,1.16326167208675e-49,"3","SIDT1"
4.95621037338908e-54,1.11414490954864,0.338,0.182,1.4723414156227e-49,"3","RNF149"
9.32771653523117e-54,0.99263154741569,0.375,0.207,2.77098475112112e-49,"3","PHIP"
1.02079706668662e-53,1.10926334040642,0.272,0.126,3.03248184600595e-49,"3","WDR26"
1.65918018688419e-53,1.06157654522785,0.289,0.137,4.92892658117685e-49,"3","SMARCC1"
1.78847818434028e-53,1.16742588379831,0.259,0.117,5.31303214221968e-49,"3","HECTD1"
1.99730487620507e-53,1.0635773702891,0.265,0.12,5.93339359574241e-49,"3","RNF216"
2.50001472403253e-53,1.07997660337883,0.3,0.145,7.42679374068345e-49,"3","KAT6B"
6.38119209632908e-53,0.966974879448652,0.306,0.149,1.89566073605648e-48,"3","MAP4"
6.68143145099958e-53,1.13467157924684,0.42,0.268,1.98485284114844e-48,"3","PDCD4"
2.04013113415939e-52,1.09051686215591,0.266,0.123,6.06061756024731e-48,"3","REV3L"
2.38112567671748e-52,0.977298340046788,0.299,0.145,7.07361004782461e-48,"3","NFATC2"
3.59143124568782e-52,1.11886928951121,0.258,0.117,1.06690648015648e-47,"3","PPP3CB"
5.04367082236929e-52,0.974258063710495,0.275,0.127,1.49832329120124e-47,"3","TRPM7"
6.78328667713967e-52,1.13219406156677,0.284,0.137,2.01511097317788e-47,"3","RSRC1"
3.10762864517601e-51,0.992749703830548,0.387,0.227,9.23183241622436e-47,"3","LSM14A"
4.02412664494024e-51,1.04915591400785,0.347,0.193,1.1954473024124e-46,"3","LUC7L2"
8.96905178679643e-51,1.0332582768626,0.341,0.185,2.66443621430362e-46,"3","RALGAPA1"
1.55729065411845e-50,0.859696825189403,0.302,0.145,4.62624334618968e-46,"3","SGMS1"
2.01210659574875e-50,0.896019578943295,0.423,0.261,5.97736506399081e-46,"3","NKTR"
2.42058841135879e-50,1.04379313895522,0.383,0.228,7.19084199362356e-46,"3","BBX"
2.50148941945096e-50,1.16199341232092,0.297,0.153,7.43117461836297e-46,"3","ELOVL5"
4.22400642954901e-50,0.871033881149124,0.331,0.17,1.25482559002613e-45,"3","RASGRP1"
6.76453945851999e-49,0.950574593417981,0.354,0.197,2.00954173694253e-44,"3","GNB1"
7.10853983723327e-49,0.923517685294369,0.322,0.167,2.11173392944689e-44,"3","CDK17"
1.21593668900966e-48,1.01055296118573,0.299,0.153,3.61218312204101e-44,"3","PRKACB"
1.82450908740947e-48,1.10863294081238,0.272,0.132,5.4200691459673e-44,"3","COMMD10"
2.962009265803e-48,1.10349838389241,0.272,0.132,8.79924092592097e-44,"3","PTBP3"
3.09035590143828e-48,0.743086726126493,0.301,0.146,9.1805202764027e-44,"3","THADA"
5.97359217283915e-48,0.794222535279592,0.281,0.132,1.77457502678533e-43,"3","GPHN"
7.86195947454195e-48,1.0146270216377,0.265,0.127,2.33555230110218e-43,"3","CEP350"
9.98515271981886e-48,1.09282124755119,0.293,0.15,2.96628931847659e-43,"3","URI1"
1.03105662395339e-47,0.865220623209225,0.343,0.183,3.06295991277835e-43,"3","KDM2A"
1.10812785432767e-47,0.905093389551888,0.281,0.135,3.29191541685122e-43,"3","ITCH"
1.1533027100499e-47,0.896517481669036,0.269,0.127,3.42611636074523e-43,"3","ASAP1"
1.99464538214913e-47,0.970181276459747,0.285,0.141,5.92549303675042e-43,"3","RAP1GDS1"
2.45505445068087e-47,1.06620391255696,0.256,0.121,7.29323025663765e-43,"3","CHD6"
3.85900848439684e-47,0.932089042158059,0.315,0.165,1.14639565045977e-42,"3","USP47"
3.99837703732544e-47,0.581053858624499,0.625,0.467,1.18779786647827e-42,"3","HNRNPH1"
4.3358324078248e-47,0.890140877581198,0.321,0.167,1.28804573339251e-42,"3","INPP5D"
8.76022697613981e-47,1.04453491118724,0.317,0.173,2.60240062780185e-42,"3","MARCH6"
3.67765333363059e-46,0.847953730055071,0.455,0.301,1.09252047582164e-41,"3","JAK1"
4.40003658429421e-46,0.806335970952302,0.51,0.364,1.30711886809628e-41,"3","ARID4B"
9.74177213791653e-46,1.05124687451481,0.27,0.134,2.89398824901086e-41,"3","UBE2H"
1.23538240556501e-45,0.805732356285949,0.439,0.28,3.66995051221198e-41,"3","ATRX"
3.06232503145879e-45,1.04122475337931,0.285,0.146,9.09724897095462e-41,"3","NEDD9"
3.31894153128225e-45,0.909016634143126,0.296,0.151,9.85957960698018e-41,"3","NSD1"
4.9416371379502e-45,0.981856779269453,0.286,0.146,1.46801214457087e-40,"3","CAB39"
6.90425845855355e-45,1.08829488290007,0.276,0.141,2.0510480602825e-40,"3","FUBP1"
1.35799577269035e-44,1.00475672614028,0.256,0.124,4.03419804193123e-40,"3","ADNP"
2.4894833072293e-44,0.850116043947842,0.295,0.15,7.39550806078609e-40,"3","SETX"
2.62513996527231e-44,1.07633491755802,0.256,0.127,7.79850329483446e-40,"3","ETNK1"
6.49297275781822e-44,0.931801976541216,0.279,0.141,1.92886741716506e-39,"3","PVT1"
7.31641680813076e-44,0.924054308705312,0.308,0.164,2.17348794119141e-39,"3","MARK3"
7.5756450935714e-44,0.868740840771956,0.396,0.245,2.25049688794726e-39,"3","AC245297.3"
1.89176249135757e-43,0.796622305670073,0.422,0.269,5.61985883307594e-39,"3","PPP1R12A"
2.26707278837641e-43,0.874361038692488,0.327,0.18,6.73479313242979e-39,"3","SYNRG"
2.63595683252814e-43,0.806627054290506,0.315,0.164,7.83063696239136e-39,"3","EIF4G3"
3.73866804680682e-43,0.59184295433941,0.38,0.211,1.1106461166649e-38,"3","NLRC5"
1.14877539858084e-42,1.14161076351721,0.257,0.131,3.4126670765641e-38,"3","CHIC2"
3.51440402291189e-42,0.980903862457645,0.292,0.156,1.04402400308644e-37,"3","PRDM2"
3.53516530541452e-42,0.923963609399333,0.261,0.129,1.05019155727949e-37,"3","XPO1"
4.53960148566917e-42,1.14265951889468,0.253,0.129,1.34857941334774e-37,"3","SMAP1"
2.2347217350187e-41,0.879961822428969,0.282,0.146,6.63868785822006e-37,"3","SETD5"
4.12639491989822e-41,0.963680199793395,0.284,0.151,1.22582813885416e-36,"3","STT3B"
5.19357034675121e-41,0.885456809467524,0.311,0.17,1.54285394290938e-36,"3","PTPRA"
5.85343261978543e-41,0.872121468392883,0.369,0.225,1.73887922835966e-36,"3","ROCK1"
8.40759539336559e-41,0.979312402445578,0.258,0.13,2.49764436350712e-36,"3","NLRP1"
1.02636620492826e-40,0.979723450433885,0.302,0.168,3.04902608498037e-36,"3","LINC00513"
1.69762815718785e-40,0.738638693515723,0.338,0.188,5.04314396655793e-36,"3","ERBIN"
1.70021208300537e-40,1.00930958781683,0.304,0.17,5.05082003498407e-36,"3","SAMHD1"
2.82534456160561e-40,0.560696160159468,0.301,0.154,8.3932510891618e-36,"3","SFMBT2"
5.97519006184344e-40,0.954534850222516,0.322,0.188,1.77504971167183e-35,"3","CYLD"
6.44552901559052e-40,0.947018322768086,0.299,0.166,1.91477330466148e-35,"3","CHD9"
4.67419361874512e-39,0.871244144845936,0.295,0.161,1.38856269832061e-34,"3","MDM4"
9.30949282093317e-39,0.891756939092565,0.377,0.242,2.76557103231462e-34,"3","ARIH1"
3.05930490787236e-38,0.969271056944817,0.292,0.163,9.08827708981642e-34,"3","PRPF4B"
3.460245151047e-38,0.989116265908092,0.331,0.202,1.02793502702153e-33,"3","CHD1"
5.46747374939683e-38,1.00388320222413,0.271,0.148,1.62422242673332e-33,"3","MARCH7"
6.95713081480354e-38,0.839807388394642,0.285,0.152,2.06675485115369e-33,"3","SMG1"
8.27741111111486e-38,0.945731379462367,0.3,0.172,2.45897051877889e-33,"3","ADD3"
1.14564250137649e-37,0.907049458242861,0.349,0.215,3.40336017883914e-33,"3","RSF1"
1.7272038296318e-37,0.583637447630315,0.538,0.401,5.1310044166872e-33,"3","CD247"
3.29983985491981e-37,0.901219818905985,0.332,0.2,9.80283425701027e-33,"3","SMAP2"
3.35991925253543e-37,0.54585714438854,0.341,0.191,9.98131212350699e-33,"3","GLCCI1"
8.14974908771056e-37,0.848245665353832,0.327,0.192,2.42104596148618e-32,"3","PPP3CC"
1.01952628672614e-36,0.931477322121987,0.251,0.13,3.02870673997735e-32,"3","TRIM33"
1.27655765706057e-36,0.945196837863173,0.281,0.156,3.79226983182982e-32,"3","PTEN"
2.1232637639988e-35,0.976316279775421,0.32,0.197,6.30757966371124e-31,"3","CAST"
2.76516428623972e-35,0.937647308101616,0.275,0.154,8.21447354513233e-31,"3","KDM5A"
1.35300405576339e-34,0.742893098917117,0.37,0.233,4.01936914845631e-30,"3","TAOK3"
2.58359053429503e-34,0.81088138866965,0.272,0.148,7.67507240023025e-30,"3","EHMT1"
3.13586289877569e-34,0.782638564704881,0.346,0.215,9.31570791339294e-30,"3","PAFAH1B1"
8.40726248682754e-34,0.966528308734222,0.252,0.137,2.49754546696186e-29,"3","MICU2"
1.12629191252373e-33,0.838195996763777,0.407,0.282,3.34587538453424e-29,"3","NCOR1"
1.63115590832194e-33,0.717762319248238,0.464,0.344,4.84567485685199e-29,"3","RAP1A"
3.78444043084742e-33,0.873672919692865,0.268,0.15,1.12424371879184e-28,"3","TAF15"
6.93791914943565e-33,0.759029768548106,0.301,0.176,2.06104764172285e-28,"3","TMC8"
1.81418167573376e-32,0.796372989757789,0.334,0.209,5.38938950410228e-28,"3","ABI1"
1.98950007911418e-32,0.765736602972432,0.262,0.142,5.91020788502448e-28,"3","PPP6R2"
2.00844142069424e-32,0.8168328059689,0.279,0.157,5.96647692845639e-28,"3","IKZF3"
2.84413835689144e-32,0.313255768037152,0.363,0.206,8.4490818168174e-28,"3","PTPRJ"
2.98212805484851e-32,0.771309032008201,0.253,0.134,8.85900781253848e-28,"3","GMDS"
5.57491555355898e-32,0.941445940989944,0.286,0.17,1.65614016349577e-27,"3","SRSF4"
1.85971759270935e-31,0.785108682049704,0.352,0.231,5.52466305266167e-27,"3","KTN1"
3.69780986288255e-31,0.922066426345003,0.251,0.14,1.09850837596652e-26,"3","MAPK1"
8.21025521642584e-31,0.693313739228622,0.361,0.232,2.43902051714362e-26,"3","IQGAP1"
1.76315627047727e-30,0.683601788491276,0.338,0.214,5.23780833270682e-26,"3","MYO1F"
2.31850445315704e-30,0.735412273293589,0.322,0.201,6.88758117899361e-26,"3","LCP2"
2.61944731571366e-30,0.569664945034182,0.295,0.17,7.78159214079058e-26,"3","JARID2"
3.67739297628735e-30,0.989770727188635,0.299,0.193,1.09244313146568e-25,"3","MCUB"
4.54490910086062e-30,0.779164130951914,0.295,0.176,1.35015614659266e-25,"3","ASXL1"
2.03975655316067e-29,0.683752696202029,0.286,0.165,6.05950479247439e-25,"3","PDE4D"
7.22698025590122e-29,0.994970186115825,0.264,0.159,2.14691902462058e-24,"3","YAF2"
1.24138227178951e-28,0.891079621675496,0.296,0.185,3.68777431480509e-24,"3","DNAJC1"
1.24775536911853e-28,0.838797383086241,0.269,0.159,3.70670687504042e-24,"3","FNBP4"
1.39906912804091e-28,0.917620856883791,0.26,0.155,4.15621465867114e-24,"3","BRD4"
3.47777239902794e-28,0.753129324104504,0.304,0.192,1.03314184657923e-23,"3","RBPJ"
5.56121814185866e-28,0.597245275472398,0.49,0.378,1.65207107340195e-23,"3","STK17B"
2.91006940683616e-27,1.00570038091459,0.252,0.152,8.64494318688819e-23,"3","CD6"
3.09971728457335e-27,0.675478675935964,0.509,0.429,9.20833013728206e-23,"3","HNRNPC"
7.65848823146597e-27,0.823553897516988,0.262,0.155,2.27510709892159e-22,"3","ADAM10"
5.81987420843737e-26,0.782985451908028,0.325,0.218,1.72891003110049e-21,"3","CCNH"
1.44488098806229e-25,0.911560409947496,0.252,0.153,4.29230795123663e-21,"3","PAK2"
1.54810773341078e-25,0.769122381034459,0.276,0.17,4.59896364364339e-21,"3","CCDC88C"
8.11220688067563e-25,0.833179613210335,0.255,0.155,2.40989329804231e-20,"3","CNOT4"
9.54515348130319e-25,0.42065074514013,0.306,0.185,2.83557874469074e-20,"3","NCALD"
1.27253890292991e-24,0.794092394663572,0.253,0.152,3.78033131893388e-20,"3","PPP2R5E"
1.63218427595591e-24,0.736952418464197,0.25,0.149,4.84872982858223e-20,"3","LEF1"
3.44971980663927e-24,0.757701256895602,0.269,0.169,1.02480826295833e-19,"3","RAB8B"
4.15859248381268e-24,0.827968043499003,0.283,0.184,1.23539306916623e-19,"3","DDX6"
4.16508393242651e-24,0.549312875148168,0.297,0.183,1.23732148380594e-19,"3","NFAT5"
8.44497060190928e-24,0.580297990303132,0.259,0.153,2.50874741670919e-19,"3","MAN1A2"
1.14713216425955e-23,1.00125405702476,0.254,0.163,3.40778552036584e-19,"3","ODF2L"
1.28418567403747e-23,0.860275174311898,0.283,0.186,3.81493038186311e-19,"3","CNOT2"
4.48161503944518e-23,0.767398621157353,0.321,0.223,1.33135337976798e-18,"3","ZNF207"
8.58353567287198e-23,0.570975286259267,0.377,0.271,2.54991094234008e-18,"3","MBP"
1.37846555025423e-22,0.398752273804069,0.473,0.362,4.09500761014024e-18,"3","RNF213"
1.80260182952214e-22,0.723068059132582,0.33,0.235,5.35498925496141e-18,"3","NSD3"
3.55208717363822e-22,0.737960871772604,0.253,0.158,1.05521853667271e-17,"3","VOPP1"
5.06213908044735e-22,0.846802681177236,0.272,0.18,1.5038096566285e-17,"3","PPHLN1"
5.50262237841752e-22,0.649491844056691,0.329,0.227,1.63466402995649e-17,"3","TANK"
8.06675629686106e-22,0.764917493180662,0.258,0.164,2.39639129310851e-17,"3","DNAJB14"
3.75470968757295e-21,0.752118234245932,0.329,0.236,1.1154116068873e-16,"3","SCAF11"
1.45738384944506e-20,0.495172650689751,0.458,0.367,4.32945020154644e-16,"3","FAM49B"
2.13456850545652e-20,0.859254213050544,0.272,0.184,6.34116265915968e-16,"3","ZFAND6"
5.25771880069342e-20,0.707636141789827,0.288,0.198,1.56191052412199e-15,"3","NAP1L4"
2.65367214850701e-19,0.73245937588367,0.276,0.188,7.88326385156977e-15,"3","GCC2"
3.71859319107801e-19,0.431659889246222,0.298,0.194,1.10468247927354e-14,"3","ITGAL"
3.91243904313603e-19,0.662887842404951,0.342,0.254,1.16226826654442e-14,"3","AKAP9"
3.33787278644565e-18,0.861793314034978,0.336,0.261,9.9158186866941e-14,"3","ITGB1"
5.5313356895763e-18,0.638781635175984,0.29,0.201,1.64319389330243e-13,"3","MYH9"
6.03139001387893e-18,0.88772684777572,0.278,0.199,1.79174503142301e-13,"3","TLE4"
6.68133264244823e-18,0.689282900336007,0.351,0.27,1.9848234880921e-13,"3","CAPZA1"
6.92903967557907e-18,0.467593954810639,0.349,0.251,2.05840981642427e-13,"3","SAMD3"
2.7244940860879e-17,0.62234325136069,0.276,0.191,8.09365458154132e-13,"3","ITSN2"
2.9200575464133e-17,0.580856876041591,0.403,0.325,8.67461495313e-13,"3","PRRC2C"
7.69029825187455e-17,0.661507467041226,0.338,0.257,2.28455690168437e-12,"3","GNG2"
9.81736935959211e-17,0.532354619373758,0.336,0.247,2.91644591565403e-12,"3","CFLAR"
2.42430102477589e-16,0.551778821588605,0.426,0.359,7.20187105430174e-12,"3","RAP1B"
6.72934191000837e-16,0.569884430626757,0.393,0.325,1.99908560120619e-11,"3","SRSF11"
3.02943941246109e-15,0.653234917078763,0.363,0.296,8.99955566259816e-11,"3","LRRFIP1"
2.27832704111121e-14,0.284872506684971,0.251,0.162,6.76822614102908e-10,"3","ATP8A1"
3.05477751550061e-13,0.403691781625148,0.465,0.404,9.07482756529767e-09,"3","ELF1"
5.32152635871492e-13,0.666225497042742,0.299,0.235,1.58086583538344e-08,"3","ACTR2"
1.3034435740963e-12,0.537385006196107,0.308,0.24,3.87213982556788e-08,"3","TRA2A"
2.45269721910899e-12,0.463803156426865,0.379,0.311,7.28622762880708e-08,"3","RHOH"
2.22366965882127e-11,0.624672066321915,0.258,0.196,6.60585545546035e-07,"3","PRMT2"
6.57151122508205e-11,0.49866571920976,0.269,0.204,1.95219883963512e-06,"3","AKNA"
6.64605610371546e-10,0.340828614371598,0.251,0.187,1.97434388673075e-05,"3","PYHIN1"
8.2267848590106e-10,0.580133645054144,0.276,0.222,2.44393097806628e-05,"3","XRCC5"
9.51638340652255e-10,0.635925978620633,0.254,0.202,2.82703201857565e-05,"3","RAB2A"
2.55934677148557e-09,0.619373285907427,0.25,0.196,7.60305145405219e-05,"3","PCSK7"
4.6604072154309e-09,0.536412648672107,0.286,0.233,0.000138446717148806,"3","TRAF3IP3"
7.74728005285567e-08,0.397022030931403,0.385,0.346,0.00230148448530184,"3","ARGLU1"
7.88500608441617e-08,0.483923064717944,0.305,0.257,0.00234239875749751,"3","VMP1"
8.27132209201247e-08,0.437102584761099,0.329,0.285,0.00245716165387414,"3","SAMSN1"
1.25472482538524e-07,0.41846092663277,0.412,0.38,0.00372741103877194,"3","ZC3HAV1"
2.45241545959601e-07,0.465030897609382,0.256,0.208,0.00728539060582186,"3","PIK3R1"
5.7513476787087e-07,0.405105983335078,0.31,0.268,0.0170855285491399,"3","PNISR"
7.35315152153134e-07,0.519315920054636,0.324,0.293,0.0218440072250132,"3","LUC7L3"
1.3313986706548e-06,0.481163290455651,0.294,0.257,0.0395518603091421,"3","CSNK1A1"
1.50099156197181e-06,0.378011949690986,0.327,0.287,0.0445899563314966,"3","IFI16"
2.03123041592326e-06,0.402077303661206,0.339,0.306,0.0603417619658322,"3","GPBP1"
2.51737370028879e-06,0.488335003194585,0.269,0.232,0.0747836205144791,"3","BAZ1A"
2.85542136923979e-06,0.428506961437432,0.331,0.305,0.0848260026160064,"3","CD47"
3.46435866045548e-06,0.446630094843848,0.256,0.216,0.102915702726151,"3","TAX1BP1"
3.68697818265903e-05,0.282682474284,0.37,0.334,1,"3","ARID5B"
0.000429425045771944,0.413509564518797,0.307,0.294,1,"3","UBE2D2"
0.000490584109755406,0.441376688131794,0.251,0.226,1,"3","SF1"
0.0011151070941245,0.446050082816132,0.27,0.253,1,"3","FAM133B"
0,3.41461237912072,0.71,0.1,0,"4","IKZF2"
0,2.72312780740594,0.799,0.2,0,"4","LDLRAD4"
0,2.04472343487167,0.787,0.245,0,"4","CASK"
0,2.20729083972457,0.751,0.215,0,"4","TOX"
0,3.95994026359122,0.584,0.059,0,"4","LINC02694"
0,2.42633115949932,0.696,0.178,0,"4","PTPRJ"
0,2.24429687306593,0.725,0.222,0,"4","PHACTR2"
0,1.73192063742044,0.827,0.331,0,"4","FOXN3"
0,1.6233443038585,0.925,0.432,0,"4","SKAP1"
0,2.11381455403275,0.692,0.2,0,"4","FOXO1"
0,2.54980325501475,0.659,0.168,0,"4","PHTF2"
0,2.83369545979731,0.573,0.089,0,"4","PLCL1"
0,2.11406458111573,0.648,0.166,0,"4","PAM"
0,2.37412994707482,0.642,0.166,0,"4","GLCCI1"
0,2.07801539760825,0.677,0.215,0,"4","BCL2"
0,2.1175435502515,0.646,0.194,0,"4","JAZF1"
0,3.11171062885051,0.536,0.096,0,"4","STAM"
0,2.6248189405108,0.562,0.129,0,"4","VAV3"
0,2.55378616732713,0.551,0.134,0,"4","TSHZ2"
0,3.34826589900374,0.455,0.061,0,"4","AL136456.1"
0,2.9103742591866,0.47,0.079,0,"4","BACH1"
0,2.39406137180802,0.492,0.116,0,"4","DUSP16"
0,3.96175711772047,0.405,0.031,0,"4","AC013652.1"
0,3.2582562245535,0.447,0.077,0,"4","TBC1D4"
0,2.79067970358785,0.409,0.062,0,"4","TTN"
0,3.28846751223158,0.374,0.041,0,"4","AC093865.1"
0,3.24590776916904,0.369,0.042,0,"4","CCDC141"
0,3.72335535535685,0.351,0.045,0,"4","RTKN2"
0,3.35535049836581,0.343,0.038,0,"4","ENTPD1"
0,3.92729766185099,0.328,0.042,0,"4","IL2RA"
0,3.25369435174729,0.293,0.033,0,"4","IL12RB2"
0,3.45510054121789,0.289,0.036,0,"4","INPP5F"
0,4.76341036775815,0.251,0.015,0,"4","DLGAP1"
0,3.84031755200131,0.251,0.023,0,"4","CLNK"
9.62557719851135e-308,1.97748656493699,0.608,0.171,2.85947021836177e-303,"4","NIBAN1"
1.23420725357372e-306,2.39168404941962,0.449,0.095,3.66645948819145e-302,"4","ZNRF2"
2.63760028735544e-304,1.86427076061939,0.585,0.158,7.8355191736468e-300,"4","XIST"
2.3631247057267e-281,2.24213083585825,0.477,0.116,7.02013456330232e-277,"4","GPHN"
1.60693205365341e-280,2.14997100345562,0.501,0.129,4.77371305178819e-276,"4","SGMS1"
4.04850688331179e-272,2.51658025298772,0.435,0.103,1.20268993982543e-267,"4","FNDC3B"
6.12379410675818e-262,1.64919843715841,0.634,0.202,1.81919551529465e-257,"4","ARL15"
9.49019652205904e-262,1.91537744868261,0.595,0.194,2.81925268080808e-257,"4","MSI2"
1.34870561340713e-259,2.23648149925966,0.488,0.134,4.00659976574857e-255,"4","MAN1A2"
3.06872877630061e-252,1.70361793413645,0.626,0.213,9.11627257575623e-248,"4","TNIK"
9.17391964691089e-250,1.57772027972911,0.669,0.234,2.72529630950782e-245,"4","SMYD3"
7.64821648476574e-249,1.79896516342418,0.568,0.175,2.27205567112936e-244,"4","DLEU2"
1.02578536967911e-248,2.31510172506672,0.383,0.083,3.04730059770574e-244,"4","HIVEP1"
9.08887662516452e-237,1.53852399084967,0.587,0.182,2.70003257903762e-232,"4","LINC01619"
3.08529037826314e-228,1.35697284536927,0.743,0.296,9.16547212670632e-224,"4","LRBA"
1.4529240739993e-224,2.55940640743365,0.299,0.056,4.31620154662972e-220,"4","ARHGEF12"
1.2549147764274e-222,1.65797030195803,0.588,0.204,3.72797532633286e-218,"4","NCOA1"
5.06717612023052e-220,0.566074976833541,1,0.999,1.50530601003688e-215,"4","MALAT1"
2.58350923703508e-219,2.21459388845853,0.328,0.068,7.67483089046012e-215,"4","CSGALNACT1"
2.62978463757767e-219,2.22771561995553,0.413,0.11,7.81230122285197e-215,"4","TSPAN5"
1.37591390861185e-214,2.75748577781536,0.26,0.044,4.08742744831322e-210,"4","ZC3H12D"
1.81871827309712e-214,1.45552887261458,0.7,0.291,5.4028663738896e-210,"4","CHST11"
3.93894515648326e-213,1.5463206900741,0.611,0.222,1.17014243763648e-208,"4","PCED1B"
3.83387479222789e-211,1.6274572426994,0.571,0.199,1.13892918452714e-206,"4","ZEB1"
5.55592094182827e-207,1.46302523906109,0.594,0.207,1.65049743418892e-202,"4","CDKAL1"
1.5088427813782e-206,2.03155703379942,0.411,0.11,4.48231925064022e-202,"4","TRAF3"
7.4685160570469e-202,2.19213183402853,0.294,0.058,2.21867206506692e-197,"4","ENTPD1-AS1"
1.48759732337836e-199,1.04722677048703,0.928,0.684,4.41920536856009e-195,"4","PTPRC"
1.71754674447255e-199,1.42480623544058,0.595,0.214,5.10231611380461e-195,"4","TCF12"
3.0447086013384e-199,1.74451609945089,0.494,0.158,9.04491584199599e-195,"4","NCOA3"
4.08946123247946e-199,1.31222574651445,0.668,0.259,1.21485624833267e-194,"4","FTX"
4.29151092329634e-199,1.3266350867845,0.661,0.252,1.27487914998364e-194,"4","DPYD"
4.38302755347343e-199,2.35496224958577,0.354,0.089,1.30206599531035e-194,"4","SNX9"
8.6372449110981e-199,2.04404781030685,0.344,0.08,2.56586634573991e-194,"4","DGKH"
1.6203657474196e-196,2.57189621777808,0.319,0.074,4.8136205258594e-192,"4","PELI1"
4.60429964234452e-192,1.40970331906692,0.607,0.227,1.36779929475129e-187,"4","EXOC4"
3.98869582756947e-189,1.72221576371799,0.494,0.166,1.18492186949606e-184,"4","NFAT5"
8.1764850693709e-189,1.76852395574912,0.526,0.197,2.42898841955801e-184,"4","TLK1"
1.14141501682054e-188,1.7683609898722,0.455,0.141,3.39080159046878e-184,"4","TAB2"
8.27844809304203e-188,1.6376189679011,0.519,0.181,2.459278575e-183,"4","ADK"
9.83860967605708e-186,1.98712433563989,0.396,0.112,2.92275577646628e-181,"4","ANTXR2"
2.13429556219578e-184,2.24985850227933,0.257,0.048,6.340351826615e-180,"4","COX10-AS1"
3.72749251016833e-184,1.59334488597348,0.593,0.247,1.1073261999957e-179,"4","TTC39C"
9.22553277091143e-182,1.34899118373041,0.625,0.249,2.74062902025466e-177,"4","PICALM"
7.74988510826936e-180,1.28848853241719,0.6,0.223,2.30225836911358e-175,"4","VPS13B"
3.07659115999325e-176,1.36032096180606,0.693,0.338,9.13962935899196e-172,"4","SMCHD1"
5.49048631284581e-176,2.52565196495005,0.251,0.05,1.6310587689571e-171,"4","SGPP1"
2.0509528549538e-174,1.35715465164324,0.612,0.246,6.09276564621126e-170,"4","FAM172A"
7.70324538703601e-174,1.31157374404117,0.7,0.349,2.28840310712679e-169,"4","SYNE2"
2.3746529387348e-173,1.08643128780123,0.775,0.385,7.05438148509947e-169,"4","ANKRD44"
1.40940904122556e-171,1.38165776467251,0.614,0.259,4.18693143876876e-167,"4","CCDC91"
2.72214667365774e-171,1.27629890723036,0.62,0.249,8.08668112343505e-167,"4","LPP"
2.0419740747986e-170,1.29025588117083,0.611,0.244,6.06609238400421e-166,"4","STAG1"
1.09526552813708e-169,1.22769725580666,0.642,0.267,3.25370530443684e-165,"4","BIRC6"
1.47918338728566e-169,1.88462492871646,0.51,0.204,4.3942100886095e-165,"4","ATP2B1"
1.56228306163877e-166,1.90444294071288,0.329,0.085,4.64107429121029e-162,"4","ATXN7L1"
3.05411018219225e-166,2.06867796677285,0.275,0.061,9.07284511823853e-162,"4","MCF2L2"
6.23920036469129e-164,1.31010605917581,0.736,0.448,1.85347925233884e-159,"4","ANKRD12"
1.01455360401605e-163,1.50633992992353,0.433,0.137,3.01393439145049e-159,"4","MAP3K5"
1.66574677929669e-161,1.49255725034238,0.52,0.201,4.94843395725668e-157,"4","ZNF292"
2.92940735284234e-160,1.21846911579244,0.609,0.249,8.70239042308874e-156,"4","ZFAND3"
2.16468290672372e-159,1.42798479109975,0.488,0.173,6.43062351100414e-155,"4","KDM6A"
1.00547229207808e-157,1.31402318417746,0.632,0.292,2.98695653807634e-153,"4","MYCBP2"
2.16793419648874e-157,1.57460834533858,0.438,0.147,6.4402821175091e-153,"4","RPS6KA5"
4.23782184624324e-156,1.80810042228508,0.351,0.101,1.25892973586348e-151,"4","RFFL"
1.91960816205359e-155,1.07409880160103,0.663,0.29,5.70257996701259e-151,"4","ATXN1"
1.36886702587001e-154,2.11205580205174,0.27,0.063,4.06649327375204e-150,"4","C20orf194"
7.26751601997394e-153,1.67252524292107,0.403,0.131,2.15896098405366e-148,"4","PVT1"
9.28770516406699e-153,0.912296132357556,0.762,0.369,2.75909857308938e-148,"4","RABGAP1L"
2.88341702378891e-152,1.96124938439561,0.291,0.072,8.56576695256973e-148,"4","VPS54"
3.21895432167047e-151,1.20705819056037,0.632,0.282,9.56254760338647e-147,"4","BCL11B"
7.77365785357414e-150,1.18153081097156,0.631,0.286,2.30932053856127e-145,"4","ASH1L"
3.89230229781481e-149,1.54280738811783,0.426,0.143,1.15628624361185e-144,"4","FNDC3A"
6.92599853331723e-149,1.21527648797707,0.579,0.242,2.05750638429255e-144,"4","RUNX1"
9.89474126339611e-149,1.23709970072799,0.564,0.225,2.93943078711708e-144,"4","DOCK2"
3.98639043724795e-148,1.3678975185238,0.561,0.24,1.18423700719325e-143,"4","WNK1"
5.81978839757297e-148,1.90567448556562,0.407,0.138,1.728884539267e-143,"4","THADA"
6.98467028861032e-148,2.16189307929478,0.274,0.068,2.07493600263747e-143,"4","ATP13A3"
8.12676980032525e-147,1.267171360001,0.534,0.211,2.41421950458262e-142,"4","HERC1"
1.30397000395357e-146,2.18915356631698,0.291,0.078,3.87370369074488e-142,"4","CTLA4"
1.45130515468124e-146,1.35479873851014,0.536,0.219,4.31139222301157e-142,"4","TBL1XR1"
6.57970618547899e-146,2.02898156574679,0.286,0.074,1.95463331652024e-141,"4","TULP4"
4.20909732967137e-145,1.73547081442846,0.358,0.109,1.25039654372547e-140,"4","RANBP9"
1.61769896655695e-144,1.08462029743481,0.684,0.344,4.80569831995074e-140,"4","RIPOR2"
1.63211187834177e-144,2.12131646297301,0.314,0.089,4.84851475698988e-140,"4","MALT1"
5.73058913599375e-144,1.42642713620288,0.405,0.132,1.70238611462966e-139,"4","RFX3"
7.38862176697388e-143,1.23907271173542,0.509,0.193,2.19493786831493e-138,"4","NCOA2"
7.57956325227029e-143,1.58339504184139,0.404,0.136,2.25166085535194e-138,"4","ZNF831"
6.87619862040024e-142,1.28081654031584,0.529,0.208,2.0427123241623e-137,"4","TBC1D5"
1.14608390479806e-141,1.7417420555278,0.429,0.16,3.40467145598359e-137,"4","SAMHD1"
1.07581370345664e-139,1.17656512711736,0.527,0.204,3.19591976885865e-135,"4","FBXL17"
2.53218617208986e-139,1.47683972158479,0.427,0.149,7.52236546142735e-135,"4","MYO5A"
5.37707538613519e-138,1.358684940425,0.574,0.275,1.59736778495918e-133,"4","USP15"
1.87840583833e-137,0.669466362027482,0.894,0.497,5.58018022392693e-133,"4","ARHGAP15"
7.32194025542819e-137,1.45830480625647,0.461,0.177,2.17512879168005e-132,"4","ITFG1"
2.00345782754105e-136,1.82926662306662,0.326,0.098,5.95167216827621e-132,"4","PHKB"
7.93485834701826e-136,1.71088171311117,0.367,0.122,2.35720836914871e-131,"4","HNRNPLL"
1.0588602826e-135,1.08680192030349,0.646,0.306,3.14555624151983e-131,"4","DOCK8"
4.51520714609694e-135,2.14018011360982,0.316,0.097,1.34133258689102e-130,"4","ICOS"
1.31075486270578e-134,1.25290429557651,0.519,0.21,3.89385947064005e-130,"4","HERC4"
7.98040021682539e-134,1.37444802764692,0.456,0.173,2.37073749241232e-129,"4","NCALD"
1.16256636662629e-132,1.72177331268992,0.358,0.117,3.45363590533671e-128,"4","KAT2B"
1.60189681996309e-132,1.22942235973684,0.512,0.204,4.75875488306436e-128,"4","VTI1A"
1.42161431099279e-131,1.40415884691569,0.459,0.179,4.22318963366627e-127,"4","ARHGAP25"
3.2963711425619e-131,1.84966978455389,0.27,0.071,9.79252975320863e-127,"4","UBASH3B"
4.08917816669252e-131,1.08009698333252,0.58,0.251,1.21477215797935e-126,"4","ELMO1"
6.6950283437673e-131,1.21802324479519,0.522,0.213,1.98889207008295e-126,"4","FAF1"
3.54098565229772e-130,1.38135440395505,0.38,0.124,1.05192060772808e-125,"4","FTO"
4.64753266929705e-130,1.51434719133767,0.429,0.163,1.38064253006808e-125,"4","RASGRP1"
1.45832228984716e-128,1.41095084537772,0.41,0.145,4.33223802644895e-124,"4","CAMKMT"
2.35496538903618e-128,1.43125093132987,0.411,0.146,6.99589568120979e-124,"4","PHF21A"
1.63927856244737e-127,1.30660769247273,0.435,0.161,4.86980482546239e-123,"4","ARID2"
3.94385276945119e-127,1.53718328634473,0.338,0.104,1.17160034222086e-122,"4","LINC01578"
5.26566157245274e-127,1.41352477064065,0.503,0.216,1.56427008332853e-122,"4","EPB41"
5.45696573162461e-127,0.70470084126773,0.869,0.502,1.62110080989372e-122,"4","MBNL1"
1.28928994256956e-125,1.90947038600187,0.306,0.095,3.83009363239139e-121,"4","GBP5"
1.94604092545034e-125,1.92430271166201,0.277,0.077,5.78110377723534e-121,"4","STAMBPL1"
2.12323157428607e-125,1.60135912907694,0.394,0.146,6.30748403773164e-121,"4","VOPP1"
2.89861008776123e-125,1.37189614331392,0.51,0.224,8.61090098771228e-121,"4","SRPK2"
1.01070982076122e-123,1.15602645014506,0.594,0.303,3.00251566453537e-119,"4","RORA"
1.0721573535724e-123,1.43175340761697,0.41,0.15,3.18505785025753e-119,"4","DLG1"
1.24621806818519e-123,1.16301835142077,0.49,0.194,3.70214001515774e-119,"4","BTBD9"
1.92668842626636e-123,1.46305895130705,0.389,0.138,5.72361330790949e-119,"4","UBR5"
3.01107634199319e-123,1.29639033155596,0.522,0.236,8.94500448915916e-119,"4","OGA"
4.53350853199198e-123,1.04214696842987,0.634,0.314,1.34676937959886e-118,"4","ARID1B"
4.88150277295418e-123,1.5404985687578,0.362,0.121,1.4501480287615e-118,"4","EXOC6B"
6.31489722781243e-123,1.33457567075454,0.422,0.156,1.87596651946624e-118,"4","EIF4G3"
1.38183736598011e-122,1.71621282760634,0.343,0.114,4.10502426311712e-118,"4","DDHD1"
1.78735512312281e-121,1.17997314124413,0.461,0.18,5.30969586426093e-117,"4","FUT8"
1.86471850516746e-121,1.03371083703181,0.653,0.335,5.53951926330097e-117,"4","CBLB"
2.64621240992388e-120,1.23374068036606,0.471,0.188,7.86110320616088e-116,"4","PUM2"
3.24580691053003e-119,1.24152533907432,0.506,0.22,9.64231858911155e-115,"4","EPS15"
4.09584926163731e-119,1.55036067806912,0.348,0.116,1.2167539401546e-114,"4","RFX7"
4.31967066084717e-119,1.28970225842818,0.432,0.165,1.28324456321787e-114,"4","MKLN1"
5.26140961433733e-119,1.78453154463069,0.291,0.087,1.56300695413119e-114,"4","SESN3"
7.46551849418169e-119,1.22775634948298,0.481,0.197,2.21778157906656e-114,"4","VPS13C"
1.07897942527051e-118,1.19674760750374,0.453,0.176,3.20532417865111e-114,"4","BCAS3"
6.68123960600422e-118,1.20289245694008,0.617,0.346,1.98479584975567e-113,"4","ETS1"
2.13414363564175e-117,1.73752969510574,0.261,0.071,6.33990049840095e-113,"4","RFX3-AS1"
2.92832363840152e-117,1.34226539035918,0.377,0.131,8.69917103259939e-113,"4","ATP9B"
9.76217523732426e-116,1.11026704187229,0.558,0.257,2.90004939775192e-111,"4","USP34"
1.49164798967347e-115,1.86706282236623,0.264,0.074,4.43123868292297e-111,"4","SAMD12"
2.83600211495924e-115,1.28193322888056,0.393,0.141,8.42491148290941e-111,"4","SEPTIN6"
3.9723931204051e-114,1.64533259284863,0.313,0.101,1.18007882427874e-109,"4","MAP3K1"
8.90675492329867e-114,0.890553284415438,0.598,0.275,2.64592968506434e-109,"4","DOCK10"
2.02280333163925e-113,1.32100910323426,0.578,0.316,6.00914185730071e-109,"4","ARID5B"
2.60440440965447e-113,1.24037895318928,0.435,0.171,7.73690417976053e-109,"4","HIVEP2"
4.80814547754638e-113,1.33702089485761,0.591,0.333,1.4283557770147e-108,"4","RAP1A"
5.23164936512888e-113,1.45504273779849,0.379,0.139,1.55416607689884e-108,"4","TRPS1"
6.06251281629947e-113,1.10402275126283,0.524,0.233,1.80099068233808e-108,"4","PDE3B"
3.90437375572967e-112,1.12966198396487,0.555,0.267,1.15987231161461e-107,"4","PAN3"
3.4731678805536e-111,1.30160767512013,0.409,0.157,1.03177398227606e-106,"4","CAMK2D"
7.46908587505468e-111,1.47615936421877,0.369,0.138,2.21884134090249e-106,"4","IFNAR2"
6.30960959422712e-110,1.30821682194023,0.471,0.208,1.87439572215705e-105,"4","ITK"
1.32752273881493e-109,1.27979959261138,0.45,0.19,3.94367180019751e-105,"4","ZMYM2"
1.96126931941549e-109,0.855079056948184,0.602,0.276,5.8263427671876e-105,"4","MAML2"
3.25047031635253e-109,1.25347219735766,0.519,0.249,9.65617216878847e-105,"4","APBB1IP"
3.40009050062348e-109,1.43445990968996,0.409,0.167,1.01006488502022e-104,"4","ASXL1"
7.6093075099765e-109,1.47742052084937,0.335,0.115,2.26049698198872e-104,"4","PSME4"
1.19938257153949e-108,1.96987967089233,0.316,0.113,3.56300580527237e-104,"4","MIR4435-2HG"
1.3042391597636e-108,1.5124347796755,0.277,0.082,3.87450327190972e-104,"4","EXT1"
2.4643709502482e-108,1.2407150924251,0.439,0.18,7.32090678190232e-104,"4","ERBIN"
6.93443009341662e-108,1.28453415498073,0.424,0.172,2.06001114785128e-103,"4","ACAP2"
1.97628393270081e-107,1.30406178881041,0.408,0.161,5.87094667887429e-103,"4","TNRC6A"
4.28906494398756e-107,1.77866034785166,0.257,0.076,1.27415252291038e-102,"4","AHR"
4.65992520284826e-107,1.83146191017255,0.29,0.096,1.38432398001013e-102,"4","MAF"
6.96885043734314e-107,1.12598628363495,0.646,0.392,2.07023639942153e-102,"4","CD247"
1.14386923057153e-106,1.74300042610266,0.288,0.093,3.39809232325884e-102,"4","AFTPH"
6.51066165855648e-106,1.39606138330945,0.375,0.14,1.93412225890737e-101,"4","SLC9A9"
8.99572065256608e-106,1.11314211325054,0.426,0.169,2.67235873425781e-101,"4","SIPA1L1"
1.45462651252161e-105,1.34524503000436,0.446,0.196,4.32125898074794e-101,"4","CCM2"
1.7611881681699e-105,1.19142223304332,0.429,0.174,5.23196169118231e-101,"4","MDFIC"
5.46637260415957e-105,1.68219260629466,0.25,0.072,1.62389530951768e-100,"4","AF165147.1"
1.16870757054185e-104,1.4471966199443,0.374,0.146,3.47187957980869e-100,"4","ADAM10"
3.28758204357061e-104,0.934460326811366,0.71,0.458,9.76641997683521e-100,"4","FYN"
1.22709181121089e-103,1.41940347054493,0.36,0.136,3.64532164356418e-99,"4","RAP1GDS1"
3.82564636950811e-103,1.07127103916401,0.511,0.235,1.13648476698978e-98,"4","RASA2"
1.75315657280084e-102,1.73549148619262,0.337,0.129,5.20810223081945e-98,"4","EPSTI1"
3.68564232651356e-102,1.09776562015901,0.494,0.221,1.09489376593738e-97,"4","KMT2C"
7.81050949463664e-102,0.76653188220211,0.71,0.387,2.32026805557171e-97,"4","ZBTB20"
1.01335295045724e-101,0.864276045846944,0.681,0.391,3.01036760992333e-97,"4","PRKCH"
1.86461051241663e-101,1.46048163532155,0.305,0.103,5.53919844923609e-97,"4","NF1"
2.36681741197436e-101,1.47405006063361,0.334,0.122,7.03110448575223e-97,"4","RFTN1"
1.87898268719017e-100,1.51511648881177,0.322,0.116,5.58189386883583e-96,"4","ANKH"
3.56777160006554e-100,1.6794153819271,0.275,0.088,1.05987790923147e-95,"4","TDRD3"
7.37803253161298e-100,1.0755797638197,0.419,0.166,2.19179212416627e-95,"4","TRAPPC9"
8.49496017686758e-100,1.22394887082276,0.387,0.151,2.52359781974205e-95,"4","RAD51B"
1.08435589978552e-99,1.31234239512403,0.345,0.126,3.22129607149284e-95,"4","ZDHHC20"
1.14278535446488e-99,1.30029686434035,0.4,0.164,3.39487245250883e-95,"4","CUL3"
2.2647963935626e-99,1.05248203829357,0.432,0.175,6.72803064635641e-95,"4","SPIDR"
4.16205092139096e-99,0.927700933082709,0.549,0.253,1.23642046721761e-94,"4","PCNX1"
5.42484514991304e-99,1.26804631319852,0.363,0.138,1.61155874868467e-94,"4","MED13"
5.51961124355804e-99,0.951560089495865,0.635,0.369,1.63971091212379e-94,"4","FNBP1"
5.91955644259083e-99,1.41327023332649,0.31,0.106,1.75852263240046e-94,"4","WDR7"
1.72364039936369e-98,1.35687448627272,0.342,0.127,5.12041853438971e-94,"4","GMDS"
3.72570936774618e-98,1.53361452774837,0.301,0.104,1.10679648187636e-93,"4","RAB3GAP1"
1.04272864838742e-97,1.40457700450754,0.371,0.148,3.09763399576451e-93,"4","LRRC8C"
3.02531278076169e-97,1.34504045370281,0.435,0.201,8.98729667780876e-93,"4","ABI1"
6.08000278570466e-97,1.16350832312584,0.459,0.2,1.80618642754928e-92,"4","PACS1"
1.02210364308817e-96,1.20270319559977,0.374,0.142,3.03636329252201e-92,"4","RESF1"
1.96215760149402e-96,1.35082312171735,0.385,0.159,5.82898158675828e-92,"4","NCK2"
3.35192274314655e-96,1.06278550826907,0.477,0.217,9.95755689306545e-92,"4","CEP85L"
4.67071808033947e-96,1.06769210239878,0.447,0.19,1.38753022012645e-91,"4","PPP6R3"
1.77579697327004e-95,0.799402457173213,0.701,0.431,5.27536006849332e-91,"4","CELF2"
2.40701644237521e-95,1.68322342044588,0.257,0.082,7.15052374536405e-91,"4","CNST"
2.78421810447735e-95,1.36763882560175,0.303,0.104,8.27107672297088e-91,"4","GMDS-DT"
3.10086061630755e-95,1.09949930681662,0.441,0.19,9.21172663286484e-91,"4","DYRK1A"
5.09142754075466e-95,1.4052588660047,0.334,0.125,1.51251037953199e-90,"4","ST8SIA4"
5.95343053974735e-95,1.16140864212951,0.432,0.185,1.76858561044275e-90,"4","ANKRD17"
1.93522887313997e-94,1.38918126233752,0.358,0.142,5.74898441343692e-90,"4","GPCPD1"
9.07221406750252e-94,1.16394649923606,0.448,0.201,2.69508263303297e-89,"4","PIAS1"
6.49297840100853e-93,1.17927565739523,0.427,0.185,1.9288690935876e-88,"4","FBXW7"
1.03694845976031e-92,1.14920113882356,0.347,0.129,3.08046278940996e-88,"4","AFF1"
1.99405612639085e-92,1.43643406287726,0.293,0.101,5.92374253466928e-88,"4","TPK1"
5.65557445392423e-92,1.15981227106118,0.397,0.165,1.68010150302727e-87,"4","MLLT3"
9.02040886035964e-91,1.0649365731379,0.409,0.17,2.67969286014704e-86,"4","SLFN12L"
9.38690354241849e-91,1.20179717079073,0.36,0.141,2.78856743534626e-86,"4","MON2"
5.68931434646368e-90,1.24236527701111,0.355,0.14,1.69012461290397e-85,"4","DOCK11"
7.50072976522665e-90,1.32453642344026,0.294,0.102,2.22824179135588e-85,"4","ABCC1"
1.24998144379709e-89,1.24373236029187,0.352,0.137,3.71331987508802e-85,"4","ERC1"
1.31204093027316e-89,1.14677920848473,0.403,0.173,3.89767999156247e-85,"4","FBXO11"
1.50878897078103e-89,1.40485027152153,0.278,0.094,4.48215939549921e-85,"4","SLC39A11"
1.88837455946775e-89,1.43947289335177,0.277,0.094,5.60979430381086e-85,"4","PBX3"
2.09329207468869e-89,0.858204070760448,0.636,0.366,6.2185427662777e-85,"4","EML4"
6.2267422284443e-89,1.07191875470199,0.444,0.201,1.84977831380395e-84,"4","PAG1"
7.65737493732902e-89,1.49685614628869,0.285,0.101,2.27477637263233e-84,"4","SCLT1"
1.43879902881159e-88,1.26512127625993,0.312,0.113,4.27424027489058e-84,"4","UMAD1"
1.48045219755908e-88,1.26242533132086,0.29,0.099,4.39797934328875e-84,"4","UBR3"
2.17397222266117e-88,0.87034450936005,0.497,0.227,6.45821928185954e-84,"4","MED13L"
2.33683432328741e-88,1.05642025925087,0.432,0.188,6.9420337241899e-84,"4","COP1"
2.38010405588753e-88,1.21642811448608,0.292,0.101,7.0705751188251e-84,"4","DLEU1"
2.6945959403904e-88,0.917235416413864,0.631,0.386,8.00483616011776e-84,"4","AKAP13"
2.95146474110419e-88,1.10300727039718,0.439,0.198,8.76791630639821e-84,"4","NEK7"
8.50890245434337e-88,1.47008688769339,0.273,0.094,2.52773965211179e-83,"4","N4BP1"
3.63323148202523e-87,1.13944277985856,0.382,0.157,1.07932407636523e-82,"4","PPP1R16B"
6.89650911638503e-87,1.01871305115049,0.431,0.188,2.0487459632045e-82,"4","RAPGEF6"
7.8400960773628e-87,1.11820796491277,0.389,0.162,2.32905734170217e-82,"4","ARFGEF1"
8.44610841340393e-87,1.24088877080094,0.336,0.13,2.50908542636991e-82,"4","RNGTT"
9.59704329310014e-87,1.39774271645702,0.256,0.084,2.85099365108126e-82,"4","DTNB"
1.52027138258629e-86,1.04537665059924,0.383,0.156,4.51627019624909e-82,"4","FCHSD2"
2.47039264138257e-86,1.40214270964583,0.408,0.195,7.33879541975521e-82,"4","SMAP2"
2.50010771110085e-86,1.00885777074037,0.422,0.182,7.42706997736728e-82,"4","COG5"
5.399364647257e-86,1.16525738486681,0.335,0.128,1.60398925576064e-81,"4","SCAF8"
7.33134526982052e-86,1.38608476589056,0.358,0.151,2.17792273930558e-81,"4","PRDM2"
8.24842245255205e-86,1.13281913754295,0.393,0.167,2.45035885797964e-81,"4","XRN1"
1.81289864168648e-85,1.08617419570442,0.543,0.306,5.38557799485803e-81,"4","SH3KBP1"
1.02274184516303e-84,1.1534261235959,0.475,0.241,3.03825919942581e-80,"4","RNF19A"
1.31763095654413e-84,1.23220215753444,0.309,0.115,3.91428628260565e-80,"4","RNF111"
1.96799274679786e-84,1.18266478374593,0.382,0.165,5.8463160529124e-80,"4","DENND1B"
2.75726781404038e-84,1.03817006889376,0.406,0.173,8.19101549516975e-80,"4","ETV6"
3.13429549310254e-84,1.13645798948105,0.389,0.167,9.31105162135971e-80,"4","ANKHD1"
4.16497088840751e-84,0.956387811477811,0.456,0.21,1.23728790181922e-79,"4","ZCCHC7"
7.71200246089229e-84,1.27133119339762,0.293,0.105,2.29100457105727e-79,"4","DIP2B"
8.08663183827248e-84,1.23702994456293,0.352,0.143,2.40229572019561e-79,"4","ASCC3"
8.8755432928602e-84,0.978022250349225,0.553,0.305,2.63665764600998e-79,"4","DDX17"
9.8144373472192e-84,1.01931918186111,0.464,0.222,2.91557490273841e-79,"4","MBD5"
1.07158515881308e-83,1.15569725802695,0.364,0.149,3.183358031286e-79,"4","DYM"
1.35131335549481e-83,1.1523826780573,0.388,0.168,4.01434658516844e-79,"4","SETD2"
1.38974822110452e-83,0.907443255801894,0.639,0.392,4.1285250404352e-79,"4","FOXP1"
1.70770711603323e-83,1.22731825394071,0.354,0.145,5.07308552959991e-79,"4","WWP1"
1.9183601531638e-83,1.59803828695353,0.36,0.16,5.6988725070037e-79,"4","PDE4D"
2.35408147813358e-83,1.14528609382032,0.338,0.132,6.99326984709142e-79,"4","TNKS"
7.71564727386918e-83,1.40683309809489,0.263,0.09,2.29208733564832e-78,"4","WWP2"
1.06302397635134e-82,1.50097127851212,0.295,0.112,3.15792532654692e-78,"4","GOLGA8B"
1.86675530646135e-82,1.09205116790024,0.406,0.182,5.54556998890474e-78,"4","SLC4A7"
1.89222374600156e-82,1.44778422077083,0.254,0.085,5.62122908224683e-78,"4","BMPR2"
2.32678221132758e-82,1.28877559539475,0.436,0.219,6.91217191519084e-78,"4","TANK"
3.20291595546996e-82,1.81833588479817,0.25,0.088,9.51490242891462e-78,"4","RAB11FIP1"
5.4671756488807e-82,0.823779177803337,0.558,0.289,1.62413387001299e-77,"4","SSH2"
1.16683842694148e-81,1.01486781246442,0.388,0.164,3.46632691491504e-77,"4","SENP7"
2.5756007998152e-81,1.06695202900485,0.409,0.181,7.65133729601103e-77,"4","FRYL"
2.86024625216092e-81,1.09686407020157,0.382,0.163,8.49693354129445e-77,"4","PHC3"
8.41985011457124e-81,1.1498146611267,0.362,0.152,2.50128487353568e-76,"4","AP3B1"
1.41749558834032e-80,1.32596997289556,0.28,0.102,4.21095414428259e-76,"4","FBXW11"
3.5165730750108e-80,1.15794480891463,0.335,0.133,1.04466836339346e-75,"4","ATAD2B"
1.10339653934722e-79,1.15836923677982,0.357,0.151,3.2778600994388e-75,"4","NSMCE2"
1.27549442195589e-79,1.75582009069808,0.316,0.137,3.78911127930437e-75,"4","TNFRSF1B"
2.29406415370635e-79,1.05691890747935,0.416,0.192,6.81497638141544e-75,"4","GLG1"
5.18801852113529e-79,0.978979269267222,0.532,0.298,1.54120466207366e-74,"4","ANKRD11"
5.75505774943926e-79,1.27191235868749,0.316,0.125,1.70965500562592e-74,"4","ANKIB1"
7.98741702639394e-79,1.38555420509934,0.338,0.146,2.37282197603085e-74,"4","PAK2"
1.03651291759183e-78,1.34112040733057,0.28,0.103,3.07916892429006e-74,"4","CDR2"
1.27561818998976e-78,1.11164464441097,0.335,0.134,3.78947895700258e-74,"4","ZNF407"
2.6416138722465e-78,1.17195679961958,0.326,0.133,7.84744233028269e-74,"4","STAT5B"
3.49473313762961e-78,1.15540163731578,0.267,0.093,1.03818037319563e-73,"4","RELCH"
5.33928966808282e-78,1.26676649516613,0.254,0.087,1.58614278169736e-73,"4","CCDC18-AS1"
8.92502678073831e-78,1.32521542815377,0.311,0.124,2.65135770575393e-73,"4","WDR26"
2.3807595550838e-77,1.05433598024209,0.362,0.152,7.07252241028744e-73,"4","ATP11B"
2.09219814532945e-76,0.747750393165026,0.521,0.255,6.2152930303302e-72,"4","KLF12"
2.16743650801837e-76,1.0519062496826,0.39,0.176,6.43880363437018e-72,"4","GSK3B"
2.30814036085115e-76,1.58471999605721,0.254,0.094,6.85679256998051e-72,"4","IPCEF1"
2.90911091333758e-76,1.02649375490201,0.44,0.215,8.64209579025196e-72,"4","CDK13"
3.99516971782095e-76,1.1165594339125,0.329,0.133,1.18684506807307e-71,"4","FARS2"
3.23928598913058e-75,0.944092956552124,0.4,0.178,9.62294688791023e-71,"4","ITPR2"
1.82792663191536e-74,1.06289259659557,0.491,0.277,5.43022164543097e-70,"4","ATRX"
2.38726753260788e-74,1.21981004743656,0.341,0.147,7.09185565911822e-70,"4","JPX"
2.55744336785586e-74,1.07447758896735,0.341,0.141,7.59739701288941e-70,"4","DIAPH2"
2.74541343733002e-74,1.01931054435461,0.461,0.237,8.15579969827628e-70,"4","GLS"
2.92651288879308e-74,1.47460047100576,0.261,0.098,8.69379183873759e-70,"4","LMBRD1"
3.15015984470221e-74,0.890540169871076,0.477,0.24,9.35817985065686e-70,"4","NIPBL"
3.45038028555319e-74,1.1067112566718,0.371,0.166,1.02500447142929e-69,"4","PTPRA"
3.53816144779527e-74,1.23105222903814,0.291,0.112,1.05108162129654e-69,"4","FBXL20"
4.03236148417184e-74,1.12448499044936,0.354,0.155,1.19789362610293e-69,"4","PSPC1"
4.31045920129056e-74,1.08410830733736,0.365,0.16,1.28050811492739e-69,"4","PDS5A"
9.25446385712479e-74,0.937581575333825,0.371,0.16,2.74922357803606e-69,"4","ESYT2"
1.45060747184995e-73,0.913817660704558,0.528,0.302,4.30931961662464e-69,"4","CNOT6L"
1.50085423845478e-73,1.00934950542847,0.361,0.154,4.45858768617763e-69,"4","CLASP1"
1.64985055818384e-73,0.959505723325287,0.375,0.163,4.90121105319674e-69,"4","CAMK1D"
1.81306278571253e-73,1.22490664561381,0.293,0.115,5.38606561751621e-69,"4","PPP3CB"
9.60663549499217e-73,1.02261067766592,0.416,0.201,2.85384320649732e-68,"4","STK10"
1.22527168974603e-72,1.1640487681705,0.312,0.126,3.63991460872854e-68,"4","VPS13D"
1.6524489438003e-72,1.27145523943322,0.31,0.129,4.90893007734755e-68,"4","RB1CC1"
2.12221853781413e-72,1.19276000960091,0.309,0.125,6.30447461028442e-68,"4","TRPM7"
3.91584639115756e-72,1.09270029475108,0.325,0.135,1.16328048742118e-67,"4","CREBBP"
4.45297010433517e-72,1.27908751674294,0.25,0.089,1.32284382889485e-67,"4","PCCA"
4.63923901569216e-72,1.2469107259245,0.295,0.117,1.37817873439167e-67,"4","FAM214A"
4.67073748871334e-72,1.16646544823883,0.294,0.115,1.38753598577207e-67,"4","PIK3R5"
4.77146239036896e-72,1.05871603494713,0.35,0.152,1.41745833230691e-67,"4","TRIP12"
5.36625124516251e-72,1.23874734772855,0.284,0.11,1.59415225740043e-67,"4","NBAS"
7.90087269862346e-72,0.952939186587135,0.367,0.16,2.34711225258007e-67,"4","KIAA1109"
1.19292221128458e-71,0.684135797277239,0.658,0.404,3.5438140130631e-67,"4","TNRC6B"
1.54640274203313e-71,1.0293878492242,0.553,0.344,4.59389862575781e-67,"4","CLEC2D"
1.83858870619992e-71,1.00554077710195,0.455,0.237,5.46189546950811e-67,"4","BPTF"
3.03895013882918e-71,0.998692484686472,0.391,0.179,9.02780917741985e-67,"4","ZNF638"
3.30624192717404e-71,1.32987566795684,0.25,0.092,9.82185289305592e-67,"4","GPR155"
3.33889529056992e-71,1.1140239065192,0.348,0.153,9.91885623969605e-67,"4","BRWD1"
7.92491525738833e-71,1.05954573109904,0.332,0.139,2.35425457551235e-66,"4","RASA1"
1.35354712732026e-70,1.21196638762117,0.254,0.093,4.02098245113029e-66,"4","NRF1"
1.83525522049976e-70,1.20184062461949,0.306,0.126,5.45199268353863e-66,"4","USP9X"
2.48097449586949e-70,1.12343191605513,0.319,0.132,7.3702309348795e-66,"4","ANKRD36"
3.01024831694217e-70,1.17203633261446,0.353,0.16,8.94254467514012e-66,"4","PUM1"
5.82684040416949e-70,1.23518774367085,0.298,0.121,1.73097947886663e-65,"4","RPRD2"
1.20716979175809e-69,0.908584182880997,0.399,0.183,3.58613930037577e-65,"4","TBC1D22A"
1.31306096523365e-69,0.866504192774648,0.369,0.162,3.90071020941961e-65,"4","WWOX"
4.30454615300388e-69,0.925941276280007,0.451,0.235,1.27875152567286e-64,"4","RBM6"
5.08337072297324e-69,1.22282389137697,0.316,0.135,1.51011694067366e-64,"4","STX8"
7.27080492853166e-69,0.970781962606288,0.4,0.188,2.1599380201189e-64,"4","RICTOR"
8.14769481341417e-69,1.00016300684302,0.362,0.162,2.42043569822095e-64,"4","SCAPER"
1.48401383895169e-68,0.664291223595668,0.497,0.248,4.40855991137379e-64,"4","SIK3"
2.50336003529558e-68,0.885656932167659,0.484,0.255,7.43673165685257e-64,"4","KANSL1"
3.42180128368764e-68,1.13787308166572,0.277,0.108,1.01651450734509e-63,"4","PTBP2"
4.49859622398562e-68,1.17534578619587,0.345,0.157,1.33639798025941e-63,"4","BABAM2"
8.2704012129425e-68,1.09315835654181,0.384,0.185,2.45688808832883e-63,"4","ZNF148"
1.26157462448729e-67,1.22863587653399,0.269,0.104,3.74775973696441e-63,"4","SPG11"
1.78790779516307e-67,1.24499349856032,0.251,0.093,5.31133768709094e-63,"4","INO80D"
3.89837504676382e-67,1.54131130966339,0.306,0.138,1.15809027514213e-62,"4","ANKRD10"
1.54400375911797e-66,1.14385207169255,0.4,0.206,4.58677196721175e-62,"4","PHIP"
2.31355713302739e-66,1.09729705083028,0.351,0.161,6.87288417508448e-62,"4","MARK3"
4.22372531461425e-66,0.943913777016215,0.466,0.253,1.25474207921246e-61,"4","CHD2"
4.80755955964588e-66,0.749130257277836,0.649,0.445,1.428181718384e-61,"4","CDC42SE2"
1.09073263246206e-65,1.27549416108269,0.277,0.114,3.24023943125503e-61,"4","USP48"
1.54253601465676e-65,1.29063133735613,0.258,0.1,4.58241173874083e-61,"4","SEL1L3"
1.72630318103241e-65,0.977656906470033,0.369,0.171,5.12832885989298e-61,"4","CDC14A"
2.2055407256216e-65,1.12186618816506,0.325,0.144,6.5519998336041e-61,"4","EHMT1"
5.32204740728532e-65,0.994094164378673,0.388,0.191,1.58102062328225e-60,"4","GPATCH8"
5.42871101243776e-65,1.11553084118134,0.306,0.13,1.61270718046489e-60,"4","WDR70"
5.95642633385906e-65,1.15935313797871,0.291,0.121,1.76947557099951e-60,"4","UHRF2"
7.32636146475965e-65,1.21329879370819,0.267,0.105,2.17644220033615e-60,"4","POU2F1"
8.70815891866946e-65,0.969764752957437,0.29,0.116,2.58693276996914e-60,"4","SNHG14"
3.97079046829134e-64,1.3687080612755,0.266,0.109,1.17960272441531e-59,"4","SMC5"
4.4788522171069e-64,1.19763867411096,0.33,0.153,1.33053262813595e-59,"4","PTEN"
9.18525318671434e-64,1.09478795805946,0.284,0.116,2.72866316417723e-59,"4","BICRAL"
1.5762935288262e-63,0.932763605873185,0.355,0.161,4.68269518608399e-59,"4","USP25"
2.70438817653008e-63,1.07385883464097,0.354,0.166,8.03392595601792e-59,"4","JARID2"
3.45320509914903e-63,0.965437386421092,0.425,0.221,1.0258436388042e-58,"4","PCM1"
3.52616562829826e-63,0.991556367190994,0.371,0.176,1.04751802319856e-58,"4","OGT"
4.48143127590049e-63,1.1108477573742,0.322,0.144,1.33129878913176e-58,"4","RBM33"
4.52047048884057e-63,1.34653744078478,0.251,0.099,1.34289616811987e-58,"4","CLIP1"
7.04084459741021e-63,1.1979143367302,0.311,0.138,2.09162370455265e-58,"4","MAP3K2"
1.08636651077608e-62,1.14053859733057,0.26,0.102,3.2272689935625e-58,"4","R3HDM1"
3.26307214721665e-62,1.09851643423761,0.282,0.117,9.69360842773649e-58,"4","TAOK1"
4.89976061566021e-62,0.962436349412287,0.387,0.19,1.45557188609418e-57,"4","KAT6A"
6.53105535099514e-62,1.090249685076,0.323,0.145,1.94018061312013e-57,"4","GNAQ"
1.72966145934486e-61,1.16357696290255,0.301,0.132,5.13830529727577e-57,"4","UBE2H"
2.03398488949799e-61,0.93625743204962,0.383,0.187,6.04235891123168e-57,"4","STAG2"
3.21312483117369e-61,1.25293575943163,0.322,0.152,9.54522993596769e-57,"4","ELOVL5"
3.91772188225636e-61,0.974857343355967,0.334,0.15,1.1638376395619e-56,"4","RNF38"
3.96007769463722e-61,1.14856089503849,0.264,0.106,1.17642028074588e-56,"4","AVL9"
4.04683141128472e-61,1.02119661760574,0.318,0.14,1.20219220735035e-56,"4","TMEM131L"
7.45042825316037e-61,1.09007556146944,0.273,0.111,2.21329872116635e-56,"4","STXBP5"
1.4182955647792e-60,0.942393967952062,0.39,0.193,4.21333063428956e-56,"4","R3HDM2"
3.47998796515758e-60,1.11923858989168,0.277,0.115,1.03380002480936e-55,"4","UBR1"
3.56832565916867e-60,0.591184288346231,0.59,0.336,1.06004250356924e-55,"4","UTRN"
3.78121858714327e-60,0.95294138512859,0.468,0.271,1.12328660568265e-55,"4","EPC1"
4.72897688672497e-60,0.980830485905747,0.354,0.167,1.40483716373939e-55,"4","GPRIN3"
4.88058914399388e-60,0.924972611085177,0.309,0.132,1.44987661700626e-55,"4","SEPTIN7"
7.54667740606585e-60,0.927539811636071,0.549,0.357,2.24189145701998e-55,"4","RNF213"
1.02512150406579e-59,0.854776605666506,0.334,0.15,3.04532845212824e-55,"4","TRERF1"
5.07282965700087e-59,1.10148851291739,0.287,0.124,1.50698550620525e-54,"4","UVRAG"
7.90261924867993e-59,0.955642018223821,0.458,0.267,2.34763110020535e-54,"4","PPP1R12A"
8.64513217652444e-59,0.910688844941039,0.397,0.203,2.56820941568012e-54,"4","TTC17"
1.5249859444808e-58,1.16529344884627,0.268,0.112,4.5302757452691e-54,"4","GIGYF2"
2.75013509639317e-58,1.06306868075612,0.27,0.113,8.16982633085519e-54,"4","ST8SIA1"
3.36981637755993e-58,0.819426965558551,0.526,0.327,1.00107135128173e-53,"4","SP100"
1.59877953843271e-57,1.08449960098175,0.294,0.132,4.74949437482204e-53,"4","PTBP3"
2.06611894119772e-57,1.0135277123075,0.415,0.228,6.13781953861606e-53,"4","IQGAP1"
3.48405647486271e-57,1.00277599909821,0.306,0.137,1.03500865698746e-52,"4","SPPL3"
1.30002801663081e-56,1.08461255555878,0.302,0.138,3.86199322900516e-52,"4","SMARCC1"
1.6123796737266e-56,0.914257611302664,0.329,0.151,4.78989629673962e-52,"4","UBR2"
1.67873225454299e-56,1.18576190880499,0.272,0.118,4.98700990857086e-52,"4","PDS5B"
4.49979203350244e-56,1.27548359546588,0.306,0.145,1.33675321939257e-51,"4","LEF1"
4.77486056683721e-56,1.08147391887166,0.3,0.137,1.41846782859033e-51,"4","ZFR"
5.10064389266232e-56,1.19194755316524,0.275,0.121,1.5152482811932e-51,"4","TMOD3"
5.25704561274612e-56,0.987493139481171,0.275,0.116,1.56171054017849e-51,"4","SCFD2"
1.3350899723969e-55,1.11621844030369,0.272,0.117,3.96615178099948e-51,"4","STRN3"
4.05591523196139e-55,1.05780807888408,0.336,0.164,1.20489073795877e-50,"4","USP47"
4.16936260318275e-55,0.999155659212381,0.284,0.124,1.2385925485275e-50,"4","OSBPL3"
4.23106501488504e-55,1.12608358487188,0.279,0.123,1.2569224839719e-50,"4","REV3L"
4.3876012013827e-55,0.939741021846906,0.372,0.189,1.30342468889476e-50,"4","ITGAL"
6.10448173893506e-55,0.848043927186677,0.361,0.175,1.81345839018544e-50,"4","IMMP2L"
6.79225770335737e-55,0.921134462757521,0.367,0.185,2.01777599593637e-50,"4","TENT2"
7.89678591373128e-55,1.1139970353072,0.251,0.103,2.34589819139215e-50,"4","LARP4B"
1.13942534194466e-54,1.0356883947798,0.317,0.149,3.38489086331501e-50,"4","SETX"
6.20810338494019e-54,0.995476308675571,0.419,0.241,1.84424127256418e-49,"4","CFLAR"
1.19593237707648e-53,1.00623547431819,0.273,0.118,3.5527563125811e-49,"4","CLASP2"
1.21011973553002e-53,0.906656112872508,0.484,0.3,3.59490269833902e-49,"4","JAK1"
1.57851968258594e-53,0.849202333341881,0.348,0.168,4.68930842105806e-49,"4","STIM1"
2.82152144228683e-53,0.941719260650456,0.371,0.192,8.3818937486015e-49,"4","OSBPL8"
3.00094196563965e-53,1.35046583207518,0.277,0.131,8.91489829732571e-49,"4","NABP1"
3.41137324572234e-53,0.972851899226822,0.352,0.177,1.01341665010673e-48,"4","KMT2A"
1.10205621121224e-52,1.01559281021815,0.357,0.185,3.27387838664821e-48,"4","RALGAPA1"
1.21288643035526e-52,0.987417507369245,0.369,0.197,3.60312171865636e-48,"4","LCP2"
1.45015289306663e-52,0.983893721097144,0.255,0.107,4.30796919943304e-48,"4","ATG7"
1.5727171223491e-52,0.866336100535136,0.345,0.167,4.67207075536248e-48,"4","RERE"
2.15750877477359e-52,0.457616290916878,0.556,0.315,6.4093113172199e-48,"4","INPP4B"
3.39125375443539e-52,0.99716888723854,0.477,0.303,1.00743975283012e-47,"4","RHOH"
3.54415671750239e-52,0.70216135906865,0.501,0.294,1.05286263606844e-47,"4","IQGAP2"
5.72606591093524e-52,1.10609392900035,0.305,0.145,1.70104240016153e-47,"4","CAB39"
6.78480126607491e-52,1.00232906485783,0.29,0.132,2.01556091211287e-47,"4","SMG6"
1.24709359240081e-51,0.963332973831191,0.397,0.223,3.70474093494509e-47,"4","WAC"
1.2615679221413e-51,0.689408886425852,0.376,0.186,3.74773982630515e-47,"4","PRKCQ"
1.73546634624316e-51,1.00865615097726,0.275,0.123,5.15554987478457e-47,"4","RC3H1"
2.21170688532694e-51,1.11909190308182,0.28,0.129,6.57031764424074e-47,"4","NLRP1"
2.40622531390215e-51,0.878002220042869,0.337,0.164,7.14817354000913e-47,"4","ATP2B4"
2.55629680646499e-51,0.788275486698644,0.364,0.18,7.59399092296553e-47,"4","KDM4C"
1.01628326852676e-50,1.11614830847456,0.31,0.154,3.01907270581246e-46,"4","PPM1B"
1.0309325853958e-50,0.907599491413397,0.326,0.16,3.0625914314353e-46,"4","RBM26"
1.69627842503246e-50,0.883947865559949,0.297,0.138,5.03913431724393e-46,"4","MAN2A1"
1.94738075642387e-50,0.928552153695245,0.299,0.14,5.78508401310839e-46,"4","PPP6R2"
2.4521720786493e-50,1.02892618888972,0.414,0.248,7.28466759404348e-46,"4","VMP1"
2.72415540880444e-50,1.18247302041491,0.25,0.11,8.09264847293534e-46,"4","CNTRL"
2.89012613491753e-50,1.10222150158383,0.261,0.117,8.58569770899951e-46,"4","SPAG9"
3.11357339048562e-50,1.06415184211639,0.28,0.129,9.24949247111564e-46,"4","XPO1"
6.39358079819621e-50,0.929762046709397,0.266,0.117,1.89934104772015e-45,"4","BBS9"
6.51568016898017e-50,1.0824816804332,0.282,0.132,1.93561310779894e-45,"4","ZFYVE28"
1.14108915623425e-49,1.15031281801061,0.313,0.158,3.38983355642507e-45,"4","CASP8"
1.15268657399774e-49,1.13577514808832,0.293,0.143,3.42428600537508e-45,"4","CEMIP2"
3.08346673662406e-49,1.13715246024715,0.253,0.112,9.16005463448909e-45,"4","ANKRD36C"
3.16079127744645e-49,1.10243165547894,0.291,0.141,9.38976264791018e-45,"4","FUBP1"
3.32122664269508e-49,0.901048257191893,0.448,0.279,9.86636798745428e-45,"4","NCOR1"
4.07371132277822e-49,1.08209260580637,0.275,0.127,1.21017742265773e-44,"4","CEP350"
4.82056439392314e-49,0.702373145302002,0.429,0.233,1.43204506450275e-44,"4","CAMK4"
4.95697579851003e-49,1.00049053703011,0.308,0.15,1.47256880046338e-44,"4","MAP4"
5.60880176993848e-49,0.944942012530625,0.267,0.119,1.66620674179562e-44,"4","CBFA2T2"
7.11495650618263e-49,0.878092249788779,0.332,0.163,2.11364012929168e-44,"4","MAP4K4"
9.40095514832765e-49,1.10846526483687,0.276,0.128,2.7927417459137e-44,"4","SP3"
1.21055494946628e-48,0.845366547408694,0.374,0.201,3.59619558837947e-44,"4","BRAF"
1.67556515870373e-48,0.746215668670517,0.393,0.209,4.97760141696117e-44,"4","ATF7IP"
1.81629634720586e-48,0.55664279354247,0.371,0.181,5.39567155864444e-44,"4","AC079793.1"
2.16546295782878e-48,1.11392462551034,0.275,0.13,6.43294080882196e-44,"4","CREB1"
3.70930909200147e-48,0.85725007669698,0.348,0.18,1.10192445196088e-43,"4","PREX1"
5.02083289760441e-48,1.00242529371835,0.254,0.112,1.49153882889134e-43,"4","LRCH3"
6.35775815621108e-48,0.851404700710352,0.368,0.197,1.88869921546562e-43,"4","GNB1"
7.00505901915532e-48,0.984765877960591,0.29,0.138,2.08099288282047e-43,"4","RSRC1"
1.26473761222179e-47,0.947477651472888,0.303,0.146,3.75715602462726e-43,"4","STIM2"
1.52667574138693e-47,1.05506498684353,0.322,0.168,4.53529562493814e-43,"4","LINC00513"
6.7377114388805e-47,0.804141909408777,0.449,0.275,2.00157193714823e-42,"4","NR3C1"
7.84697483453421e-47,0.956423992179928,0.264,0.119,2.33110081409508e-42,"4","USP24"
1.42505571085581e-46,1.11978800479595,0.267,0.127,4.23341300023935e-42,"4","ETNK1"
2.11995093402585e-46,0.993700694317756,0.412,0.251,6.29773823971059e-42,"4","GNG2"
3.42882717074339e-46,0.815909906175129,0.29,0.136,1.01860168761274e-41,"4","ITCH"
8.57041665889358e-46,0.923722736930742,0.325,0.167,2.54601367685752e-41,"4","SENP6"
9.82612362152065e-46,0.748704845482805,0.396,0.218,2.91904654424514e-41,"4","DENND4A"
1.59585013014728e-45,0.834581173428211,0.35,0.184,4.74079198162853e-41,"4","KDM2A"
1.74890917209354e-45,1.09561955854408,0.265,0.126,5.19548447753828e-41,"4","CRLF3"
2.02913900232736e-45,0.926371080020176,0.282,0.133,6.0279632342139e-41,"4","GTDC1"
2.87063752805334e-45,1.05684914032871,0.267,0.127,8.52780290458806e-41,"4","PPP2R2B"
4.15238293001993e-45,0.9777597057513,0.313,0.162,1.23354839702102e-40,"4","PRPF4B"
7.18876502072917e-45,0.877393653620149,0.369,0.203,2.13556642470802e-40,"4","SUCLG2"
9.95639936020684e-45,1.06675980109253,0.251,0.116,2.95774755793664e-40,"4","HUWE1"
1.00647738769862e-44,0.877122709446162,0.267,0.123,2.98994237563628e-40,"4","MEF2A"
2.01920225215563e-44,0.642224886014222,0.467,0.279,5.99844413047874e-40,"4","JMJD1C"
2.8763671789963e-44,0.852515015707332,0.311,0.155,8.54482397864431e-40,"4","PKN2"
6.20671794518153e-44,0.773354542344059,0.551,0.406,1.84382969997508e-39,"4","KMT2E"
7.83932769644596e-44,1.13746652825664,0.276,0.139,2.3288290787832e-39,"4","TRIM22"
9.50696378278922e-44,0.880781976233342,0.326,0.17,2.82423373095319e-39,"4","ZNF644"
1.03479210165558e-43,0.388305426354239,0.477,0.26,3.07405689638822e-39,"4","AKT3"
1.16344584627573e-43,0.882982828713791,0.251,0.113,3.45624857553131e-39,"4","SIDT1"
1.20661642431214e-43,0.887983994636474,0.374,0.214,3.58449541170408e-39,"4","PAFAH1B1"
1.4560201782457e-43,0.787691894546708,0.335,0.174,4.3253991435145e-39,"4","GATAD2B"
1.93010348767852e-43,0.907935742810258,0.388,0.229,5.73375843084659e-39,"4","BBX"
2.73435362196751e-43,0.78815920817131,0.399,0.232,8.12294430477889e-39,"4","TAOK3"
5.12400016305301e-43,0.851939454733813,0.3,0.15,1.52218672843816e-38,"4","LNPEP"
5.33088441066689e-43,0.995636436902823,0.256,0.12,1.58364583187681e-38,"4","CNOT1"
1.21116143403314e-42,1.01400322086758,0.261,0.124,3.59799727208224e-38,"4","ADNP"
1.50602224507321e-42,0.983906399503666,0.292,0.148,4.47394028343897e-38,"4","UBE3A"
2.26769572355115e-42,0.964674906190563,0.354,0.202,6.73664368595339e-38,"4","AHNAK"
6.66035116036055e-42,0.842082442152043,0.294,0.147,1.97859051920831e-37,"4","KAT6B"
1.02962918330307e-41,0.497758007738768,0.452,0.259,3.05871941483843e-37,"4","PDE7A"
1.24024561497524e-41,0.905601727069184,0.299,0.152,3.68439764840694e-37,"4","NSD1"
1.48438951589845e-41,0.980116331293668,0.265,0.13,4.40967593487952e-37,"4","PBRM1"
1.68722490278228e-41,1.01680784578309,0.372,0.225,5.01223901869532e-37,"4","FAM107B"
2.59094562970129e-41,0.75271444788404,0.515,0.365,7.69692218215361e-37,"4","ARID4B"
2.69262287059603e-41,0.988924288964411,0.265,0.13,7.99897476167963e-37,"4","TRIM33"
2.92240375006121e-41,0.847287571422858,0.271,0.13,8.68158482030685e-37,"4","PIBF1"
9.87407744097922e-41,0.804916139246978,0.296,0.149,2.9332921853917e-36,"4","PPP3R1"
1.13569346588889e-40,0.721358667283005,0.319,0.163,3.37380457911612e-36,"4","PCNX2"
2.80592672649599e-40,0.964485208893774,0.316,0.174,8.33556652640165e-36,"4","MARCH6"
6.62400820133718e-40,0.779219642840242,0.269,0.128,1.96779411637123e-35,"4","VWA8"
1.19951305555207e-39,1.00318511786988,0.339,0.195,3.56339343412852e-35,"4","LUC7L2"
1.20735610337084e-39,0.896988612966453,0.275,0.137,3.58669277628375e-35,"4","STAU2"
1.78959192877449e-39,0.761923481636014,0.509,0.363,5.31634074281038e-35,"4","FAM49B"
2.44119683705208e-39,1.22404142211317,0.254,0.13,7.2520634438306e-35,"4","LIMS1"
5.27122266658861e-39,0.920835425316276,0.331,0.187,1.56592211756348e-34,"4","ITSN2"
5.94850391821731e-39,0.516770992489119,0.468,0.278,1.76712205898482e-34,"4","MACF1"
9.75340582803938e-39,0.726391982121377,0.288,0.144,2.89744426933566e-34,"4","STK39"
1.76703697270102e-38,0.888685068488179,0.312,0.169,5.24933673480291e-34,"4","INPP5D"
2.73305898197495e-38,0.509533684306349,0.38,0.207,8.11909831775298e-34,"4","ARAP2"
2.93919447657726e-38,0.774419444624118,0.296,0.152,8.73146503156807e-34,"4","SMG1"
3.16120111521063e-38,1.02378694313935,0.285,0.151,9.39098015295622e-34,"4","STAT1"
3.75241280347082e-38,0.851589608911129,0.338,0.191,1.11472927152708e-33,"4","UBE2K"
4.26076047859334e-38,0.866299842221713,0.254,0.123,1.26574411537572e-33,"4","FOXJ3"
4.45116323809213e-38,0.862660518995842,0.265,0.132,1.32230706314003e-33,"4","AGO3"
5.25500790180435e-38,0.888117708803931,0.361,0.215,1.56110519738902e-33,"4","RSF1"
5.36329512349378e-38,0.947637480025593,0.267,0.135,1.5932740823363e-33,"4","PPP4R3B"
2.41787924561754e-37,0.597542049568397,0.378,0.213,7.18279387495601e-33,"4","NLRC5"
3.36047166762716e-37,0.90903521063404,0.309,0.172,9.98295318302001e-33,"4","WDR33"
9.18031798111647e-37,0.851728078777544,0.296,0.161,2.72719706265027e-32,"4","DNAJB14"
1.37682611484621e-36,0.910656615654211,0.28,0.147,4.09013733937363e-32,"4","NEDD9"
2.20741739219704e-36,0.82642722081877,0.282,0.146,6.55757484699976e-32,"4","PHF3"
2.26152836361075e-36,0.945356697386666,0.277,0.148,6.71832230977847e-32,"4","MIER1"
3.17174395226822e-36,0.872399800278562,0.273,0.142,9.4222997590032e-32,"4","KIF2A"
7.69720708111523e-36,0.828929780535749,0.374,0.23,2.2866093075869e-31,"4","LSM14A"
1.20600026113992e-35,0.66104259586965,0.531,0.387,3.58266497576836e-31,"4","N4BP2L2"
1.30951733508309e-35,0.948716378696758,0.277,0.149,3.89018314733134e-31,"4","MARCH7"
4.13378194267067e-35,0.92353642987174,0.261,0.135,1.22802260170918e-30,"4","COMMD10"
6.77790942678618e-35,1.10429743579145,0.289,0.166,2.01351355341537e-30,"4","TIGIT"
1.2840730322433e-34,0.96054370341734,0.365,0.232,3.81459575688516e-30,"4","NSD3"
1.3112355797819e-34,0.801846675195606,0.367,0.226,3.8952875368581e-30,"4","ROCK1"
1.9643028965217e-34,0.828309077148944,0.262,0.135,5.83535461469701e-30,"4","RAPGEF1"
2.773893643871e-34,0.790163266462977,0.307,0.17,8.24040584784757e-30,"4","CDK17"
5.12249853249032e-34,0.803458595076244,0.329,0.19,1.5217406390469e-29,"4","CELF1"
5.42840544986524e-34,0.708902056502489,0.296,0.158,1.61261640699147e-29,"4","PRRC2B"
1.3880410882519e-33,0.744598232080567,0.315,0.176,4.12345366086992e-29,"4","DIAPH1"
1.67829731818394e-33,0.857411860307272,0.264,0.139,4.98571784312902e-29,"4","MLLT10"
1.86202956675039e-33,0.924064841372932,0.276,0.151,5.53153123394539e-29,"4","PPP2R5E"
2.07420980233776e-33,0.790219817113422,0.347,0.206,6.16185505980479e-29,"4","USP3"
2.43873914038544e-33,0.836442751173032,0.276,0.148,7.24476236434303e-29,"4","SETD5"
2.7220647201644e-33,0.916042594426429,0.294,0.167,8.08643766419239e-29,"4","RAB8B"
2.84673781755904e-33,0.999755936683115,0.282,0.16,8.45680403462264e-29,"4","PHF14"
3.83369708545677e-33,0.624532073629088,0.552,0.422,1.13887639317664e-28,"4","STK4"
4.67503866345808e-33,0.665819759649729,0.39,0.242,1.38881373575349e-28,"4","CYTH1"
7.51101672287055e-33,0.723508927147022,0.299,0.166,2.23129773786315e-28,"4","SMARCA2"
1.49724153430921e-32,0.749833912828978,0.361,0.219,4.44785542597236e-28,"4","SLC38A1"
2.12034901633422e-32,1.11438150873092,0.296,0.179,6.29892082282406e-28,"4","GBP2"
2.48493181295193e-32,0.773519372230093,0.264,0.138,7.3819869367363e-28,"4","LCOR"
3.29545882097232e-32,0.426664343421647,0.359,0.202,9.78981951946248e-28,"4","SOS1"
3.97265023836989e-32,0.851867208747569,0.29,0.162,1.18015520631254e-27,"4","MDM4"
2.48953871170103e-31,0.867731643961242,0.293,0.169,7.39567265085026e-27,"4","CCDC88C"
6.67019406474223e-31,0.915283586653481,0.273,0.155,1.98151455081297e-26,"4","BRD4"
1.06468324790131e-30,0.979040473343744,0.274,0.158,3.16285452454041e-26,"4","RAB10"
1.71861669783009e-30,0.73277837118017,0.497,0.378,5.10549462424385e-26,"4","STK17B"
3.5938276256404e-30,0.409672375487832,0.786,0.742,1.06761837274899e-25,"4","NEAT1"
4.33933443038782e-30,0.66620974357224,0.263,0.139,1.28908607923531e-25,"4","ST6GAL1"
1.14024634703316e-29,0.804280641039257,0.27,0.151,3.38732982313142e-25,"4","TAF15"
1.18296414803357e-29,0.816885379331479,0.369,0.244,3.51423159456334e-25,"4","ARIH1"
1.46527135403035e-29,0.580904613178435,0.463,0.32,4.35288161141795e-25,"4","CD96"
1.9539813797526e-29,0.750738976680982,0.291,0.165,5.80469248483106e-25,"4","HELZ"
2.31017831086056e-29,0.565455463236936,0.391,0.246,6.86284670807345e-25,"4","PPP3CA"
2.92189639802044e-29,0.605786854843299,0.61,0.525,8.68007762959933e-25,"4","CD44"
6.06991191579063e-29,0.447435612566054,0.608,0.47,1.80318873282392e-24,"4","HNRNPH1"
8.14411089937157e-29,0.9238656687889,0.314,0.196,2.41937102487631e-24,"4","NAP1L4"
9.95309319858871e-29,0.449947746652747,0.334,0.192,2.95676539650475e-24,"4","CARD11"
5.07188207840489e-28,0.667771574013166,0.28,0.158,1.50670400903174e-23,"4","IKZF3"
5.76362195115584e-28,0.779725555412418,0.27,0.153,1.71219917302986e-23,"4","URI1"
6.79497708371971e-28,0.611334262486248,0.426,0.293,2.01858384226061e-23,"4","AAK1"
9.52378371951998e-28,0.661491649735052,0.259,0.142,2.8292304295578e-23,"4","SND1"
1.58793867308823e-27,0.520702841047019,0.401,0.259,4.71728941614319e-23,"4","CCSER2"
1.10267322649982e-26,0.835822809417152,0.393,0.279,3.27571135396301e-22,"4","SAMSN1"
1.1403850316365e-26,0.509512210998035,0.551,0.425,3.38774181348254e-22,"4","FYB1"
3.46737731496923e-26,0.599695917616362,0.373,0.241,1.03005377895791e-21,"4","PRKCB"
4.07863759369158e-26,0.887182054425076,0.304,0.193,1.21164086995796e-21,"4","RBPJ"
4.69604087420225e-26,0.621928229892432,0.276,0.158,1.39505286249926e-21,"4","TNRC6C"
5.81414719976657e-26,0.664040624702483,0.316,0.194,1.72720870863465e-21,"4","PPP3CC"
9.59880386251696e-26,0.858432015343682,0.306,0.198,2.85151666343791e-21,"4","RAB2A"
1.65087233389766e-25,0.865652451018403,0.292,0.183,4.90424644230978e-21,"4","ZFAND6"
2.39514269613533e-25,0.897678704727569,0.301,0.191,7.11525040740921e-21,"4","CYLD"
7.25815462798746e-25,0.624809892891761,0.502,0.401,2.15617999533624e-20,"4","ELF1"
2.26760225610095e-24,0.798467119851748,0.261,0.155,6.7363660221991e-20,"4","ZRANB2"
4.04813598650381e-24,0.666940817174948,0.384,0.266,1.20257975751069e-19,"4","NKTR"
4.08079180506595e-24,0.71147505225627,0.283,0.173,1.21228082153094e-19,"4","MECP2"
4.80765923125746e-24,0.523750795155472,0.434,0.309,1.42821132782965e-19,"4","WIPF1"
9.86307322261855e-24,0.775234618805114,0.265,0.16,2.93002316224329e-19,"4","FNBP4"
2.75916640266426e-23,0.649135302812411,0.298,0.184,8.19665563239471e-19,"4","SYNRG"
4.17447630064963e-23,0.597487029767719,0.516,0.429,1.24011167463399e-18,"4","HNRNPC"
4.98956000767885e-23,0.734707247706366,0.259,0.156,1.48224859148116e-18,"4","CNOT4"
6.72894235492355e-23,0.702529064676129,0.318,0.205,1.99896690537714e-18,"4","GOLGA4"
6.78094506210141e-23,0.456197896185731,0.348,0.222,2.01441534959847e-18,"4","NFATC3"
9.27978704098686e-23,0.573302266898372,0.325,0.21,2.75674633626597e-18,"4","LYST"
1.45648174917103e-22,0.769250134273825,0.261,0.157,4.32677033226239e-18,"4","KDM5A"
4.63574676722448e-22,0.684712336148296,0.291,0.184,1.37714129213938e-17,"4","PYHIN1"
4.92158977813964e-22,0.831692437689672,0.264,0.166,1.46205667539194e-17,"4","HNRNPD"
1.28491051286374e-21,0.765495886431941,0.254,0.156,3.81708366056432e-17,"4","NEMF"
1.57195018169416e-21,0.822512125147209,0.311,0.212,4.66979240475885e-17,"4","TAX1BP1"
1.92394319234868e-21,0.555588019336175,0.257,0.152,5.71545804151023e-17,"4","PIK3CD"
2.62799182457065e-21,0.524898600012467,0.288,0.177,7.80697531325204e-17,"4","TUT4"
6.546853389077e-21,0.627927020505715,0.261,0.158,1.9448737362931e-16,"4","FLI1"
3.08924024261729e-20,0.683192319956036,0.257,0.161,9.17720598874319e-16,"4","TTC3"
3.39514878929828e-20,0.628750426156021,0.275,0.173,1.00859685083684e-15,"4","PTPN4"
3.4589414205366e-20,0.271111221852011,0.556,0.428,1.02754772779881e-15,"4","PIP4K2A"
5.28070222946672e-20,0.820654178042626,0.271,0.176,1.56873821130768e-15,"4","ADD3"
7.46013011107098e-20,0.494131879283342,0.455,0.346,2.21618085209586e-15,"4","IKZF1"
1.15650752004692e-19,0.728806632701776,0.283,0.187,3.43563688980338e-15,"4","DNAJC1"
1.04602550760427e-18,0.747225904048673,0.373,0.288,3.10742797544e-14,"4","UBE2D2"
3.21348346929351e-18,0.643233523264363,0.251,0.159,9.54629534223024e-14,"4","PRKACB"
8.00252973395754e-18,0.399191522091616,0.388,0.274,2.37731150806677e-13,"4","TNFAIP8"
8.1084029276022e-18,0.388337991535947,0.31,0.202,2.40876325770278e-13,"4","SYNE1"
9.49369220869611e-18,0.839436594173708,0.254,0.169,2.82029114443735e-13,"4","YTHDC1"
1.46637009421214e-17,0.448990929836961,0.377,0.271,4.35614563887601e-13,"4","EMB"
2.10600665044512e-17,0.34053650825414,0.261,0.159,6.25631395647733e-13,"4","SFMBT2"
3.6783370595524e-17,0.556349258553261,0.29,0.194,1.09272359028123e-12,"4","RBL2"
7.93841480458198e-17,0.38592987529236,0.292,0.191,2.35826488599717e-12,"4","ARHGEF3"
8.11337091892625e-17,0.667247922971626,0.277,0.188,2.41023909888542e-12,"4","CNOT2"
3.32013888912756e-16,0.617076239482209,0.328,0.237,9.86313659793123e-12,"4","SCAF11"
4.07876009698795e-16,0.273508305667994,0.403,0.283,1.21167726201221e-11,"4","ATM"
5.10888109459994e-16,0.63702172829697,0.287,0.201,1.5176953067728e-11,"4","CAST"
6.66544978241568e-16,0.657052236038585,0.318,0.234,1.98010516686223e-11,"4","ACTR2"
6.71361857951194e-16,0.622790096505424,0.291,0.203,1.99441467141561e-11,"4","AKNA"
1.06276008948774e-15,0.676936594965053,0.341,0.261,3.15714139784124e-11,"4","ITGB1"
1.64219875706577e-15,0.668281984613165,0.264,0.183,4.87847984761529e-11,"4","THRAP3"
2.43580061290401e-15,0.593987902058242,0.404,0.326,7.23603288075394e-11,"4","PRRC2C"
2.53673741174665e-15,0.631686779443215,0.414,0.344,7.53588582907578e-11,"4","ARGLU1"
8.47940866908041e-15,0.595621713905833,0.264,0.18,2.51897793332372e-10,"4","TMC8"
1.05755112384929e-14,0.627857006531814,0.352,0.271,3.1416671236191e-10,"4","CAPZA1"
2.26527932960772e-14,0.620426327060789,0.335,0.255,6.72946530446566e-10,"4","AKAP9"
2.61932512755159e-14,0.60761300387944,0.267,0.186,7.7812291564175e-10,"4","DDX6"
4.59069105784574e-14,0.712624161680091,0.25,0.174,1.36375659255423e-09,"4","SRSF4"
4.67005249469331e-14,0.278303785398961,0.345,0.239,1.38733249459854e-09,"4","RPS6KA3"
1.03649886857143e-13,0.57714092077648,0.269,0.189,3.07912718886514e-09,"4","RNF149"
4.46424421087855e-13,0.720518388256513,0.255,0.182,1.32619302772569e-08,"4","PPHLN1"
5.61935401593041e-13,0.41241752210777,0.287,0.201,1.66934149751245e-08,"4","UBAC2"
1.17310828790815e-12,0.576683918759355,0.278,0.203,3.48495279088874e-08,"4","MYH9"
1.45123979350811e-12,0.530284958605105,0.312,0.236,4.31119805457454e-08,"4","KTN1"
4.60536656311722e-12,0.600799499532808,0.279,0.208,1.36811624490523e-07,"4","CHD1"
9.74331598688508e-12,0.538502140574623,0.265,0.193,2.89444688022395e-07,"4","RAB11A"
1.36112798863747e-11,0.268117506529508,0.264,0.182,4.04350291584534e-07,"4","PRKCA"
2.08528084942595e-11,0.575116837698035,0.291,0.221,6.19474381938967e-07,"4","XRCC5"
2.40435620054605e-11,0.582248512793308,0.31,0.241,7.14262096496214e-07,"4","TRA2A"
3.94473669479213e-11,0.707732840058154,0.252,0.188,1.1718629299219e-06,"4","SLTM"
9.33930237889312e-11,0.538533934615234,0.258,0.19,2.77442655769778e-06,"4","GCC2"
1.44251860297993e-10,0.470743369973398,0.321,0.254,4.28529001387247e-06,"4","CSNK1A1"
4.29005992395342e-10,0.49135202142725,0.299,0.233,1.27444810160884e-05,"4","TRAF3IP3"
4.89793635812692e-10,0.475880361204104,0.289,0.222,1.45502995390876e-05,"4","CCNH"
1.12367401984941e-09,0.514910542642439,0.355,0.297,3.33809841076664e-05,"4","LRRFIP1"
1.92192892743182e-09,0.493124825471243,0.345,0.286,5.70947426472171e-05,"4","IFI16"
2.57177525152481e-09,0.622488755972894,0.254,0.196,7.63997273970476e-05,"4","PCSK7"
1.00119127342899e-08,0.499508927375798,0.286,0.227,0.000297423891597551,"4","ZNF207"
7.90657260962e-08,0.582567641109195,0.251,0.201,0.00234880552513981,"4","NUCKS1"
2.02096162176492e-07,0.424030796755994,0.375,0.327,0.00600367068977704,"4","SRSF11"
3.2304332445201e-07,0.608483172705481,0.263,0.219,0.00959664803949587,"4","NDFIP1"
1.30493824624171e-06,0.468238875560723,0.282,0.239,0.0387658004811024,"4","STAT3"
2.32397723018152e-06,0.292028284176338,0.253,0.2,0.0690383915770024,"4","ANKRD28"
8.6325311861373e-06,0.419377658737629,0.261,0.218,0.256446603946581,"4","MPHOSPH8"
9.25860567769412e-06,0.409535438366856,0.309,0.268,0.275045398867259,"4","PNISR"
3.31675769416372e-05,0.363285010272985,0.388,0.363,0.985309208205217,"4","RAP1B"
0.000114573365876079,0.395353796075439,0.334,0.307,1,"4","GPBP1"
0.000474776415780966,0.314884387108274,0.311,0.279,1,"4","PDCD4"
0.000702099780595722,0.457543206529216,0.26,0.234,1,"4","BAZ1A"
0.000758463380383799,0.511973096074071,0.254,0.229,1,"4","CYTOR"
0.00172471567032974,0.312478515316178,0.304,0.28,1,"4","GNAS"
0.00248076686199153,0.309553824619703,0.306,0.284,1,"4","BIRC3"
0.00370527067628156,0.424461260355012,0.267,0.25,1,"4","WSB1"
0,4.04566096450233,0.898,0.097,0,"5","GZMH"
0,3.7460909534718,0.93,0.144,0,"5","GZMB"
0,3.829080513923,0.964,0.223,0,"5","CCL4"
0,4.0023513979073,0.847,0.121,0,"5","PRF1"
0,2.82949546654675,0.995,0.298,0,"5","NKG7"
0,2.45905470944956,0.939,0.248,0,"5","GNLY"
0,6.33717052869663,0.702,0.019,0,"5","FGFBP2"
0,2.59950880654545,0.875,0.226,0,"5","CST7"
0,2.20042223376326,0.984,0.348,0,"5","CCL5"
0,2.108333569172,0.856,0.24,0,"5","CTSW"
0,2.17170644653205,0.856,0.242,0,"5","GZMA"
0,5.31527173535999,0.636,0.027,0,"5","FCGR3A"
0,2.4364348474976,0.753,0.175,0,"5","KLRD1"
0,1.70435295813901,0.932,0.386,0,"5","ID2"
0,1.942296744183,0.927,0.408,0,"5","MYL12A"
0,1.48308265355615,0.954,0.455,0,"5","SH3BGRL3"
0,1.51925375708306,0.96,0.471,0,"5","CFL1"
0,1.74449150070618,0.987,0.514,0,"5","PFN1"
0,4.29713442695986,0.553,0.082,0,"5","CCL3"
0,3.70134738875273,0.533,0.068,0,"5","CCL4L2"
0,5.49369623467416,0.471,0.019,0,"5","MYOM2"
0,2.4989095964726,0.566,0.116,0,"5","PLAC8"
0,2.00484597477928,0.592,0.151,0,"5","TYROBP"
0,1.29493316534774,0.998,0.566,0,"5","TMSB10"
0,1.64934840065122,0.998,0.581,0,"5","HLA-C"
0,2.72534945992004,0.531,0.117,0,"5","IFNG"
0,1.59906567203904,1,0.586,0,"5","TMSB4X"
0,3.02046015659584,0.421,0.058,0,"5","SPON2"
0,2.48013740507613,0.446,0.087,0,"5","KLRF1"
0,1.21822668831523,0.998,0.66,0,"5","HLA-A"
0,1.81688337904771,0.999,0.688,0,"5","ACTB"
0,1.21609736998696,1,0.7,0,"5","HLA-B"
0,2.69988400311107,0.328,0.04,0,"5","PLEK"
0,1.4809170249816,1,0.819,0,"5","B2M"
8.90247653687089e-308,1.45103065491589,0.942,0.455,2.64465870480824e-303,"5","CYBA"
1.2315955200447e-307,1.73435978660775,0.772,0.283,3.65870081139679e-303,"5","LGALS1"
3.56990562581203e-306,1.50984654076459,0.949,0.507,1.06051186425998e-301,"5","ACTG1"
3.56166682261953e-304,1.64190442928902,0.838,0.336,1.05806436299558e-299,"5","GADD45B"
3.73232744714892e-303,1.38143252314565,0.981,0.476,1.10876251472453e-298,"5","UBB"
1.57514389559429e-294,1.60361135373054,0.836,0.348,4.67927997064196e-290,"5","HCST"
4.93777781217049e-270,1.26040981334075,0.975,0.486,1.46686565466149e-265,"5","FTL"
6.63983546976053e-267,2.77741511548631,0.276,0.037,1.97249592300176e-262,"5","ABI3"
4.15805301177541e-263,1.27145670634058,0.951,0.521,1.23523280820812e-258,"5","S100A4"
6.08661371947766e-262,2.06295412760186,0.49,0.123,1.80815033764523e-257,"5","HOPX"
9.02957589891962e-260,1.46695217280179,0.896,0.436,2.68241611229205e-255,"5","CD52"
1.81309766168508e-256,1.4055754144012,0.945,0.491,5.38616922356788e-252,"5","HSP90AA1"
1.99783812540354e-254,1.39778831379635,0.861,0.379,5.93497771913629e-250,"5","IER2"
6.30940610635525e-250,1.76081998518584,0.651,0.227,1.87433527201495e-245,"5","ITGB2"
1.38386588805401e-247,2.27205887011131,0.299,0.048,4.11105039364205e-243,"5","LAIR2"
1.61508238966678e-243,1.42583589699954,0.798,0.337,4.7979252549831e-239,"5","IFITM2"
1.00462360881343e-242,2.47688289401577,0.385,0.081,2.98443535470207e-238,"5","TRGC2"
2.95777418615411e-242,1.45627424450633,0.87,0.392,8.786659774808e-238,"5","JUN"
9.48345090864807e-242,1.25601139053869,0.927,0.541,2.81724876143208e-237,"5","HLA-E"
1.15487518525825e-235,1.55312083580353,0.656,0.232,3.43078771284667e-231,"5","TRBC1"
8.66875634847296e-234,1.39822288754193,0.768,0.314,2.57522744844086e-229,"5","CLIC1"
4.41002490563103e-233,1.46631021342168,0.736,0.294,1.31008609871581e-228,"5","MYL12B"
6.48296548933966e-233,1.19946788361973,0.916,0.468,1.92589455791813e-228,"5","SERF2"
3.05878612207884e-228,1.9683988935871,0.454,0.117,9.08673593285961e-224,"5","C12orf75"
7.12335592761126e-226,1.20465969209199,0.904,0.455,2.11613534541548e-221,"5","MYL6"
6.8385926839214e-222,1.34764936995058,0.848,0.428,2.03154072861253e-217,"5","ARPC2"
9.71600811677037e-222,1.3512097512601,0.761,0.307,2.88633453124897e-217,"5","DDIT4"
3.26927105268638e-217,1.02924832005513,0.991,0.53,9.71202351621543e-213,"5","EIF1"
5.25057332988422e-215,1.49010929050463,0.662,0.244,1.55978781910871e-210,"5","LITAF"
4.15774921017221e-214,1.37816250807107,0.799,0.36,1.23514255786586e-209,"5","ZFP36"
7.51090983864515e-214,1.1105975926413,0.927,0.444,2.23126598576631e-209,"5","HSPA8"
2.0414175373146e-213,1.17930176159351,0.914,0.519,6.06443907810047e-209,"5","S100A6"
1.73273569808183e-211,1.00385854657796,0.968,0.469,5.1474379382917e-207,"5","JUNB"
2.26382284825927e-211,1.27736281116633,0.894,0.472,6.72513853532383e-207,"5","TSC22D3"
8.85377942037342e-208,1.11824906815142,0.903,0.441,2.63019225241033e-203,"5","HNRNPA1"
4.46967370516767e-207,1.98459614627024,0.326,0.065,1.32780596759416e-202,"5","CD8A"
7.88401416504416e-207,1.74753047951854,0.538,0.177,2.34210408800967e-202,"5","RARRES3"
2.10734667083255e-206,1.3034498920303,0.859,0.408,6.26029475504226e-202,"5","DUSP1"
1.54867428762398e-203,0.972819716443237,0.997,0.573,4.60064670624456e-199,"5","PTMA"
8.19909395991007e-203,1.72937042944208,0.52,0.167,2.43570484267049e-198,"5","PPP1CA"
4.95759783107331e-198,0.984014527577671,0.986,0.567,1.47275358767695e-193,"5","H3F3B"
3.00020179370973e-194,1.00406015148891,0.894,0.43,8.91269946857348e-190,"5","FOS"
4.22646782389423e-194,1.14379831592827,0.886,0.476,1.25555679644426e-189,"5","CALM1"
3.3237065845434e-193,1.3767887523888,0.837,0.39,9.87373515070308e-189,"5","DNAJB1"
1.65972237503433e-190,1.36239449333071,0.703,0.298,4.93053725951449e-186,"5","RAC2"
1.61053143054434e-187,1.1562756571035,0.842,0.432,4.78440572071807e-183,"5","ARHGDIB"
1.78003423258482e-187,0.891754264413824,0.957,0.497,5.28794769473971e-183,"5","SRGN"
6.89384117264582e-187,1.43322124627556,0.657,0.27,2.04795339715789e-182,"5","IL2RG"
4.39514674521779e-184,1.28165849414895,0.779,0.377,1.30566624360185e-179,"5","CORO1A"
8.69762264663259e-184,1.30854609114987,0.651,0.252,2.58380275963514e-179,"5","HLA-DPB1"
1.82132097483256e-180,0.935383055585804,0.998,0.522,5.41059821993508e-176,"5","RPS3"
1.86741250633657e-179,1.0822284793653,0.838,0.409,5.54752233257404e-175,"5","OAZ1"
2.63112677934644e-179,1.45137655399475,0.627,0.251,7.81628832340446e-175,"5","IFITM1"
4.07593988271567e-179,1.36279262610748,0.676,0.282,1.21083946095835e-174,"5","HSPA5"
4.67041046295299e-178,2.28984094294269,0.319,0.075,1.38743883622944e-173,"5","RHOB"
1.52379564319734e-177,1.69800242928697,0.462,0.145,4.52673971724634e-173,"5","GZMM"
2.7002052874733e-175,1.33577637838454,0.658,0.271,8.02149984749693e-171,"5","NR4A2"
9.77969851990975e-175,1.34946615819743,0.677,0.29,2.90525503930959e-170,"5","EMP3"
2.45609877968998e-173,0.86315412673497,0.888,0.5,7.29633264482503e-169,"5","IL32"
1.29037268426314e-171,0.880076381606441,0.998,0.504,3.83331013314051e-167,"5","RPL21"
1.64521736669923e-171,0.979714787824442,0.875,0.436,4.88744723125339e-167,"5","ATP5F1E"
3.39487096340025e-170,0.881921565019408,0.955,0.489,1.00851431709731e-165,"5","UBC"
1.67173862883871e-169,0.863979806110842,0.986,0.464,4.96623394469114e-165,"5","RPL31"
2.76941380045732e-169,1.63434850354537,0.607,0.25,8.22709757701857e-165,"5","HSPA1A"
5.58845677375272e-168,1.65138489717875,0.467,0.154,1.66016285377872e-163,"5","AES"
4.85940722604409e-167,0.873120126382827,0.927,0.47,1.44358410464092e-162,"5","GAPDH"
5.38467132873903e-167,0.875683212307541,0.997,0.495,1.5996243116285e-162,"5","RPL23A"
5.44264255304182e-167,1.11743896536652,0.786,0.379,1.61684582323213e-162,"5","TMA7"
1.19583899253886e-165,0.863545904704729,0.968,0.478,3.5524788951352e-161,"5","RPL27"
1.07562304395705e-164,0.881248906969354,0.999,0.504,3.19535337668321e-160,"5","RPL27A"
6.54716562993548e-164,0.870928136751438,0.971,0.509,1.94496649368493e-159,"5","RPL14"
3.88286282881142e-162,1.12141679026121,0.766,0.37,1.15348206055501e-157,"5","CD99"
4.69954433234945e-162,0.818717523237562,0.976,0.519,1.39609363481105e-157,"5","FTH1"
1.15811230580421e-161,0.832924000350283,0.98,0.466,3.44040422685256e-157,"5","RPS20"
8.48685115301526e-161,0.80456260592649,0.991,0.474,2.52118887202624e-156,"5","RPL7"
3.31849862301217e-160,1.84684500526173,0.344,0.091,9.85826385938224e-156,"5","APMAP"
5.61341448430999e-159,1.49564081157936,0.523,0.195,1.66757704085397e-154,"5","SEPT7"
2.38044168680729e-156,1.08682578796442,0.763,0.369,7.07157811899843e-152,"5","SAT1"
5.73921468667515e-155,0.847282629199322,0.995,0.513,1.70494850697059e-150,"5","RPL15"
6.46692576011774e-155,1.4964229816681,0.54,0.214,1.92112963555818e-150,"5","CAP1"
1.99920485541393e-154,0.843847446340713,0.956,0.483,5.93903786397817e-150,"5","UBA52"
5.24926151092759e-153,1.48022944809215,0.458,0.155,1.55939811705126e-148,"5","XCL2"
2.23223161551877e-152,1.13615363990933,0.791,0.396,6.63129046022162e-148,"5","NFKBIA"
7.80202978547745e-152,1.52978668143487,0.458,0.156,2.31774898837178e-147,"5","ARPC5"
2.90059742509159e-151,0.813817181878834,0.979,0.517,8.6168047707196e-147,"5","RPL37A"
3.98422698701952e-150,1.65295706281979,0.44,0.148,1.18359431103389e-145,"5","KLF2"
2.1756441656891e-149,1.32916963237683,0.664,0.301,6.46318612301261e-145,"5","PPP1R15A"
2.42478367173346e-149,1.25672226997375,0.602,0.249,7.2033048536186e-145,"5","CD48"
4.50593991238997e-147,1.60442547101034,0.333,0.09,1.33857956977369e-142,"5","EFHD2"
4.97850469033031e-146,1.7307822102699,0.51,0.2,1.47896438835642e-141,"5","HSPA1B"
8.36100730356224e-146,1.50273374945113,0.46,0.162,2.48380443966924e-141,"5","DBI"
1.46183579975725e-145,1.84645325218669,0.349,0.102,4.34267561033887e-141,"5","PIM1"
2.82678813164549e-145,0.776140102116484,0.935,0.447,8.39753950267924e-141,"5","RPS17"
5.45644842811935e-145,1.1846060949173,0.668,0.306,1.62094713454142e-140,"5","PSME1"
6.25356170991124e-145,0.993172100413436,0.771,0.377,1.85774557716333e-140,"5","SAP18"
1.93543998831731e-144,1.3523444034655,0.588,0.247,5.74961157329424e-140,"5","CYCS"
3.49318832471346e-144,1.21827004710213,0.511,0.19,1.03772145562263e-139,"5","GSTP1"
6.84549651888403e-143,1.19192096198434,0.714,0.346,2.03359165086488e-138,"5","SRSF3"
9.04262330789397e-143,1.28344503169157,0.579,0.242,2.68629210607606e-138,"5","PSMB9"
1.73939524351325e-142,1.03361853854144,0.771,0.382,5.16722144990481e-138,"5","YBX1"
4.93664518703554e-140,0.757172244844485,0.961,0.487,1.46652918571265e-135,"5","RPS10"
1.04219141017771e-139,1.86754743681211,0.323,0.091,3.09603802221492e-135,"5","TNF"
3.63983063973111e-139,0.923634291759669,0.815,0.403,1.08128448814492e-134,"5","COX4I1"
7.33088292944916e-139,1.63988321978204,0.39,0.126,2.17778539185146e-134,"5","DOK2"
1.48214472119609e-138,0.838096190930535,0.94,0.549,4.40300732325722e-134,"5","BTG1"
9.14787541887609e-138,0.812559573522154,0.996,0.515,2.71755935068552e-133,"5","RPS4X"
1.51447643536665e-137,1.00227511087323,0.747,0.367,4.49905514654371e-133,"5","SRP14"
1.11367464932125e-136,1.08191715337031,0.687,0.323,3.30839328073862e-132,"5","CHCHD2"
2.33746858659558e-136,0.75423315245881,0.975,0.509,6.9439179301995e-132,"5","RPL35"
7.43711661008812e-136,0.772352005207416,0.943,0.479,2.20934423135888e-131,"5","RPS11"
1.0200532547069e-134,0.96023436419252,0.763,0.376,3.03027220375778e-130,"5","H2AFZ"
3.06347742339247e-134,0.730477004881312,0.988,0.505,9.10067238167202e-130,"5","RPS16"
4.35474001030147e-134,0.714344556670831,0.984,0.502,1.29366261486026e-129,"5","RPS3A"
1.16820189230731e-133,0.743760353223785,0.936,0.474,3.47037736147732e-129,"5","RPL38"
6.12209482832831e-133,1.21019914315135,0.577,0.246,1.81869071065149e-128,"5","CITED2"
1.58794582459418e-132,0.899028488312134,0.802,0.405,4.71731066112194e-128,"5","DYNLL1"
2.73829136902612e-132,1.06077526228175,0.691,0.325,8.1346421699659e-128,"5","LAPTM5"
1.20805167209877e-130,1.37121758868796,0.511,0.209,3.58875910230383e-126,"5","CALR"
1.98523167516191e-130,1.49234396267886,0.389,0.128,5.89752773740348e-126,"5","DHRS7"
2.00869822107654e-130,1.43857792404458,0.441,0.159,5.96723980535209e-126,"5","VAMP8"
1.12016500822375e-128,0.769524481534352,0.999,0.529,3.32767418993028e-124,"5","RPS14"
1.91575403536215e-128,0.690499979967744,0.749,0.356,5.69113051285033e-124,"5","ANXA1"
2.51724864077532e-128,0.746994714455735,0.989,0.508,7.47799053715125e-124,"5","RPL26"
7.32729799721983e-128,1.28325559102856,0.492,0.193,2.17672041603409e-123,"5","NDUFB2"
6.72992547809679e-127,1.4282297261682,0.449,0.169,1.99925896177821e-122,"5","HEXIM1"
5.62169107058855e-126,1.0983235949306,0.641,0.295,1.67003576633974e-121,"5","TPI1"
8.2829424158839e-126,0.701486137777002,0.974,0.515,2.46061370348663e-121,"5","RPL6"
2.32062306275857e-125,0.755996433256798,0.906,0.466,6.89387493253688e-121,"5","EEF1D"
2.7401821375482e-125,0.706382853298273,0.976,0.518,8.14025907601443e-121,"5","RPL37"
3.77912493094208e-125,0.769170811837648,0.898,0.462,1.12266464323496e-120,"5","RPL36A"
9.64018786978912e-125,0.707236770443427,0.998,0.524,2.86381061047825e-120,"5","RPL3"
3.881457373745e-124,1.52772735765371,0.368,0.122,1.15306454201843e-119,"5","PPP1R18"
7.47632769826262e-124,0.94009664864329,0.774,0.406,2.22099266932288e-119,"5","H3F3A"
1.49281276882202e-123,0.958579878823199,0.717,0.348,4.43469889233956e-119,"5","SLC25A6"
2.38159295327281e-123,0.751384928501734,1,0.526,7.07499818628753e-119,"5","RPS27"
2.75276452304516e-123,0.89249250931824,0.749,0.368,8.17763756861027e-119,"5","RPL36AL"
3.0469704622992e-123,1.23737429862452,0.65,0.343,9.05163515235222e-119,"5","CD3D"
3.30668514272989e-123,0.710735185753836,0.992,0.54,9.8231695535077e-119,"5","FAU"
3.67669050636227e-123,1.06234766652432,0.678,0.336,1.09223444872504e-118,"5","ARPC3"
4.19443419011407e-123,0.794784163877075,1,0.578,1.24604056485719e-118,"5","RPL10"
8.70776312853035e-123,0.733705770439817,0.998,0.55,2.58681519259251e-118,"5","RPL39"
2.26109567147082e-122,0.710787016957723,0.937,0.49,6.71703691123837e-118,"5","RACK1"
7.37829688916348e-122,0.91956391812612,0.753,0.387,2.1918706568638e-117,"5","PPIA"
1.20858778506456e-121,1.47816723603714,0.433,0.163,3.59035173309128e-117,"5","RGS2"
3.40765303614993e-121,0.945598002536863,0.629,0.29,1.01231148744906e-116,"5","CD63"
1.42567255089369e-120,1.72496404118212,0.399,0.147,4.23524544693989e-116,"5","CHMP1B"
1.60881119943343e-120,1.381869570608,0.436,0.163,4.77929543015689e-116,"5","ARPC4"
1.92861412983709e-120,1.57293936230906,0.358,0.118,5.72933399550704e-116,"5","LYAR"
3.03404112871501e-120,1.02056195128808,0.698,0.356,9.01322598107369e-116,"5","S100A10"
7.0488381383407e-120,0.7330398704156,0.88,0.46,2.09399834575687e-115,"5","NACA"
8.87812409316231e-120,0.788964796877754,0.806,0.415,2.63742432435573e-115,"5","DNAJA1"
3.13913501161314e-119,0.739513931647024,1,0.542,9.32542837899915e-115,"5","RPS27A"
3.71817457217399e-119,0.963893274046156,0.67,0.319,1.10455812015573e-114,"5","TUBA1B"
7.85540604746694e-119,1.07984275918817,0.668,0.334,2.333605474521e-114,"5","SRSF2"
3.24555222203406e-118,1.25028028049399,0.509,0.215,9.64156198599658e-114,"5","NDUFA1"
9.78653847047004e-118,0.648869838057724,0.98,0.539,2.90728698342254e-113,"5","RPS24"
1.1569635537644e-116,0.712114936835676,0.892,0.454,3.43699162916791e-112,"5","RPL23"
4.7413111491972e-116,1.35076578644312,0.463,0.187,1.40850130309201e-111,"5","GPSM3"
7.04950378486278e-116,0.67480518283566,0.941,0.507,2.09419608936919e-111,"5","RPL5"
2.11303056305202e-115,0.616347368841269,0.999,0.51,6.27717989365865e-111,"5","RPS6"
4.80336713143672e-115,1.17345376415112,0.538,0.234,1.42693627373591e-110,"5","COX6A1"
6.37098455055825e-115,1.34811601540101,0.396,0.142,1.89262838043434e-110,"5","APOBEC3G"
1.11940759819432e-114,1.01754921609967,0.655,0.321,3.32542415195588e-110,"5","HERPUD1"
2.01176484782005e-114,0.675074474855037,0.998,0.533,5.97634983341902e-110,"5","RPLP2"
2.62366553305687e-114,0.973228284837142,0.492,0.195,7.79412319905205e-110,"5","CTSC"
7.86274025966469e-114,1.65819637146924,0.316,0.099,2.33578424893859e-109,"5","IER3"
5.29996591957843e-113,0.685068407094197,0.994,0.538,1.57446087572916e-108,"5","RPS15"
1.10899449576323e-112,0.788931329552873,0.806,0.428,3.29448994856384e-108,"5","CD69"
1.5110919507654e-112,0.851328611751245,0.758,0.389,4.48900085813879e-108,"5","COX7C"
1.63002497559052e-112,0.695889470903681,0.995,0.522,4.84231519498674e-108,"5","RPL13A"
2.91239791392638e-112,1.31437892627204,0.433,0.167,8.65186048290111e-108,"5","XBP1"
6.83995739730466e-112,0.672265870805059,0.997,0.519,2.0319461440173e-107,"5","RPS29"
7.73677549782361e-112,1.20417058544284,0.55,0.253,2.29836389713846e-107,"5","RBM3"
4.64705772585485e-111,1.11813497122754,0.54,0.24,1.3805014386197e-106,"5","GUK1"
7.04443806903014e-111,0.616145456224436,0.976,0.508,2.09269121716678e-106,"5","RPS13"
5.11847313597536e-110,1.04419201862257,0.623,0.302,1.5205448145042e-105,"5","BRD2"
5.15327495055959e-110,0.973624227862962,0.66,0.327,1.53088338956274e-105,"5","OST4"
1.80915527044776e-109,0.65341673081973,0.976,0.517,5.37445756191916e-105,"5","RPS7"
4.63129457844537e-109,1.22293915579272,0.489,0.207,1.37581868041876e-104,"5","SLC25A5"
5.58888018338742e-108,1.47486201511119,0.368,0.133,1.6602886360789e-103,"5","PRELID1"
6.220926974732e-108,0.642230445953288,0.94,0.491,1.84805077638364e-103,"5","RPL24"
1.31430464083732e-107,1.14266837321386,0.581,0.277,3.90440479653542e-103,"5","PNRC1"
1.37162987476482e-107,0.726329840281685,0.825,0.424,4.07470086896385e-103,"5","BTF3"
1.45006535829999e-107,0.818900100718987,0.708,0.361,4.30770915990178e-103,"5","DUSP2"
2.75322435447603e-107,1.07072798516441,0.599,0.29,8.17900358984195e-103,"5","SSR4"
2.91979354263001e-107,1.53050024277636,0.287,0.086,8.67383067709098e-103,"5","MATK"
8.69549096562705e-107,0.808656421797727,0.776,0.405,2.58316950115883e-102,"5","TOMM7"
1.51383688247753e-106,0.807743280476917,0.79,0.428,4.49715522677599e-102,"5","HSP90AB1"
1.68475201081689e-106,0.635368860902726,0.991,0.516,5.00489279853373e-102,"5","RPL35A"
4.12342426048028e-106,1.34970569797886,0.418,0.164,1.22494564506088e-101,"5","IDI1"
7.02164155078217e-106,0.63673650026069,0.908,0.479,2.08591905549086e-101,"5","RPSA"
2.26251294532169e-105,1.10459745307725,0.552,0.254,6.72124720666715e-101,"5","SELENOK"
2.67337160332625e-105,0.898414362026401,0.696,0.355,7.94178502200129e-101,"5","SRSF7"
3.52465309462816e-105,1.01043532886067,0.595,0.284,1.04706869482119e-100,"5","LSP1"
3.87439355399863e-105,1.40622618589014,0.3,0.093,1.15096609308637e-100,"5","KLRG1"
7.73854288977e-105,1.5943226589955,0.347,0.124,2.29888893626397e-100,"5","NEU1"
8.84037662552385e-105,1.01541338041129,0.584,0.274,2.62621068414437e-100,"5","RHOA"
1.04020014886555e-104,0.926577355800199,0.659,0.333,3.09012258223489e-100,"5","RPS26"
5.3696050601345e-104,0.916328795918489,0.719,0.395,1.59514857521415e-99,"5","CD53"
6.49788374814175e-104,0.942661489038746,0.638,0.318,1.93032632506047e-99,"5","TUBB4B"
7.74022078411571e-104,0.585280100653921,0.929,0.497,2.29938738833725e-99,"5","RPL7A"
1.2130821092409e-103,0.595891128884152,0.987,0.507,3.60370302192193e-99,"5","RPS25"
1.21737682694667e-103,0.643200941926716,0.995,0.525,3.61646133981048e-99,"5","RPL19"
2.24208007081746e-103,0.599320138048265,0.962,0.5,6.66054726637744e-99,"5","RPL29"
3.4835473363802e-103,1.04861330450754,0.558,0.259,1.03485740721846e-98,"5","TRIR"
4.43248150383211e-103,1.11083391900807,0.54,0.253,1.31675728034341e-98,"5","SSR2"
5.03336717275265e-102,1.36189562825638,0.406,0.16,1.49526238600963e-97,"5","PMAIP1"
6.38116483600419e-102,0.995139822545077,0.587,0.277,1.89565263783177e-97,"5","COX7A2"
6.48007302557679e-102,1.6255925755604,0.265,0.079,1.9250352937081e-97,"5","UPP1"
7.50007081793232e-102,0.737264292705498,0.698,0.351,2.22804603788316e-97,"5","FOSB"
1.32962238692539e-101,1.2849927582843,0.445,0.188,3.94990922483926e-97,"5","COX7B"
3.14024497393613e-101,0.96865859714269,0.676,0.355,9.32872574407208e-97,"5","EIF4A2"
6.03054670968838e-101,1.16583534960814,0.491,0.216,1.79149451104713e-96,"5","PSME2"
2.82398399036073e-100,1.20151671288441,0.45,0.187,8.38920924016462e-96,"5","COPE"
3.26392062111027e-100,1.46462170428528,0.317,0.107,9.69612898913228e-96,"5","UCP2"
3.45490591463552e-100,0.595092880347411,0.991,0.538,1.02634890006077e-95,"5","RPL30"
6.15587381917144e-100,1.18917854309565,0.496,0.219,1.82872543546126e-95,"5","HNRNPA0"
1.24860306916779e-99,1.33360574704187,0.424,0.176,3.70922513757676e-95,"5","PRR13"
2.24608206681791e-99,1.62406711276005,0.28,0.088,6.67243599589595e-95,"5","MIEN1"
3.58398359097188e-99,0.612665683272664,0.924,0.492,1.06469400537002e-94,"5","RPS21"
8.16706530561783e-99,0.956449028974868,0.607,0.299,2.42619009033989e-94,"5","UQCRB"
1.47955611208641e-98,0.544987127714744,0.945,0.48,4.39531734217511e-94,"5","RPS5"
1.65957625223591e-98,0.814901820562953,0.468,0.199,4.9301031725172e-94,"5","IGKC"
2.85075356855982e-98,1.22340430740205,0.416,0.167,8.46873362612067e-94,"5","PCBP1"
3.04501491097086e-98,0.565839673838821,0.98,0.508,9.04582579602112e-94,"5","RPL9"
3.07742423147388e-98,1.05168607127081,0.553,0.266,9.14210416443945e-94,"5","UQCR11"
6.6068971132756e-98,1.3018019877826,0.337,0.119,1.96271092544078e-93,"5","DSTN"
1.08395596902345e-97,0.984333762325388,0.487,0.209,3.22010799717797e-93,"5","BIN2"
1.7790145280691e-97,1.32335898766165,0.427,0.178,5.28491845853488e-93,"5","SERTAD1"
3.71852399029632e-97,0.557750054446854,0.963,0.491,1.10466192179733e-92,"5","RPL10A"
7.89475825384168e-97,1.17207286241993,0.469,0.205,2.34529583446875e-92,"5","SEC61G"
9.69638276954278e-97,1.20975401013022,0.438,0.183,2.88050442934807e-92,"5","TMEM258"
3.96722076183712e-96,1.58597665932096,0.265,0.081,1.17854227171895e-91,"5","APOBEC3C"
4.08263944397077e-96,1.32479826664887,0.394,0.158,1.2128296996204e-91,"5","C4orf3"
6.45590674699262e-96,1.13064422371952,0.476,0.21,1.9178562173291e-91,"5","TUBA4A"
1.04944445265575e-95,1.30850647157186,0.394,0.158,3.11758463550445e-91,"5","TMED2"
1.47140754276469e-95,1.49705465368318,0.273,0.085,4.37111038729106e-91,"5","BHLHE40"
2.86915424659201e-95,0.567537764034352,0.983,0.505,8.52339652035087e-91,"5","RPS9"
1.990888345341e-94,1.55233716611869,0.289,0.096,5.9143320075045e-90,"5","RHOG"
2.67766091547578e-94,1.17639825431306,0.473,0.212,7.95452728160389e-90,"5","VAMP2"
3.20717905986699e-94,1.0105524614722,0.549,0.261,9.52756683314686e-90,"5","PPDPF"
5.3718733685064e-94,1.12510287459549,0.479,0.214,1.5958224215822e-89,"5","NEDD8"
6.39149265362188e-94,1.09176330384476,0.568,0.281,1.89872072261145e-89,"5","MCL1"
1.2083816899698e-93,1.45538803033953,0.325,0.117,3.58973948639328e-89,"5","TMED9"
2.80227132136094e-93,0.58924686736133,1,0.528,8.32470741436695e-89,"5","RPS19"
4.28806538761286e-93,1.0310867223825,0.446,0.185,1.27385558469815e-88,"5","HLA-DPA1"
1.57391437139064e-92,0.902639033589532,0.668,0.36,4.67562742309019e-88,"5","HNRNPDL"
2.93488408834232e-92,0.898694606706352,0.584,0.284,8.71866016123852e-88,"5","NDUFA4"
8.59775835391511e-92,0.551151402433669,0.998,0.615,2.55413607419756e-87,"5","EEF1A1"
9.38980256330449e-92,0.546478263585322,0.866,0.445,2.78942864748087e-87,"5","RPL4"
1.12965984470436e-91,0.604929948795544,0.879,0.473,3.35588050066325e-87,"5","PFDN5"
1.50075873350267e-91,0.488984831328953,0.957,0.642,4.45830396961638e-87,"5","MT-ND4"
2.34593136582826e-91,0.536544938476634,0.986,0.52,6.969058308466e-87,"5","RPL12"
4.20689492622844e-91,1.09551988311258,0.488,0.222,1.24974227573468e-86,"5","SEC61B"
4.71767686184432e-91,0.603183475952743,0.998,0.511,1.40148026534809e-86,"5","RPS15A"
7.03295134037564e-91,0.965324850505467,0.552,0.266,2.08927885468539e-86,"5","PSMA7"
9.52458155155526e-91,1.54607498782909,0.274,0.09,2.82946744152052e-86,"5","RNF167"
1.04724543429946e-90,1.18407656569544,0.451,0.2,3.1110520116734e-86,"5","SNRPB"
1.12087289807404e-90,1.04486230191054,0.458,0.199,3.32977711830854e-86,"5","POMP"
1.2656920633172e-90,1.0301941947163,0.429,0.177,3.75999141249639e-86,"5","SUN2"
2.71133541506312e-90,1.20055648652991,0.438,0.191,8.054564117528e-86,"5","ARF6"
4.70426986472455e-90,0.568275658102072,0.999,0.538,1.39749744871372e-85,"5","RPS2"
5.58896897053082e-90,0.759633794216718,0.789,0.464,1.66031501207559e-85,"5","KLF6"
7.91481456971038e-90,0.553706492794561,0.997,0.554,2.35125396422386e-85,"5","RPL11"
1.43582496752007e-89,0.640367647559934,0.762,0.393,4.26540523101186e-85,"5","EEF1B2"
2.73356559652462e-89,1.13787230470448,0.443,0.194,8.12060331759569e-85,"5","COX8A"
3.05563169446378e-89,0.533901882401201,0.98,0.518,9.07736507474355e-85,"5","RPL8"
4.72232842800207e-89,1.06707361296836,0.51,0.242,1.40286210610657e-84,"5","CIB1"
8.30427280507567e-89,0.549055412963122,0.997,0.513,2.46695032220383e-84,"5","RPL18A"
9.58051944641377e-89,1.34829804426742,0.326,0.12,2.84608491194614e-84,"5","WDR1"
3.89933291914773e-88,1.56454141575017,0.284,0.098,1.15837483029122e-83,"5","MANF"
9.77525494438986e-88,0.46596065925383,0.983,0.514,2.9039349863299e-83,"5","TPT1"
1.53694999039246e-87,0.976175255623192,0.422,0.182,4.56581733645889e-83,"5","KLRB1"
2.54674773036661e-87,0.619105238261423,0.793,0.42,7.5656234826001e-83,"5","RPL17"
2.86662531838777e-87,0.980229880615599,0.543,0.264,8.51588383333454e-83,"5","UQCRH"
3.53195141321489e-87,0.736295060638253,0.738,0.398,1.04923680632375e-82,"5","ATP5MG"
5.14575069476197e-87,0.702290447041704,0.704,0.365,1.52864815889294e-82,"5","RPS4Y1"
9.14600657527531e-87,0.501337508190613,0.998,0.554,2.71700417331704e-82,"5","RPL34"
1.07852356300021e-86,0.521019945452731,0.993,0.521,3.20396994860474e-82,"5","RPS23"
1.74250678007256e-86,0.8996264727708,0.593,0.305,5.17646489156155e-82,"5","CREM"
1.94575671821425e-86,1.1726263660451,0.376,0.153,5.78025948279907e-82,"5","TOB1"
3.31115264100476e-86,1.14533831613352,0.395,0.164,9.83644115063283e-82,"5","BSG"
7.88246567108515e-86,0.909944908984353,0.562,0.277,2.34164407690927e-81,"5","COX6C"
2.25445599278654e-85,1.09874364231837,0.435,0.191,6.69731241777098e-81,"5","CD164"
3.35987112884499e-85,0.646260254964178,1,0.614,9.98116916245982e-81,"5","RPL41"
3.70354940118282e-85,0.512452657494162,0.998,0.528,1.10021342060938e-80,"5","RPS12"
5.36429693405262e-85,0.47254423561674,0.989,0.542,1.59357169019901e-80,"5","RPS8"
5.89123694709243e-85,1.27644838637306,0.301,0.106,1.75010975987275e-80,"5","CARD16"
1.62958882844982e-84,1.38308027665286,0.282,0.098,4.84101953267588e-80,"5","VASP"
1.85566207913688e-84,0.898568110748944,0.573,0.291,5.51261533849193e-80,"5","TPM3"
3.16335519784686e-84,0.950763700691055,0.546,0.271,9.39737928624367e-80,"5","UBL5"
5.40326773868402e-84,1.21765968623222,0.431,0.193,1.60514874713086e-79,"5","BTG2"
5.82756229729437e-84,1.06036906736343,0.458,0.207,1.73119393165724e-79,"5","ATP5MPL"
1.6851374866586e-83,1.40672557792561,0.288,0.101,5.00603793161671e-79,"5","GIMAP4"
4.02457827002847e-83,0.942220407135541,0.55,0.276,1.19558146667736e-78,"5","TAGLN2"
4.68048773290534e-83,0.530967099324747,0.991,0.572,1.39043249081419e-78,"5","RPS28"
5.92241904583181e-83,1.55876963554747,0.258,0.086,1.75937302594525e-78,"5","POLR2G"
7.88431317433234e-83,0.657503366118281,0.758,0.414,2.34219291469891e-78,"5","NPM1"
1.46516420289981e-82,1.22972386171841,0.362,0.147,4.35256329755447e-78,"5","BRK1"
1.46978660290308e-82,0.997475571687693,0.527,0.26,4.36629506124418e-78,"5","HSPE1"
1.53576322836159e-82,0.928471328421837,0.549,0.274,4.56229182249378e-78,"5","RBM8A"
1.85844874461145e-82,0.887631593561819,0.601,0.316,5.52089368561723e-78,"5","CRIP1"
2.78865984410303e-82,0.962179771566305,0.477,0.224,8.28427179887687e-78,"5","PDIA3"
1.95393337666709e-81,0.970872050754939,0.539,0.27,5.80454988206492e-77,"5","COX6B1"
4.49305852637509e-81,0.691019626629725,0.707,0.375,1.33475289643025e-76,"5","EEF2"
5.8586892002157e-81,0.90823912418271,0.542,0.273,1.74044080070808e-76,"5","SUMO2"
6.22585178700461e-81,1.68376304447941,0.255,0.086,1.84951379036546e-76,"5","DDIT3"
9.21963545890077e-81,0.875777708359299,0.595,0.31,2.73887710577565e-76,"5","LDHA"
1.38005299694172e-80,0.878335424535344,0.558,0.282,4.09972343801478e-76,"5","SNRPD2"
2.98980828057895e-80,0.564577713934006,0.806,0.451,8.88182345911588e-76,"5","CXCR4"
4.83554014565549e-80,1.1267330443145,0.357,0.144,1.43649391106988e-75,"5","TUBB"
5.18994737775117e-80,1.23970619126883,0.371,0.157,1.54177766750854e-75,"5","SF3B5"
6.69578954131894e-80,1.20450958859005,0.279,0.098,1.98911819903962e-75,"5","IGFBP7"
8.13078679518595e-80,0.869369704681829,0.53,0.26,2.41541283324589e-75,"5","ENO1"
1.27259000800635e-79,1.14200273877789,0.36,0.147,3.78048313678446e-75,"5","CTSD"
2.43436463053127e-79,0.493932988413125,0.967,0.533,7.23176700791924e-75,"5","RPL18"
4.57830659930156e-79,1.03917119670927,0.461,0.217,1.36007754145452e-74,"5","POLR2L"
5.77931118492325e-79,0.421290244306466,0.992,0.771,1.71685997370515e-74,"5","MT-CO1"
1.04325420412506e-78,0.459123865895772,0.971,0.517,3.09919526419433e-74,"5","RPL36"
4.17497970221998e-78,0.888625765502607,0.679,0.397,1.24026122013849e-73,"5","TXNIP"
9.50717282183384e-78,0.824891621947806,0.594,0.314,2.82429583018218e-73,"5","ZFAS1"
1.8282450388339e-77,1.10879433534062,0.401,0.177,5.43116753686385e-73,"5","DRAP1"
1.98770831170778e-77,1.32565363699365,0.308,0.119,5.90488508159031e-73,"5","NOP10"
3.71439249245728e-77,1.03266356780263,0.405,0.178,1.10343457773428e-72,"5","TXN"
3.9553670619583e-77,0.983671781323201,0.451,0.209,1.17502089309595e-72,"5","TRMT112"
8.59914451899609e-77,1.23473668127264,0.33,0.131,2.55454786225817e-72,"5","GPR65"
9.37942431095313e-77,1.0318852489851,0.438,0.201,2.78634558005485e-72,"5","MAP1LC3B"
1.54591290639672e-76,1.00233808853457,0.441,0.203,4.59244347103274e-72,"5","COX5B"
1.75376158555057e-76,1.20875230099953,0.314,0.122,5.20989954219507e-72,"5","CCDC107"
2.24226948803019e-76,1.21683073682337,0.347,0.143,6.66110996809127e-72,"5","MINOS1"
3.20486587275524e-76,0.470933723900755,1,0.531,9.520695048194e-72,"5","RPL32"
7.70657304991119e-76,1.00547983295812,0.442,0.204,2.28939165593712e-71,"5","PPIB"
7.88033843521202e-76,1.10252351361737,0.384,0.166,2.34101213894843e-71,"5","SOCS1"
1.1953919213906e-75,1.10076234991488,0.372,0.158,3.55115078087504e-71,"5","EIF5A"
1.98551560413505e-75,1.05214069827991,0.363,0.152,5.89837120520398e-71,"5","SCP2"
6.95618819664819e-75,1.2297814703021,0.319,0.126,2.06647482757828e-70,"5","TRAPPC1"
8.50670739201642e-75,1.38871408738693,0.282,0.105,2.52708756494632e-70,"5","RAB5IF"
1.68101866639495e-74,1.33091283477193,0.304,0.119,4.99380215225948e-70,"5","CDK2AP2"
2.13334697046317e-74,0.687720659070024,0.74,0.433,6.33753384515494e-70,"5","ITM2B"
2.33570627868361e-74,0.508187811172298,0.851,0.473,6.9386826420854e-70,"5","RPL22"
6.19307918706193e-74,0.930788753537559,0.476,0.232,1.83977803410049e-69,"5","ARL6IP1"
6.42111792746388e-74,0.665182848599654,0.687,0.381,1.9075215027117e-69,"5","CALM2"
9.72110038520359e-74,0.822459046738935,0.537,0.27,2.88784729143243e-69,"5","ATP6V0E1"
1.40396862556388e-73,1.04695670850044,0.393,0.176,4.17076959596262e-69,"5","ATP5ME"
1.81122766447302e-73,0.778847120465226,0.604,0.327,5.38061402285e-69,"5","SUB1"
1.97254888942902e-73,1.08037667538425,0.373,0.162,5.8598509858268e-69,"5","ATP5MC3"
5.32164791524336e-73,0.777325757628457,0.58,0.301,1.58090194618135e-68,"5","EIF3K"
6.65814134200136e-73,0.558479098615171,0.949,0.701,1.97793404846834e-68,"5","DDX5"
6.83064822050574e-73,1.1534383354504,0.258,0.09,2.02918066686564e-68,"5","CHST12"
7.66839352327366e-73,0.87847165544277,0.478,0.23,2.27804966395891e-68,"5","CMC1"
9.96807005023295e-73,1.07427279862434,0.387,0.172,2.9612145698227e-68,"5","JTB"
1.38821697818424e-72,0.83951087666194,0.533,0.269,4.12397617709191e-68,"5","ELOB"
6.38099837566242e-72,0.960572764291946,0.449,0.214,1.89560318745803e-67,"5","CUTA"
1.02401889844665e-71,0.875280211775878,0.489,0.241,3.04205294161547e-67,"5","ARL6IP5"
1.20238907441955e-71,0.867558550594377,0.529,0.272,3.57193722337814e-67,"5","TMBIM6"
2.4002278800574e-71,1.08896297905301,0.366,0.158,7.13035696328653e-67,"5","RABAC1"
3.23885502780562e-71,1.27831447209831,0.307,0.123,9.62166663110214e-67,"5","RHOC"
3.346972184085e-71,1.46083621293321,0.256,0.093,9.94285026726132e-67,"5","SUPT4H1"
1.50394585752958e-70,1.1275499544626,0.345,0.148,4.46777195896312e-66,"5","COPS9"
2.26678456252281e-70,1.08464618263197,0.371,0.163,6.7339368998865e-66,"5","ISG15"
3.75445132966696e-70,0.949072641056524,0.295,0.111,1.11533485650417e-65,"5","TPST2"
7.25419421456006e-70,0.78802195301095,0.588,0.314,2.15500347531936e-65,"5","ATP5MC2"
8.79670588930302e-70,1.01772496778378,0.391,0.176,2.61323741853525e-65,"5","ATP5PF"
9.7773035954755e-70,1.1888121345796,0.333,0.139,2.90454357910791e-65,"5","ZC3H12A"
1.4371737891092e-69,1.15367193207423,0.323,0.133,4.2694121753067e-65,"5","CCDC85B"
2.3393226436517e-69,1.04889407892955,0.382,0.172,6.9494257774961e-65,"5","UQCRQ"
2.64589159125461e-69,0.876168849501059,0.487,0.243,7.86015015014007e-65,"5","TUBA1A"
6.88349967293363e-69,0.984635799064201,0.376,0.167,2.04488124783839e-64,"5","SELENOT"
8.44817793642653e-69,1.04390324997074,0.373,0.166,2.50970021957423e-64,"5","WDR83OS"
1.49666412532771e-68,0.964277466340854,0.409,0.189,4.44614011711103e-64,"5","SPCS2"
2.07064153193572e-68,0.685770676861771,0.697,0.398,6.15125479892146e-64,"5","CIRBP"
6.3758090979118e-68,1.27403908763444,0.282,0.109,1.89406160871666e-63,"5","ARPC5L"
1.92555566211915e-67,1.1512135540113,0.368,0.166,5.72024820545737e-63,"5","CSRNP1"
9.70844944028645e-67,1.21960487885172,0.296,0.12,2.8840890752259e-62,"5","CSNK2B"
9.78325994349736e-67,1.11591512564618,0.32,0.134,2.90631303141476e-62,"5","ATP6V0B"
1.77423897084764e-66,0.811177443961717,0.526,0.274,5.27073171069709e-62,"5","GMFG"
4.89223795751598e-66,1.05599870580743,0.338,0.145,1.45333713003927e-61,"5","P4HB"
5.62492115412167e-66,0.952574193056767,0.384,0.173,1.67099532725492e-61,"5","ATP5MD"
9.30599096745996e-66,1.09366959413815,0.341,0.15,2.76453073670333e-61,"5","PRDX5"
1.36970948735432e-65,1.04440246224856,0.398,0.19,4.06899597408349e-61,"5","UXT"
1.37431789226543e-65,0.810576694943695,0.475,0.239,4.0826861625529e-61,"5","S100A11"
1.45609496111334e-65,1.04926134197685,0.387,0.18,4.3256213009794e-61,"5","NDUFB11"
1.7997779743521e-65,1.17029592206319,0.298,0.121,5.34660042840779e-61,"5","PTGER4"
2.72501658715773e-65,1.17062234188638,0.298,0.122,8.09520677546948e-61,"5","BCAP31"
3.08378460377513e-65,1.07056217447854,0.297,0.12,9.16099892243477e-61,"5","PDIA6"
5.69464796100106e-65,0.975423232102535,0.406,0.193,1.69170906977459e-60,"5","BZW1"
6.11319365898118e-65,0.789149744280024,0.607,0.35,1.81604644027354e-60,"5","CDC42"
9.58884527210841e-65,1.06744330844825,0.343,0.15,2.84855826498525e-60,"5","PAXX"
1.65777436508705e-64,0.85375663898054,0.377,0.168,4.92475030636411e-60,"5","ARL4C"
1.79736333884564e-64,1.09704041957399,0.296,0.12,5.33942727070875e-60,"5","GNG5"
2.75055626431933e-64,1.0585412633292,0.32,0.136,8.17107749441343e-60,"5","ARHGDIA"
3.20351675335989e-64,0.429743477524402,0.82,0.49,9.51668721920623e-60,"5","ZFP36L2"
3.4588779527634e-64,0.447680804810973,1,0.55,1.02752887342742e-59,"5","RPL13"
3.96131807835648e-64,0.356786469310876,0.876,0.479,1.17678876153736e-59,"5","RPLP0"
4.41535687419545e-64,0.871779121580215,0.445,0.221,1.31167006661724e-59,"5","ARL6IP4"
4.87147090139449e-64,1.01051130365108,0.387,0.182,1.44716786067726e-59,"5","ATP5F1B"
1.05868890629864e-63,0.658329894867785,0.638,0.355,3.14504713394136e-59,"5","COMMD6"
1.08128568931029e-63,1.04447474274089,0.349,0.156,3.21217539723409e-59,"5","ATP5MF"
1.60835970771855e-63,1.18825045948696,0.299,0.124,4.77795418371949e-59,"5","GHITM"
1.61650397618963e-63,1.19445813724535,0.284,0.115,4.80214836206654e-59,"5","PGAM1"
1.63257655655912e-63,0.781250233246181,0.363,0.16,4.84989517657018e-59,"5","OSTF1"
1.66143897738254e-63,1.06963041908972,0.333,0.145,4.93563677011032e-59,"5","PSMB8"
2.6902673426288e-63,0.868525150083982,0.445,0.222,7.99197719474738e-59,"5","EIF5"
4.2149913938675e-63,1.04892854826898,0.347,0.155,1.25214749337622e-58,"5","ERP29"
1.18414177052901e-62,0.783013926680245,0.52,0.277,3.51772995771052e-58,"5","EDF1"
1.02816418174403e-61,0.316724601430168,0.983,0.712,3.05436733470699e-57,"5","MT-CO3"
2.43316843974689e-61,1.22994894875715,0.261,0.102,7.22821348395609e-57,"5","NDUFA6"
3.69697963310882e-61,0.435656465558962,0.996,0.577,1.09826173960764e-56,"5","RPL28"
7.6089846662269e-61,0.855572990625584,0.465,0.24,2.26040107479602e-56,"5","ISG20"
1.0264162306552e-60,0.852181311026627,0.466,0.241,3.04917469640741e-56,"5","NCL"
1.29790192333487e-60,0.856930358179473,0.437,0.22,3.8556772436509e-56,"5","RAC1"
3.54679061907386e-60,0.727358362329797,0.544,0.296,1.05364508920827e-55,"5","CD37"
5.6731040641689e-60,0.852307063111738,0.475,0.251,1.68530902434266e-55,"5","EIF3F"
8.38105936526334e-60,0.91380784831568,0.424,0.211,2.48976130563878e-55,"5","HMGN2"
9.05141311677178e-60,0.820858154959136,0.384,0.181,2.68890329459939e-55,"5","HSP90B1"
1.09300925687501e-59,0.865395456437808,0.422,0.21,3.24700259939858e-55,"5","LAMTOR4"
3.3567630383501e-59,1.01021724040495,0.388,0.19,9.97193595802665e-55,"5","CD3G"
7.06076505825867e-59,0.963697331904369,0.317,0.137,2.0975414758569e-54,"5","HMGN3"
1.15628128668874e-58,0.966434191348455,0.386,0.186,3.43496481836624e-54,"5","HIGD2A"
1.28287830213429e-58,1.20342248762172,0.256,0.102,3.81104657215034e-54,"5","BANF1"
2.03528384968891e-58,1.14293161001128,0.278,0.115,6.04621773227083e-54,"5","COX17"
2.36949086035992e-58,1.17407985614331,0.286,0.121,7.03904649887121e-54,"5","LAMTOR5"
4.48725003736774e-58,0.929615561129546,0.372,0.176,1.33302736860083e-53,"5","HSPB1"
5.88692200746953e-58,0.999798605617362,0.348,0.161,1.74882792075897e-53,"5","PSMB3"
6.07309210585567e-58,0.685850267879849,0.574,0.319,1.80413347188654e-53,"5","HNRNPK"
7.08659633400256e-58,0.904571892233637,0.417,0.211,2.10521517294214e-53,"5","ARF1"
1.21582738188263e-56,1.08439447747778,0.324,0.148,3.61185840335873e-52,"5","UFC1"
1.91251513287058e-56,1.08248577158827,0.322,0.148,5.68150870521863e-52,"5","PSMA2"
2.0065752894124e-56,0.696626061305768,0.561,0.314,5.9609332122574e-52,"5","SRSF5"
2.16058979936575e-56,0.849830716070211,0.419,0.212,6.41846411697582e-52,"5","ATP6V1G1"
2.49455803041292e-56,0.54048137237455,0.544,0.291,7.41058354094765e-52,"5","CD7"
3.49062872814229e-56,1.09855140642531,0.299,0.132,1.03696107626923e-51,"5","SEPT1"
6.80810673804737e-56,0.399618458852357,0.998,0.52,2.02248426867173e-51,"5","RPS18"
7.44236949901501e-56,1.07793910899253,0.281,0.119,2.21090470707239e-51,"5","PA2G4"
1.17338580379927e-55,0.875878118471941,0.283,0.118,3.4857772073465e-51,"5","SLC9A3R1"
1.27778144344255e-55,1.08818946136268,0.287,0.124,3.79590533403477e-51,"5","NDUFB7"
1.77292347668509e-55,0.84505572894579,0.372,0.178,5.26682377218839e-51,"5","TBC1D10C"
2.30865073754402e-55,0.916915464817875,0.362,0.172,6.85830874602202e-51,"5","TAGAP"
2.60991443032931e-55,0.962216060540686,0.309,0.137,7.75327279817927e-51,"5","LBH"
5.45522953282409e-55,1.07847422605106,0.264,0.11,1.62058503731605e-50,"5","GNB2"
6.1201543158585e-55,0.854221562540259,0.405,0.204,1.81811424261208e-50,"5","UBE2S"
9.84604479679929e-55,0.704383174579877,0.528,0.293,2.92496452778516e-50,"5","DNAJB6"
1.02642380969692e-54,1.10969090721816,0.271,0.115,3.04919721146665e-50,"5","AURKAIP1"
1.2107714507048e-54,0.778461953490512,0.418,0.212,3.59683874860875e-50,"5","PARK7"
1.60091178763864e-54,0.73978813820365,0.552,0.319,4.75582864753811e-50,"5","ZFP36L1"
1.90725901213111e-54,0.729135635547441,0.399,0.194,5.66589434733789e-50,"5","YWHAQ"
4.36477782804112e-54,0.971188482777069,0.321,0.147,1.29664454937618e-49,"5","TBCB"
4.74368660707625e-54,1.19457730699269,0.255,0.106,1.40920698036414e-49,"5","PYURF"
6.06858184007806e-54,0.966877190398132,0.303,0.134,1.80279360723199e-49,"5","COX5A"
1.65421979439724e-53,1.1836668185206,0.277,0.121,4.91419074321589e-49,"5","STMN1"
1.76259788380646e-53,1.03768247600041,0.3,0.135,5.23614953342384e-49,"5","PRDX6"
3.10702219783587e-53,1.15831176688775,0.285,0.127,9.23003084311103e-49,"5","ECH1"
4.98363794301712e-53,0.962066033987616,0.269,0.113,1.4804893237321e-48,"5","RAB5C"
6.00799174789563e-53,1.02120254186626,0.293,0.13,1.78479410854735e-48,"5","SELENOW"
7.21972887348953e-53,0.717907267900402,0.445,0.231,2.14476485644753e-48,"5","TMEM59"
8.66129909422531e-53,1.19330378445195,0.264,0.113,2.57301212192151e-48,"5","FAM96B"
2.28584303997716e-52,0.869834268397234,0.391,0.198,6.79055391886014e-48,"5","DAD1"
3.38753608040267e-52,0.95941093715395,0.338,0.162,1.00633534340522e-47,"5","ERH"
8.45980569326609e-52,0.906898046123443,0.36,0.178,2.51315447729856e-47,"5","SBDS"
1.4317902823538e-51,1.02749738882618,0.284,0.125,4.25341939178843e-47,"5","AP2M1"
3.68957450236035e-51,0.776207113577567,0.313,0.141,1.09606189741619e-46,"5","FLNA"
6.38168390432254e-51,0.766371502695157,0.31,0.139,1.8958068374571e-46,"5","ZAP70"
8.66328280408551e-51,0.955825807486551,0.349,0.173,2.57360142260968e-46,"5","ATP5PO"
1.30492032622587e-50,0.537479838939257,0.599,0.339,3.87652681311918e-46,"5","NOP53"
1.32954095839532e-50,0.521080554361871,0.699,0.437,3.94966732510499e-46,"5","HNRNPA2B1"
1.42796425910965e-50,0.992273159811543,0.251,0.105,4.24205342453703e-46,"5","MEAF6"
1.46315446145213e-50,0.955036626812589,0.303,0.138,4.34659295863583e-46,"5","LMAN2"
2.67053747691327e-50,0.686590352032259,0.53,0.303,7.93336568266624e-46,"5","DDX3X"
3.25143800936652e-50,1.04080393907381,0.3,0.14,9.65904689442513e-46,"5","TIMP1"
7.60620879330576e-50,1.04210215576204,0.282,0.127,2.25957644622734e-45,"5","SEPT9"
1.0910242487447e-49,1.01465842084672,0.279,0.125,3.24110573574588e-45,"5","ATP5PB"
1.19019878024653e-49,0.740416198516457,0.446,0.239,3.53572351647835e-45,"5","PGK1"
2.01742166341867e-49,0.770296174756143,0.44,0.237,5.99315453551784e-45,"5","NDUFA13"
4.93210987010287e-49,0.979312886233295,0.313,0.149,1.46518187911146e-44,"5","DNAJB9"
7.06579699902795e-49,0.806416286525429,0.502,0.285,2.09903631450123e-44,"5","INTS6"
7.82496065151566e-49,1.16997267067979,0.252,0.108,2.32456106074576e-44,"5","INSIG1"
1.0473222183278e-48,0.808420927669323,0.45,0.253,3.11128011398639e-44,"5","CD3E"
1.73118572276181e-48,0.950884829627316,0.317,0.152,5.14283342660852e-44,"5","SNRPG"
1.77564731738058e-48,0.273584178937211,0.735,0.445,5.2749154857425e-44,"5","CD74"
3.13468971339562e-48,0.489449217594712,0.558,0.317,9.31222273158437e-44,"5","CAPZB"
4.02362337115071e-48,0.852212359634526,0.341,0.167,1.19529779486774e-43,"5","GIMAP7"
5.68846372683786e-48,0.975078370955226,0.288,0.132,1.68987191933172e-43,"5","PSMA4"
6.7670600732208e-48,0.875650421613724,0.3,0.139,2.0102905359517e-43,"5","TAP1"
7.27734415219985e-48,0.751707030410777,0.37,0.185,2.16188062729401e-43,"5","SUMO1"
7.51449596712532e-48,1.06122609894746,0.262,0.116,2.23233131695392e-43,"5","HAX1"
7.54709862593591e-48,0.934911334118002,0.296,0.136,2.24201658880678e-43,"5","BAX"
7.74208750780597e-48,0.839337507720121,0.365,0.185,2.29994193594392e-43,"5","UBXN1"
1.1094784582799e-47,0.740226874407235,0.438,0.238,3.29592765601209e-43,"5","SLC25A3"
1.61086943783735e-47,0.667289141681161,0.484,0.269,4.78540983898343e-43,"5","SERP1"
1.92663982958225e-47,0.716165387209089,0.438,0.24,5.72346894174e-43,"5","EIF4A3"
4.36753361689672e-47,0.848829856145482,0.25,0.106,1.29746321157151e-42,"5","GLIPR2"
8.60439733861826e-47,0.738814458111994,0.429,0.233,2.55610831738333e-42,"5","RAN"
1.10519292770044e-46,0.712940452128256,0.462,0.259,3.28319663031969e-42,"5","EIF4A1"
1.74259849171692e-46,1.06796638853658,0.264,0.12,5.17673733934345e-42,"5","BUD31"
3.14606756983953e-46,1.07859899497536,0.256,0.114,9.34602292972229e-42,"5","H2AFX"
3.85688998880827e-46,0.980828692443406,0.278,0.128,1.14576630897527e-41,"5","MAGOH"
7.40596339025056e-46,0.701533417998975,0.358,0.178,2.20008954434173e-41,"5","ANXA6"
8.9165235056237e-46,0.792927369143958,0.274,0.122,2.64883163781563e-41,"5","IVNS1ABP"
1.57009471430503e-45,0.97836032660189,0.291,0.138,4.66428036778594e-41,"5","GABARAPL2"
2.48956627191779e-45,0.584268476943887,0.482,0.267,7.39575452398618e-41,"5","SOD1"
3.6989765816883e-45,0.828367961640615,0.312,0.149,1.09885497312214e-40,"5","SNRPB2"
6.0077515758482e-45,0.853706449009381,0.394,0.211,1.78472276063722e-40,"5","MT2A"
7.39358171140136e-45,0.892018023312538,0.296,0.14,2.196411319006e-40,"5","NXF1"
8.10479364583288e-45,0.86679061207272,0.354,0.183,2.40769104836757e-40,"5","RSL24D1"
8.54602494874974e-45,0.870268971423692,0.327,0.163,2.53876763152508e-40,"5","CKS2"
1.09267093280361e-44,0.750787481679462,0.327,0.159,3.2459975400797e-40,"5","UBE2L3"
1.58332525553179e-44,0.803623675647405,0.359,0.185,4.70358433660828e-40,"5","PSMB1"
2.70795467223798e-44,0.814658450655531,0.341,0.172,8.04452094481737e-40,"5","MYADM"
2.82686937139324e-44,0.523943378291357,0.604,0.366,8.3977808415979e-40,"5","SKP1"
3.53576936517689e-44,0.929670956685793,0.284,0.134,1.0503710053131e-39,"5","PSMD8"
4.39095680890851e-44,0.382751507013081,0.58,0.339,1.30442153922245e-39,"5","TRBC2"
7.03111788682851e-44,0.784214429222081,0.36,0.188,2.08873419064015e-39,"5","NDUFB8"
1.1416838905552e-43,0.914902656633111,0.276,0.129,3.39160033367232e-39,"5","TRDC"
1.2115411007168e-43,0.797585160213082,0.387,0.208,3.5991251478994e-39,"5","EIF3G"
1.86136814138779e-43,0.610070688130028,0.409,0.216,5.5295663376207e-39,"5","TCF25"
2.75288470843373e-43,0.783215203653261,0.389,0.211,8.17799460334408e-39,"5","SNHG8"
3.82063803887511e-43,0.731253967805324,0.403,0.22,1.13499694220863e-38,"5","APRT"
4.58944238454962e-43,0.593001574267361,0.452,0.253,1.36338564917815e-38,"5","YWHAB"
4.67899322272678e-43,0.730566450362053,0.336,0.169,1.38998851667544e-38,"5","PSAP"
7.88488725538884e-43,1.00892239715022,0.256,0.117,2.34236345695836e-38,"5","DYNLRB1"
8.59680507263524e-43,0.733480311047276,0.334,0.168,2.55385288292775e-38,"5","CSTB"
8.69194705912167e-43,0.896477755629831,0.285,0.136,2.58211671285327e-38,"5","ATP5F1A"
1.46805554081209e-42,0.914247699560482,0.278,0.132,4.36115259509048e-38,"5","NDUFB9"
2.70703026614845e-42,0.841181356515872,0.317,0.159,8.04177481164719e-38,"5","SNX3"
2.71823558721219e-42,0.838448324674588,0.275,0.128,8.07506245893127e-38,"5","LAMP1"
3.38981124648915e-42,0.784891783736486,0.286,0.135,1.00701122699453e-37,"5","CASP4"
6.64955124909957e-42,0.794124446666651,0.339,0.174,1.97538218957001e-37,"5","C19orf53"
8.67652325916233e-42,0.882688778516219,0.279,0.133,2.57753476459935e-37,"5","RANBP1"
9.22584547434926e-42,0.799157520178401,0.351,0.183,2.74072191506493e-37,"5","C12orf57"
1.1962032930918e-41,0.638564781828254,0.511,0.302,3.55356112278782e-37,"5","TRA2B"
1.21815050273309e-41,0.849189888407282,0.32,0.163,3.61875969846919e-37,"5","SYF2"
1.64591945665947e-41,0.855151230855991,0.318,0.161,4.88953292989827e-37,"5","CACYBP"
2.11759058082645e-41,0.867358212048629,0.251,0.114,6.29072633846114e-37,"5","MIDN"
2.2212199267797e-41,0.908338715768212,0.275,0.131,6.59857803648445e-37,"5","ENY2"
2.92806698325364e-41,0.690922518045245,0.407,0.224,8.69840858715159e-37,"5","SDCBP"
3.36299526931007e-41,0.859620843847803,0.273,0.129,9.99045004653942e-37,"5","NOP56"
7.75159073516488e-41,0.287035220764477,1,0.584,2.30276505969543e-36,"5","RPLP1"
9.33510121751984e-41,0.926794363943377,0.282,0.137,2.77317851868862e-36,"5","FKBP8"
1.31117527787169e-40,0.54010714459264,0.473,0.271,3.89510839797344e-36,"5","IRF1"
1.86456688106943e-40,0.935608687707348,0.26,0.122,5.53906883359294e-36,"5","EIF3I"
2.15513319778602e-40,0.820351621626741,0.327,0.17,6.40225419066293e-36,"5","ARF4"
2.84758334356372e-40,0.707691806848335,0.375,0.201,8.45931583872474e-36,"5","LY6E"
5.34564665694343e-40,0.883934845035528,0.281,0.137,1.58803125237818e-35,"5","ATP5PD"
8.27892694909275e-40,0.448730677116096,0.367,0.19,2.45942082876698e-35,"5","ADGRE5"
1.04382806368991e-39,0.786276623762325,0.313,0.159,3.10090002880363e-35,"5","NDUFA11"
1.11159501882968e-39,0.628340907113168,0.335,0.17,3.30221532243734e-35,"5","RPS27L"
2.10042842052554e-39,0.588713042507261,0.378,0.2,6.23974270885521e-35,"5","HLA-F"
5.47679056137901e-39,0.839157695474349,0.31,0.16,1.62699017206886e-34,"5","GTF3A"
8.67908582194667e-39,0.864042302639344,0.291,0.147,2.5782960251257e-34,"5","ABRACL"
9.83426026607802e-39,0.762260322864666,0.313,0.16,2.9214636972438e-34,"5","VPS29"
1.23661707411818e-38,0.646947066044552,0.362,0.193,3.67361834208289e-34,"5","C9orf16"
1.42227857164926e-38,0.804323398752359,0.352,0.191,4.22516295279845e-34,"5","ATF4"
1.54107265356215e-38,0.691482932054769,0.372,0.203,4.57806453193707e-34,"5","ATP5F1D"
2.81395375497707e-38,0.733016878518589,0.284,0.139,8.35941241991038e-34,"5","CALM3"
4.03343529802445e-38,0.6422493873979,0.338,0.178,1.19821262398412e-33,"5","TMEM50A"
7.60927653955927e-38,0.82787132058146,0.259,0.124,2.26048778160687e-33,"5","SRSF9"
1.36250017569689e-37,0.793329993701568,0.256,0.121,4.04757927194275e-33,"5","NDUFS6"
1.99081776370591e-37,0.639444958344481,0.374,0.202,5.91412233064114e-33,"5","CDC42SE1"
2.32473121399916e-37,0.786055577062281,0.274,0.135,6.90607901742731e-33,"5","MGST3"
2.46317933480697e-37,0.82630768992427,0.275,0.136,7.31736684991106e-33,"5","HMGB2"
2.48656981636534e-37,0.455025174019253,0.391,0.21,7.38685295347652e-33,"5","MSN"
4.30794906272746e-37,0.76977041662784,0.267,0.13,1.27976242806445e-32,"5","PLIN2"
4.32407869759497e-37,0.833741003015143,0.29,0.147,1.28455405869454e-32,"5","KRTCAP2"
5.55669725357429e-37,0.445049891992053,0.574,0.366,1.65072805311931e-32,"5","TRAC"
7.46467348241405e-37,0.799554818957863,0.313,0.164,2.21753055142074e-32,"5","IFRD1"
9.74685567444593e-37,0.602057837383863,0.362,0.197,2.89549841520765e-32,"5","ANXA2"
1.33943457170731e-36,0.450535457978267,0.585,0.359,3.9790582821709e-32,"5","HINT1"
1.56415291599028e-36,0.744311674833068,0.301,0.155,4.64662906753233e-32,"5","CMPK1"
4.25036124043952e-36,0.333570764136226,0.576,0.347,1.26265481369737e-31,"5","RAP1B"
8.68644058795708e-36,0.686604825795916,0.367,0.202,2.58048090546441e-31,"5","EIF3L"
8.90282617682791e-36,0.829118315163859,0.301,0.156,2.64476257235027e-31,"5","NR4A1"
2.11767233772179e-35,0.643353790885181,0.403,0.233,6.29096921367012e-31,"5","NDUFS5"
5.70723038279361e-35,0.711260869135046,0.309,0.162,1.6954469298165e-30,"5","CLEC2B"
5.82084325251075e-35,0.587539327996388,0.399,0.228,1.72919790502337e-30,"5","HMGN1"
6.76103814404374e-35,0.840709713831677,0.26,0.129,2.00850160145107e-30,"5","SF3B6"
8.42692676982625e-35,0.679126784622197,0.298,0.154,2.50338713551228e-30,"5","ATP1B3"
1.77873395957706e-34,0.774789732471257,0.267,0.133,5.28408497371557e-30,"5","RTRAF"
2.68556695051433e-34,0.888767379659822,0.259,0.129,7.97801373989293e-30,"5","TAF7"
2.90901316437002e-34,0.581340389981284,0.361,0.199,8.64180540739403e-30,"5","HNRNPF"
5.89709730393031e-34,0.778808666358825,0.282,0.146,1.75185069607858e-29,"5","NDUFB1"
6.96689390334747e-34,0.73793916037563,0.292,0.153,2.06965517186743e-29,"5","UQCR10"
8.05951499092603e-34,0.70645085079513,0.348,0.195,2.39424011835439e-29,"5","SPCS1"
1.29906330105542e-33,0.776253919023204,0.26,0.13,3.85912734844532e-29,"5","TCP1"
1.85553922386745e-33,0.511381078332546,0.467,0.28,5.51225037234304e-29,"5","CLK1"
4.91176380081313e-33,0.51362149450866,0.432,0.256,1.45913767230756e-28,"5","YPEL5"
5.98540079381436e-33,0.758929470641837,0.276,0.142,1.77808301381843e-28,"5","ISCU"
1.67568215238282e-32,0.847764002253516,0.251,0.126,4.97794897008364e-28,"5","EIF1B"
2.24410687839968e-32,0.399203577816517,0.433,0.254,6.66656830366193e-28,"5","ITGB1"
3.15157081434953e-32,0.821456645878662,0.253,0.128,9.36237141818814e-28,"5","TECR"
3.34102535377891e-32,0.787691759120748,0.264,0.136,9.925184018471e-28,"5","NDUFB4"
6.98995765285683e-32,0.747718684347213,0.273,0.142,2.07650671993418e-27,"5","SNRPF"
7.68516865864066e-32,0.676995659990709,0.322,0.178,2.28303305342238e-27,"5","HSPH1"
1.82961872159273e-31,0.530058269543191,0.374,0.213,5.43524833623551e-27,"5","PRDX1"
2.34068236260626e-31,0.700241400299576,0.256,0.13,6.95346509459443e-27,"5","NDUFC2"
4.14602207602369e-31,0.57572580137554,0.347,0.196,1.23165877812436e-26,"5","HSPD1"
6.30260988166866e-31,0.596350323628772,0.345,0.194,1.87231631754731e-26,"5","ICAM3"
8.54170984139654e-31,0.397833996463518,0.553,0.351,2.53748574258367e-26,"5","CYTIP"
1.39567602457852e-30,0.439509311441267,0.338,0.184,4.1461347662154e-26,"5","PTP4A2"
1.76395646813881e-30,0.679056660941261,0.279,0.148,5.24018547989996e-26,"5","CHMP4A"
2.32582134528427e-30,0.363263563262135,0.507,0.313,6.90931747043599e-26,"5","ACTR3"
2.52531567712401e-30,0.550867398572894,0.348,0.197,7.5019552820323e-26,"5","GYPC"
1.05955475983302e-29,0.663977812985731,0.361,0.212,3.14761932503596e-25,"5","AMD1"
1.38440289122195e-29,0.660648776864306,0.288,0.156,4.11264566895305e-25,"5","ATP5IF1"
1.70903660673972e-29,0.707547834453127,0.263,0.138,5.0770350476417e-25,"5","SELENOH"
1.7468363234103e-29,0.677042482937561,0.284,0.153,5.18932666595498e-25,"5","SLC38A2"
2.24760250385649e-29,0.639859587685229,0.31,0.173,6.67695275820649e-25,"5","JPT1"
2.2713226072468e-29,0.517415053785155,0.288,0.156,6.74741806934808e-25,"5","IFITM3"
3.39845462075758e-29,0.66283478477414,0.267,0.142,1.00957891418845e-24,"5","VPS28"
3.65479744777843e-29,0.719972869302695,0.263,0.139,1.08573067781154e-24,"5","BCAS2"
4.69285376180048e-29,0.676573215079395,0.286,0.156,1.39410606701807e-24,"5","DAZAP2"
5.15048594682989e-29,0.633842532322991,0.301,0.166,1.53005486022475e-24,"5","REX1BD"
6.1351699376346e-29,0.685822638634025,0.271,0.146,1.82257493337311e-24,"5","BUB3"
6.23386002754434e-29,0.537134367661093,0.302,0.164,1.8518927983826e-24,"5","RBX1"
2.77479263362367e-28,0.485873612732653,0.429,0.262,8.24307647670583e-24,"5","PRPF38B"
3.33868634913268e-28,0.458848797951598,0.294,0.159,9.91823553736846e-24,"5","TPM4"
3.43347069824016e-28,0.354078826329306,0.67,0.451,1.0199811403262e-23,"5","HMGB1"
5.74005105578173e-28,0.653586092838254,0.269,0.145,1.70519696714108e-23,"5","MORF4L2"
9.97597957483036e-28,0.695011793443788,0.254,0.135,2.96356425229486e-23,"5","EIF1AX"
1.33091306772212e-27,0.468429723521597,0.431,0.265,3.95374345028211e-23,"5","ANAPC16"
2.51812545484148e-27,0.662746343643926,0.26,0.141,7.48059528869758e-23,"5","TMEM230"
6.3684187727256e-27,0.599562723007842,0.296,0.167,1.8918661648136e-22,"5","GPX4"
6.40239926064198e-27,0.63664249816357,0.257,0.139,1.90196074835891e-22,"5","AC020916.1"
7.86732334781419e-27,0.574240568284256,0.269,0.144,2.33714574693516e-22,"5","KRT10"
1.01963810319769e-26,0.345571815176728,0.481,0.302,3.02903891316939e-22,"5","ARPC1B"
1.35155498839467e-26,0.633196935014998,0.26,0.14,4.01506440402406e-22,"5","SF3B2"
1.46449095308651e-26,0.530874678734583,0.366,0.218,4.3505632743341e-22,"5","MIF"
1.62379820996947e-26,0.639088165813979,0.266,0.146,4.8238173423563e-22,"5","LSM7"
3.56946560876076e-26,0.290736537610939,0.376,0.219,1.06038114839456e-21,"5","CYTOR"
4.67342020256322e-26,0.457239381089461,0.336,0.194,1.38833293957546e-21,"5","CDC37"
8.69787292778671e-26,0.625025360928274,0.331,0.197,2.5838771106576e-21,"5","ALOX5AP"
1.7815221910325e-25,0.334147706485174,0.593,0.392,5.29236797290023e-21,"5","UBE2D3"
3.70687130376208e-25,0.509848428484112,0.298,0.168,1.1012002582086e-20,"5","EID1"
2.51418820747064e-24,0.437699204338951,0.351,0.209,7.46889890793302e-20,"5","C11orf58"
2.84103317673219e-24,0.407824764293328,0.39,0.238,8.43985725811831e-20,"5","GSTK1"
4.69934555535504e-24,0.438960309200928,0.366,0.222,1.39603458412932e-19,"5","EIF4G2"
5.8413694918806e-24,0.532376627501414,0.27,0.151,1.73529563495297e-19,"5","RNPS1"
1.40109114757685e-23,0.311193217332259,0.464,0.294,4.16222147210656e-19,"5","CD47"
1.54097791053683e-23,0.484804417526371,0.292,0.168,4.57778307883176e-19,"5","MZT2B"
1.91902353201463e-23,0.443964755841085,0.288,0.165,5.70084320655586e-19,"5","ENSA"
2.50486687377931e-23,0.639652515578518,0.252,0.141,7.44120802193619e-19,"5","PRDX2"
4.81496998639596e-23,0.499175404930322,0.316,0.188,1.43038313385865e-18,"5","SET"
4.93086734144572e-23,0.524717209574874,0.342,0.21,1.46481276112328e-18,"5","TSPO"
5.28040936352157e-23,0.345208123054251,0.546,0.371,1.56865120962135e-18,"5","RSRP1"
7.64119965054203e-23,0.416955839786604,0.253,0.138,2.26997118018652e-18,"5","AC004687.1"
1.52116439432871e-22,0.286716412568806,0.577,0.391,4.51892306623231e-18,"5","FUS"
1.63646919886448e-22,0.502082711174427,0.325,0.196,4.8614590490667e-18,"5","SNU13"
2.58705099181571e-22,0.512928881851629,0.26,0.147,7.68535238138694e-18,"5","UBE2I"
9.19466788908722e-22,0.478853904995573,0.289,0.171,2.73145998981114e-17,"5","FKBP1A"
9.92826253956391e-22,0.557685141939425,0.292,0.175,2.94938895262825e-17,"5","PAIP2"
1.093102814248e-21,0.502064846416185,0.262,0.15,3.24728053028655e-17,"5","MRPS6"
2.40697549632678e-21,0.349229144883533,0.331,0.201,7.15040210693796e-17,"5","SELENOF"
2.75094256083455e-21,0.483218739454243,0.375,0.24,8.17222506547119e-17,"5","ZNF331"
2.76969249442962e-21,0.373804771432274,0.371,0.231,8.22792549320207e-17,"5","SERBP1"
5.22589229623622e-21,0.39810483877507,0.398,0.255,1.55245582444289e-16,"5","MORF4L1"
5.89107512631206e-21,0.56753940011955,0.286,0.172,1.75006168777352e-16,"5","ZFAND5"
2.57624313657502e-20,0.31760821400924,0.317,0.19,7.6532454858234e-16,"5","HCLS1"
4.49881671281003e-20,0.374528255411891,0.392,0.254,1.33646348087448e-15,"5","CNBP"
6.13342640022966e-20,0.306537452484546,0.347,0.215,1.82205698071623e-15,"5","TBCA"
2.99268983978372e-19,0.529685858182768,0.304,0.189,8.89038370704548e-15,"5","C1orf56"
3.03219727034896e-19,0.449442626364253,0.264,0.156,9.00774843102565e-15,"5","TSPYL2"
3.74661493830524e-19,0.261544719975378,0.499,0.329,1.11300689972234e-14,"5","EIF3E"
5.22523859023817e-19,0.498459923675787,0.271,0.164,1.55226162800205e-14,"5","DDX18"
6.90272532236512e-19,0.408773063248793,0.265,0.158,2.05059261151501e-14,"5","XRCC6"
4.10267839894868e-18,0.431602620111577,0.3,0.188,1.21878267197568e-13,"5","SQSTM1"
1.80309841868805e-17,0.281261244252479,0.387,0.254,5.3564644723966e-13,"5","REL"
2.81206555883278e-17,0.250846410987738,0.645,0.465,8.35380315562455e-13,"5","RBM39"
2.95009565907875e-17,0.355872464156959,0.286,0.176,8.76384917442524e-13,"5","UBE2N"
6.27476989612783e-17,0.415030881265819,0.265,0.163,1.8640458930427e-12,"5","MRPS21"
7.38026070191386e-17,0.299143231569898,0.451,0.309,2.19245404671755e-12,"5","CCNL1"
7.57123545321758e-17,0.445729962824891,0.261,0.161,2.24918691608735e-12,"5","ST13"
1.04583446685323e-16,0.257124693327825,0.284,0.175,3.10686045068088e-12,"5","PTPN7"
1.85685144154935e-16,0.416053541142211,0.28,0.177,5.51614857741064e-12,"5","H2AFV"
3.82121595918003e-16,0.327094603926844,0.278,0.173,1.13516862499361e-11,"5","NFE2L2"
2.3220636336862e-15,0.35792038328429,0.284,0.181,6.89815443659159e-11,"5","SSBP1"
4.98727092704295e-15,0.266201979820357,0.296,0.188,1.48156857429665e-10,"5","LAT"
6.49358213130645e-15,0.260724415141513,0.256,0.159,1.92904844374721e-10,"5","DEK"
6.21295887473297e-14,0.417560967148741,0.292,0.196,1.84568369291692e-09,"5","C6orf48"
2.53656147671607e-11,0.25784483437506,0.27,0.182,7.53536317888044e-07,"5","PPP1R10"
0,3.755026935448,0.457,0.044,0,"6","DTHD1"
0,4.00168451206197,0.267,0.019,0,"6","AC243829.1"
1.18723591875403e-297,2.58394298226234,0.578,0.127,3.5269217438426e-293,"6","AOAH"
7.40299208151328e-267,3.41173910446282,0.266,0.026,2.19920685765515e-262,"6","PZP"
3.05822995918327e-264,2.79281486521524,0.41,0.068,9.08508373974574e-260,"6","AF165147.1"
1.93951918209552e-262,1.86256938871479,0.877,0.375,5.76172963425118e-258,"6","RABGAP1L"
2.61574409418203e-245,2.47617274275715,0.49,0.105,7.77059098058656e-241,"6","ST8SIA1"
9.50990412576751e-231,1.75943274196827,0.791,0.294,2.82510721864175e-226,"6","ATXN1"
5.62656487445433e-226,1.82177985768148,0.781,0.3,1.67148362725415e-221,"6","PITPNC1"
3.96606801838737e-225,2.51140820562204,0.489,0.112,1.17819982622234e-220,"6","LINC01934"
1.94238866164728e-213,1.63264399418376,0.812,0.332,5.77025399715556e-209,"6","UTRN"
4.46215626957197e-204,1.7456801610004,0.787,0.338,1.32557276300174e-199,"6","CBLB"
5.41742244165795e-202,1.84425076425352,0.683,0.236,1.60935368474333e-197,"6","TOX"
8.43424543989648e-202,2.5654510862052,0.413,0.088,2.50556129283005e-197,"6","IFNG-AS1"
7.2506424487396e-196,1.97911046408569,0.589,0.182,2.15394835224707e-191,"6","ARHGAP26"
4.88291268807143e-193,2.1305573180248,0.513,0.139,1.45056687224538e-188,"6","TRPS1"
8.42014802687333e-193,1.86777381002199,0.644,0.214,2.50137337434326e-188,"6","THEMIS"
2.04827873332242e-188,1.86395997919834,0.578,0.172,6.08482163308092e-184,"6","XIST"
2.78493795323649e-188,1.72880498338973,0.695,0.253,8.27321517767965e-184,"6","KLF12"
8.18060184291936e-187,1.82122197962752,0.672,0.25,2.43021138947605e-182,"6","TC2N"
5.55912936549482e-183,1.25502431028434,0.938,0.691,1.65145056060755e-178,"6","PTPRC"
2.21894358908349e-180,1.34104250639636,0.901,0.449,6.59181572009033e-176,"6","SKAP1"
2.04592479008732e-179,1.80826259434395,0.642,0.23,6.07782877391242e-175,"6","PRKCB"
6.29645380718811e-179,1.56967089313589,0.639,0.208,1.87048753250137e-174,"6","ANK3"
3.15266373719737e-178,1.51381822392741,0.764,0.309,9.36561816409222e-174,"6","LRBA"
2.82085627410361e-176,2.90521009787453,0.263,0.041,8.37991773347959e-172,"6","A2M"
1.85880304304933e-175,1.47540271273897,0.833,0.459,5.52194619998663e-171,"6","FYN"
2.53885424348519e-169,1.2152623813285,0.926,0.51,7.54217430112144e-165,"6","MBNL1"
1.48808341041378e-168,1.49950694173659,0.792,0.394,4.42064938731621e-164,"6","PRKCH"
5.97346666571064e-165,1.54643408271141,0.791,0.419,1.77453774238266e-160,"6","PIP4K2A"
7.90509059743118e-164,1.76819999460204,0.636,0.246,2.34836526377888e-159,"6","WNK1"
8.81961224367018e-164,1.89691887156362,0.508,0.152,2.6200422092271e-159,"6","ATP8A1"
3.12560576264662e-163,1.92612963644808,0.535,0.171,9.2852370390943e-159,"6","ITGA4"
3.48552882088903e-152,1.67212309608494,0.617,0.24,1.0354460468215e-147,"6","SAMD3"
2.84390954186789e-140,1.30878028735209,0.794,0.392,8.44840207602695e-136,"6","ZBTB20"
1.06032818052023e-136,1.97401618972622,0.443,0.135,3.14991692587145e-132,"6","MAN2A1"
1.59853732211488e-136,1.90030869604662,0.483,0.158,4.74877482280667e-132,"6","PPP1R16B"
6.08356509081605e-133,1.63637524714799,0.566,0.212,1.80724468152872e-128,"6","FBXL17"
6.31617592698772e-132,1.75010456793853,0.537,0.2,1.87634638263024e-127,"6","NEK7"
8.24858683365468e-131,1.80584451184475,0.634,0.304,2.4504076906738e-126,"6","CNOT6L"
5.58093418547933e-129,1.64404550267912,0.529,0.193,1.65792811848035e-124,"6","SYNE1"
7.94435115930519e-126,1.47226118194916,0.581,0.219,2.36002839889479e-121,"6","ARL15"
4.99787701065009e-125,1.16872555754593,0.786,0.396,1.48471932355382e-120,"6","ANKRD44"
2.72470596664013e-124,1.72994589626886,0.461,0.151,8.09428401509783e-120,"6","SFMBT2"
5.68731477232971e-124,1.50572260209599,0.543,0.197,1.68953059941599e-119,"6","LINC01619"
1.0114976175612e-122,1.64080977098078,0.495,0.173,3.00485597248905e-118,"6","SLFN12L"
1.18818335989492e-122,1.39521284350873,0.612,0.249,3.52973630723984e-118,"6","SIK3"
1.87761498984608e-122,1.81344315775573,0.516,0.203,5.57783085033575e-118,"6","LYST"
1.47997377518099e-121,1.36877311174414,0.752,0.445,4.39655809393018e-117,"6","CDC42SE2"
4.54862855241672e-120,1.62258565976712,0.504,0.182,1.35126108406643e-115,"6","KDM6A"
8.0061817225638e-116,1.46634776543417,0.551,0.218,2.37839640432203e-111,"6","NCOA1"
3.63160528984429e-114,1.28226627300625,0.696,0.337,1.07884098345404e-109,"6","PARP8"
1.04292956886909e-112,1.63647722173811,0.518,0.204,3.09823087023941e-108,"6","ARAP2"
1.78326708648579e-112,0.849569488707788,0.907,0.509,5.29755153382335e-108,"6","ARHGAP15"
8.35460493807753e-112,1.69812842298012,0.488,0.185,2.48190248895469e-107,"6","SLC4A7"
9.48747895676567e-112,1.38199616404422,0.602,0.258,2.81844537368638e-107,"6","FAM172A"
1.5201212466638e-111,1.13069952442486,0.726,0.352,4.51582418746415e-107,"6","FOXN3"
1.65741779370257e-111,1.30353309250926,0.623,0.267,4.92369103975222e-107,"6","DPYD"
1.04421156094777e-108,1.23164139629268,0.641,0.292,3.10203928410755e-104,"6","BCL11B"
3.19832390227893e-108,1.77835064417888,0.406,0.131,9.50126081650002e-104,"6","GTDC1"
4.28587189563769e-108,1.23360633632368,0.685,0.35,1.27320396403709e-103,"6","SMCHD1"
5.09779574250046e-107,1.3668942443232,0.6,0.262,1.51440218122461e-102,"6","PICALM"
9.27594531242716e-107,1.11932430738262,0.744,0.408,2.75560507396274e-102,"6","TNRC6B"
2.25543697294353e-106,1.51007008232456,0.563,0.255,6.70022661552335e-102,"6","CCSER2"
2.38819628083816e-106,1.42659993904015,0.547,0.223,7.09461469148593e-102,"6","EPB41"
7.45381693501125e-104,1.5360237921725,0.476,0.176,2.21430539688379e-99,"6","HIVEP2"
3.05670243735455e-103,1.20216420636582,0.72,0.395,9.08054593064916e-99,"6","FOXP1"
6.71337178213928e-103,1.64636553950107,0.415,0.141,1.99434135532012e-98,"6","STK39"
2.23939685119728e-102,1.30013588246444,0.5,0.189,6.65257622585175e-98,"6","PAM"
6.9693002925449e-102,1.66506309849406,0.475,0.188,2.07037003790631e-97,"6","STAG2"
1.21892634789438e-101,1.24813891289564,0.62,0.279,3.62106450168983e-97,"6","BIRC6"
2.70338387019743e-100,1.59054155014261,0.444,0.161,8.03094246319551e-96,"6","PCNX2"
4.87200083563343e-100,1.42423994980589,0.512,0.203,1.44732528824162e-95,"6","NCOA2"
6.05333392919368e-100,1.48111322626851,0.522,0.216,1.79826391034557e-95,"6","DENND4A"
1.23833803448917e-99,1.26856246592528,0.618,0.294,3.67873079905699e-95,"6","IQGAP2"
2.34678312827229e-98,1.27977215681163,0.586,0.261,6.97158863915849e-94,"6","ELMO1"
4.27840956981562e-98,1.71274563338566,0.421,0.154,1.27098713090513e-93,"6","IKZF3"
7.47976279439096e-96,2.06464637849831,0.348,0.115,2.22201313332972e-91,"6","SLF1"
2.50387750082848e-93,1.21235183635859,0.661,0.362,7.43826889171115e-89,"6","SYNE2"
2.51163507155604e-93,1.22863379074628,0.586,0.262,7.46131430707154e-89,"6","ZFAND3"
8.56964778465042e-93,1.47268381232131,0.495,0.209,2.5457852673861e-88,"6","ATF7IP"
9.37665713755109e-93,1.08730946848671,0.626,0.285,2.7855235358523e-88,"6","MAML2"
1.03658923386147e-91,0.976213596890948,0.665,0.317,3.07939563703228e-87,"6","INPP4B"
1.22519693389664e-90,1.18334786248466,0.612,0.294,3.63969253152675e-86,"6","SSH2"
1.30457728238792e-90,1.61930992150215,0.397,0.141,3.87550773278981e-86,"6","RFX3"
3.54879979078782e-90,1.2550993019335,0.581,0.277,1.05424195384934e-85,"6","ATM"
7.99857482640387e-90,1.42237035232137,0.499,0.211,2.3761366236798e-85,"6","NLRC5"
2.32088069475973e-89,1.14176392080113,0.6,0.275,6.89464027992272e-85,"6","FTX"
4.12338924258713e-89,1.16686423247699,0.508,0.204,1.22493524229536e-84,"6","PTPRJ"
4.6391755240252e-89,1.26203755895535,0.581,0.275,1.37815987292217e-84,"6","PAN3"
2.11399510443357e-88,2.00496815703009,0.283,0.082,6.28004525674082e-84,"6","BICDL1"
2.1307247027502e-88,1.23082013262515,0.568,0.258,6.32974387446001e-84,"6","STAG1"
3.63394549799954e-88,1.26319602128146,0.518,0.219,1.07953618909072e-83,"6","TBC1D5"
1.19804622132676e-87,1.18599228910911,0.551,0.238,3.5590359096954e-83,"6","VPS13B"
1.20021725426304e-87,1.96167691163261,0.268,0.074,3.56548539723922e-83,"6","CEP128"
8.90922928236607e-87,1.07866878524034,0.642,0.317,2.64666474291249e-82,"6","DOCK8"
2.88655838861813e-85,1.33097897581589,0.463,0.184,8.57509900506789e-81,"6","BCAS3"
3.88867339537948e-85,1.42856002854764,0.455,0.188,1.15520820556538e-80,"6","ARHGAP25"
6.84491292792614e-85,1.59570497774549,0.35,0.118,2.03341828349902e-80,"6","USP24"
9.75515864090319e-85,1.77153968601809,0.33,0.109,2.89796497745311e-80,"6","NIN"
5.68407570749259e-84,1.65690893457832,0.389,0.146,1.68856837042482e-79,"6","NFATC2"
3.48016437464473e-83,1.26420917481831,0.517,0.223,1.03385243077571e-78,"6","CDKAL1"
6.81476566219155e-83,1.23662124637439,0.532,0.238,2.02446243526724e-78,"6","PCED1B"
9.50812441822278e-83,1.74756431900412,0.342,0.118,2.82457852092144e-78,"6","GPR174"
3.18220270579596e-82,1.30596793525755,0.468,0.194,9.45336957810806e-78,"6","COP1"
4.2163744258184e-82,1.8431928640916,0.355,0.13,1.25255835067787e-77,"6","HNRNPLL"
4.7223302672188e-82,1.71046209753924,0.355,0.126,1.40286265248269e-77,"6","PPP2R2B"
8.59051651640575e-82,1.20212020827598,0.541,0.243,2.55198474152866e-77,"6","EXOC4"
5.92590498255257e-81,1.2936683801834,0.48,0.204,1.76040859316689e-76,"6","BTBD9"
7.26916397811264e-81,1.42921204751763,0.401,0.152,2.15945054297792e-76,"6","RNF38"
2.36785916724152e-80,1.00105331795246,0.577,0.261,7.03419922812439e-76,"6","PCNX1"
3.88060208774142e-80,1.3658450503319,0.514,0.246,1.15281046220534e-75,"6","RNF19A"
9.272426551398e-80,1.22890388671666,0.557,0.273,2.7545597556238e-75,"6","CCDC91"
1.21505226584017e-79,1.4117146887513,0.452,0.192,3.60955576613139e-75,"6","RICTOR"
1.26785986423585e-79,1.29906829915661,0.506,0.227,3.76643129868545e-75,"6","MBD5"
2.7018190306852e-79,1.61416214896817,0.333,0.113,8.02629379445653e-75,"6","SIDT1"
2.78323828522758e-79,1.14407232574321,0.522,0.23,8.26816597392556e-75,"6","TCF12"
5.65404165063806e-79,1.7743803952469,0.339,0.118,1.67964615315505e-74,"6","AC068587.4"
1.02615619115876e-78,1.66972704353125,0.42,0.18,3.04840219707532e-74,"6","PYHIN1"
1.82186478129532e-78,1.64641774320821,0.317,0.105,5.41221370579401e-74,"6","AGTPBP1"
2.97724945150832e-78,1.07777160793906,0.623,0.325,8.84451494559575e-74,"6","ARID1B"
1.56748403250628e-77,1.54353239594933,0.368,0.136,4.65652481536639e-73,"6","ITCH"
2.36121712152654e-77,1.71170985854007,0.301,0.098,7.01446770291891e-73,"6","ARHGAP35"
2.535612901936e-77,1.12718696212133,0.56,0.262,7.53254524778127e-73,"6","AKT3"
2.89234244899642e-77,1.32426638041181,0.45,0.188,8.59228171323368e-73,"6","PRKCQ"
3.58140787915721e-77,0.306681681743067,1,0.999,1.06392883866123e-72,"6","MALAT1"
1.79964549669435e-76,1.1454332561034,0.472,0.192,5.34620687702991e-72,"6","NIBAN1"
1.82742711481324e-76,1.62016490224974,0.294,0.094,5.4287377299757e-72,"6","KIAA0825"
4.10502500708979e-76,1.39739138605244,0.368,0.134,1.21947977885616e-71,"6","SEPTIN7"
6.98638430579609e-75,1.36742586181162,0.392,0.149,2.07544518572284e-70,"6","SEPTIN6"
7.11488242766163e-75,1.13285462422359,0.672,0.452,2.11361812278544e-70,"6","PPP2R5C"
2.27328812295013e-74,1.34421914724255,0.401,0.157,6.75325702684796e-70,"6","ATP11B"
1.05441127077369e-72,1.2069782855947,0.565,0.312,3.1323395620874e-68,"6","SH3KBP1"
3.43872956118144e-72,1.23157952495379,0.456,0.197,1.02154339074017e-67,"6","PPP6R3"
4.00118949095856e-72,1.21925275390747,0.487,0.221,1.18863336207906e-67,"6","HERC4"
1.68902243335717e-71,1.36974079152136,0.406,0.164,5.01757894277415e-67,"6","USP25"
3.07785561278222e-71,1.40589099429686,0.402,0.166,9.14338566889215e-67,"6","ATP2B4"
5.23229802627439e-71,1.4831865521719,0.371,0.146,1.55435877466533e-66,"6","ZNF831"
5.76327633536441e-71,1.30238197611593,0.406,0.165,1.7120965009467e-66,"6","EIF4G3"
4.68509722735704e-70,1.43429826118218,0.404,0.173,1.39180183333096e-65,"6","RASGRP1"
1.21688029831615e-69,1.27773998026884,0.446,0.197,3.61498630220778e-65,"6","DYRK1A"
1.9239233223988e-69,1.78498816968279,0.282,0.095,5.71539901385012e-65,"6","ATXN7L1"
2.76750450226788e-69,1.18647868597912,0.505,0.244,8.2214256248872e-65,"6","PPP3CA"
2.96181026651207e-69,1.31931872744411,0.437,0.193,8.7986497587274e-65,"6","KAT6A"
6.10695768411483e-69,1.45194567168996,0.289,0.095,1.81419391921999e-64,"6","C5orf56"
7.25145261277946e-69,1.25076685154381,0.496,0.242,2.15418902767839e-64,"6","STAT4"
2.61968477730215e-68,0.955894400859112,0.597,0.31,7.7822975679315e-64,"6","CHST11"
6.35839688850196e-68,1.26786403317784,0.4,0.162,1.88888896366728e-63,"6","FCHSD2"
3.28888226592356e-67,1.24010948977246,0.382,0.149,9.77028254737912e-63,"6","RESF1"
3.90873365864831e-67,1.47972513628506,0.401,0.172,1.16116750797465e-62,"6","MLLT3"
4.75390191145129e-67,1.71973725552556,0.25,0.078,1.41224164083484e-62,"6","RFX3-AS1"
6.35625128093145e-67,1.09577395884105,0.533,0.268,1.88825156802631e-62,"6","USP34"
1.46129116444457e-66,1.47067813323359,0.343,0.133,4.34105766221547e-62,"6","TGFBR2"
7.37514438631015e-66,1.10674862947398,0.501,0.239,2.19093414284116e-61,"6","DOCK2"
3.19407247651149e-65,1.06034557927864,0.51,0.25,9.48863110597268e-61,"6","PHACTR2"
3.29619617036966e-65,1.64540346912546,0.257,0.083,9.79200996331715e-61,"6","TMEM181"
5.57093636073401e-65,1.12268476283642,0.47,0.216,1.65495806468325e-60,"6","VTI1A"
1.08466519149028e-64,1.29189228763461,0.397,0.168,3.22221488436017e-60,"6","ARFGEF1"
1.18759285955189e-64,1.19626760587854,0.498,0.246,3.52798210787081e-60,"6","NIPBL"
2.1046673950644e-64,1.25022747054276,0.538,0.307,6.2523354305178e-60,"6","WIPF1"
2.2704805658952e-64,1.17940933819068,0.48,0.232,6.74491661710487e-60,"6","TBL1XR1"
4.14898864049746e-64,1.09348274674669,0.494,0.235,1.23254005543258e-59,"6","MED13L"
1.03497965679954e-63,1.03191253273721,0.523,0.255,3.0746140664544e-59,"6","SMYD3"
2.61646748116919e-63,1.17085779920507,0.451,0.208,7.7727399463093e-59,"6","VPS13C"
3.76116928037834e-63,1.04181125415429,0.517,0.261,1.11733055812199e-58,"6","KANSL1"
4.04596943266192e-63,1.21787381374609,0.459,0.22,1.20193613936088e-58,"6","NFATC3"
4.51080377203731e-63,1.04849905214882,0.501,0.244,1.34002447655912e-58,"6","RASA2"
1.95918518500977e-62,1.39149092245223,0.294,0.103,5.82015142910853e-58,"6","LINC01138"
3.29624846766958e-62,1.3290390527355,0.372,0.155,9.79216532290602e-58,"6","TAB2"
5.57881634530468e-62,1.53877872563299,0.301,0.112,1.65729897169966e-57,"6","RFFL"
1.08683985346683e-61,1.1229440115984,0.472,0.224,3.2286751526939e-57,"6","HERC1"
6.49610553517178e-61,1.41972219396916,0.318,0.12,1.92979807133348e-56,"6","SNHG14"
1.91458699812172e-60,1.47500017804494,0.315,0.122,5.68766359532018e-56,"6","FAM214A"
2.20031876499877e-60,1.20682700765997,0.427,0.198,6.53648695518185e-56,"6","R3HDM2"
5.05985988932815e-60,1.17423553759965,0.414,0.183,1.50313257732271e-55,"6","KDM4C"
2.40162687953433e-59,1.19125710558778,0.464,0.232,7.13451297103263e-55,"6","EPS15"
2.79865595800442e-59,1.30556251399295,0.361,0.15,8.31396725444373e-55,"6","MAP3K5"
3.13208402830219e-59,1.55158213762653,0.264,0.092,9.30448202287731e-55,"6","RC3H2"
3.62059761038756e-59,1.37693519045434,0.344,0.142,1.07557093211783e-54,"6","PPP6R2"
5.3892723635144e-59,1.25154994469268,0.408,0.185,1.60099114102922e-54,"6","ZNF638"
1.09851310568833e-58,1.09013907538464,0.47,0.226,3.26335288306832e-54,"6","FAF1"
1.76007128741166e-58,1.04114702471224,0.579,0.349,5.22864377351382e-54,"6","CLEC2D"
8.75249961263747e-58,1.18792537846726,0.451,0.218,2.60010505992621e-53,"6","ZCCHC7"
1.66256355976565e-57,1.59666465711767,0.264,0.093,4.93897756699581e-53,"6","PCCA"
1.71993930492166e-57,1.37127324578834,0.352,0.15,5.10942369313076e-53,"6","PPP3R1"
2.82057067588447e-57,1.10672571039784,0.401,0.175,8.37906930685e-53,"6","TRAPPC9"
6.09265889963177e-57,1.34368636753555,0.327,0.129,1.80994617931361e-52,"6","VWA8"
9.18516723374003e-57,1.04984253426336,0.465,0.226,2.72863763012715e-52,"6","CEP85L"
1.29802477655198e-56,1.19667769863678,0.385,0.17,3.85604220370297e-52,"6","PHC3"
1.96925345120088e-56,1.22005171107616,0.386,0.168,5.85006122748246e-52,"6","WWOX"
2.40548761633452e-56,1.38449269047867,0.299,0.115,7.14598206184495e-52,"6","ZNRF2"
2.87783532178611e-56,1.42687976197679,0.312,0.123,8.54918539042998e-52,"6","PSME4"
2.90333490722387e-56,1.36578463014223,0.382,0.175,8.62493700888995e-52,"6","TUT4"
4.54111408014776e-56,1.4959782492304,0.303,0.119,1.3490287597895e-51,"6","PLCL1"
4.73969367820237e-56,0.820596746359722,0.675,0.441,1.40802080098358e-51,"6","CELF2"
5.51680281983891e-56,1.46730215497024,0.352,0.156,1.63887661368955e-51,"6","PRKACB"
6.03461057299592e-56,1.23387430848691,0.353,0.148,1.7927017629199e-51,"6","MON2"
7.11492562036523e-56,1.09336959364964,0.401,0.179,2.1136309540419e-51,"6","SIPA1L1"
8.41084872344059e-56,1.27354148510919,0.362,0.158,2.4986108302725e-51,"6","BRWD1"
1.06715044411282e-55,1.35823824515839,0.374,0.169,3.17018382432596e-51,"6","SENP6"
1.08483343078516e-55,1.26254204413101,0.404,0.193,3.22271467283346e-51,"6","ITGAL"
1.18167380837705e-55,1.30172668305467,0.348,0.147,3.5103983825457e-51,"6","DIAPH2"
1.39204404075876e-55,1.42105148559007,0.333,0.139,4.13534523188205e-51,"6","TNKS"
1.41338161337819e-55,0.922834994907736,0.512,0.262,4.1987327588626e-51,"6","PDE7A"
1.64567534546404e-55,1.15679361305989,0.428,0.207,4.88880774877001e-51,"6","STK10"
3.16495361458529e-55,1.42877166071966,0.297,0.115,9.40212770284852e-51,"6","RALGAPA2"
4.10223001359949e-55,1.16792839710323,0.421,0.2,1.21864947014e-50,"6","PUM2"
4.99087323107559e-55,1.25056989689573,0.415,0.2,1.48263871075563e-50,"6","ZMYM2"
5.93780276956104e-55,1.34981055379108,0.327,0.135,1.7639430687535e-50,"6","SCAF8"
6.13595730939835e-55,1.1756852491924,0.446,0.226,1.82280883790297e-50,"6","PCM1"
9.93551729683185e-55,1.24411609609528,0.36,0.157,2.95154412336984e-50,"6","PKN2"
1.72245673997494e-54,0.85875290970881,0.541,0.275,5.11690223744356e-50,"6","CASK"
2.58318390375972e-54,1.47049463196824,0.317,0.131,7.673864422899e-50,"6","USP9X"
3.73739709433631e-54,1.34320195300151,0.295,0.114,1.11026855481449e-49,"6","LINC01578"
9.09900987473429e-54,1.29054231605277,0.356,0.157,2.70304286348731e-49,"6","TNRC6C"
1.00891346966288e-53,1.22559388769324,0.379,0.173,2.99717924432753e-49,"6","CUL3"
1.01255041001014e-53,1.00775426862802,0.544,0.308,3.00798350301711e-49,"6","MYCBP2"
2.53252291653303e-53,1.3270700839328,0.355,0.156,7.52336582814469e-49,"6","CAMKMT"
2.92714171858296e-53,1.32046336282683,0.322,0.131,8.69565990339441e-49,"6","EXOC6B"
2.98724641915669e-53,1.18852694712745,0.365,0.161,8.87421293738878e-49,"6","DLG1"
4.38924429117704e-53,1.64053399099729,0.327,0.145,1.30391280157996e-48,"6","CEMIP2"
7.04026303662218e-53,1.2015327221725,0.383,0.176,2.09145094028935e-48,"6","GATAD2B"
1.01276944283963e-52,1.25136577538826,0.336,0.141,3.0086341838437e-48,"6","ATP9B"
1.15772486488395e-52,1.19321445956986,0.38,0.172,3.43925325611074e-48,"6","ARID2"
1.72241117947692e-52,1.13954769962919,0.462,0.248,5.11676689087208e-48,"6","OGA"
4.43978014586216e-52,1.16790969698272,0.437,0.222,1.31892548793127e-47,"6","CDK13"
8.14624565539222e-52,1.23163957977499,0.374,0.171,2.42000519684737e-47,"6","RERE"
1.0011053429867e-51,0.724809852969697,0.621,0.358,2.97398364241059e-47,"6","RIPOR2"
1.23656028327247e-51,1.18631594606204,0.427,0.22,3.67344963351752e-47,"6","SLC38A1"
1.68408231119982e-51,1.20653760245102,0.374,0.172,5.0029033218813e-47,"6","DENND1B"
2.57967142525493e-51,1.14602718827718,0.419,0.208,7.66342990300482e-47,"6","TTC17"
2.9620318743685e-51,1.19847028358222,0.358,0.157,8.7993080891865e-47,"6","PHF21A"
4.97589676021576e-51,1.1730789510385,0.386,0.181,1.47818965055729e-46,"6","OGT"
5.09030034766897e-51,1.31365070135487,0.31,0.127,1.51217552428202e-46,"6","OSBPL3"
1.10442046180577e-50,0.915001020209604,0.537,0.301,3.28090186588639e-46,"6","ASH1L"
1.20495960259727e-50,0.957759834388617,0.622,0.425,3.5795734914357e-46,"6","FYB1"
1.29706199741264e-50,1.14043575999459,0.376,0.172,3.85318207571373e-46,"6","STIM1"
4.20374183347942e-50,1.19330587245892,0.372,0.172,1.24880558647173e-45,"6","SENP7"
4.31998920584701e-50,1.47289671153736,0.342,0.157,1.28333919338097e-45,"6","ZEB2"
8.4566294537409e-50,1.17513593136551,0.359,0.16,2.51221091182281e-45,"6","CLASP1"
1.131136776765e-49,1.31949581933024,0.257,0.095,3.36026802273579e-45,"6","FAM120B"
2.86808708261774e-49,1.04824391353585,0.401,0.189,8.52022629633252e-45,"6","TBC1D22A"
4.09892344230473e-49,1.06310903945365,0.396,0.185,1.21766718700547e-44,"6","SPIDR"
5.78958630943778e-49,0.993160648374357,0.486,0.257,1.71991240494468e-44,"6","RUNX1"
7.98529871326983e-49,1.06391081075607,0.453,0.244,2.37219268875107e-44,"6","BPTF"
1.89589192927383e-48,1.23487687712171,0.341,0.154,5.63212615429376e-44,"6","SMG1"
1.93266943591798e-48,1.20376968235921,0.413,0.211,5.74138109328155e-44,"6","PIAS1"
2.32490259828332e-48,1.31175413097877,0.311,0.131,6.90658814872025e-44,"6","VPS13D"
2.69002472448625e-48,1.20439156628264,0.319,0.137,7.99125644903129e-44,"6","RNGTT"
4.48154369639663e-48,1.01495504631502,0.394,0.185,1.33133218588855e-43,"6","ITPR2"
4.83701116611971e-48,1.46120626301676,0.258,0.1,1.43693090711918e-43,"6","SFI1"
5.34076429364474e-48,1.21978261695102,0.37,0.176,1.58658084871304e-43,"6","SETD2"
7.09992001540082e-48,1.2266503488008,0.458,0.272,2.10917323897512e-43,"6","PDCD4"
1.21445485337692e-47,0.800366427484493,0.477,0.245,3.60778103292683e-43,"6","PDE3B"
1.24483698518884e-47,0.988733317121813,0.551,0.366,3.69803723190048e-43,"6","FAM49B"
1.41953714753549e-47,1.28849303973198,0.336,0.153,4.21701900418368e-43,"6","JPX"
1.51403932677391e-47,0.954389319954637,0.518,0.306,4.49775662804726e-43,"6","ANKRD11"
1.77582711645945e-47,1.25836521079356,0.316,0.136,5.27544961486609e-43,"6","RAPGEF1"
2.153829538077e-47,0.784321528314637,0.657,0.461,6.39838140876535e-43,"6","ANKRD12"
2.19955780564352e-47,1.11852299346191,0.463,0.26,6.53422637322522e-43,"6","CHD2"
4.33660180957568e-47,0.983824754858502,0.425,0.21,1.28827429957065e-42,"6","PACS1"
5.48062249220092e-47,1.27456764756853,0.352,0.167,1.62812852375813e-42,"6","SMARCA2"
5.95575261924932e-47,1.34366267103276,0.282,0.116,1.7692754306004e-42,"6","STXBP5"
9.80745499028754e-47,1.43256971360097,0.263,0.105,2.91350065396472e-42,"6","SEL1L3"
1.33403142647785e-46,1.14017391737984,0.334,0.148,3.96300715863773e-42,"6","DOCK11"
1.83737734040565e-46,1.3432433198386,0.261,0.102,5.45829686514307e-42,"6","EXOC2"
1.95084244359719e-46,1.20539034334,0.355,0.168,5.79536764719417e-42,"6","NCK2"
2.463203592772e-46,1.14226324751932,0.388,0.191,7.31743891304779e-42,"6","ERBIN"
2.7631897889409e-46,1.22898136088885,0.349,0.16,8.20860790600674e-42,"6","RAD51B"
3.53051853175779e-46,1.24960141157624,0.299,0.126,1.04881114022929e-41,"6","RFX7"
4.12321564529746e-46,0.710443667711555,0.61,0.376,1.22488367174852e-41,"6","EML4"
5.30206610103838e-46,1.32258303990269,0.319,0.141,1.57508477663547e-41,"6","ZNF407"
8.68134020066521e-46,1.38863430842732,0.267,0.108,2.57896573341161e-41,"6","FBXW11"
2.98190310260741e-45,1.3253780216299,0.258,0.102,8.85833954691584e-41,"6","AMBRA1"
4.76782865531449e-45,0.930207510859825,0.525,0.315,1.41637885863428e-40,"6","DDX17"
5.14648992070781e-45,1.4378209793879,0.26,0.105,1.52886776074467e-40,"6","TNKS2"
8.84364601679503e-45,1.06486221722894,0.333,0.15,2.6271819222093e-40,"6","SLC9A9"
9.80370742513912e-45,0.95652523512776,0.52,0.321,2.91238736478608e-40,"6","CD96"
1.19894291822804e-44,0.943259496197506,0.446,0.232,3.56169972718003e-40,"6","KMT2C"
1.47406350385107e-44,0.918679199700677,0.555,0.362,4.37900045089038e-40,"6","RNF213"
1.49072412137484e-44,1.37933115433337,0.254,0.099,4.42849414736824e-40,"6","LINC02328"
2.1423007803157e-44,1.08265047715207,0.366,0.176,6.36413292808385e-40,"6","ANKHD1"
2.27973177732544e-44,0.873319818120055,0.504,0.282,6.77239919090068e-40,"6","MACF1"
2.37794894249282e-44,1.07035001549565,0.463,0.269,7.06417292346342e-40,"6","EMB"
2.58888175182677e-44,1.26598586800935,0.382,0.199,7.69079102015179e-40,"6","UBAC2"
2.68308298841364e-44,1.13798141833163,0.343,0.157,7.97063463368041e-40,"6","DYM"
3.13474169837745e-44,1.02568965694546,0.459,0.26,9.3123771633699e-40,"6","APBB1IP"
4.5471137129278e-44,1.16932576117566,0.37,0.182,1.35081107069946e-39,"6","FBXO11"
4.60924729336038e-44,0.866726896550297,0.586,0.38,1.36926909343857e-39,"6","FNBP1"
5.86475341311387e-44,1.24947845763582,0.295,0.128,1.74224229643374e-39,"6","UVRAG"
7.07645445920969e-44,1.19179564170719,0.33,0.15,2.10220232619742e-39,"6","SGMS1"
8.30272657251947e-44,1.15756921778731,0.342,0.16,2.46649098289836e-39,"6","AP3B1"
8.44884665396762e-44,1.09148814130954,0.398,0.208,2.50989887549416e-39,"6","USP3"
1.03240823946446e-43,1.04722566375476,0.443,0.245,3.06697515697706e-39,"6","GLS"
1.42459349455137e-43,1.27113360228037,0.328,0.153,4.23203989426374e-39,"6","LNPEP"
1.77824851299625e-43,1.01094779744529,0.39,0.194,5.28264285755795e-39,"6","GLCCI1"
2.04612335288939e-43,1.34019016102146,0.287,0.124,6.07841864442853e-39,"6","PRKX"
2.47352268979515e-43,1.21194145143217,0.315,0.142,7.34809385457447e-39,"6","CREBBP"
3.52584253140123e-43,0.920325584283969,0.45,0.238,1.04742204080336e-38,"6","CAMK4"
3.54465182476685e-43,1.16911974808227,0.311,0.138,1.05300971758349e-38,"6","ANKRD36"
5.20250205261953e-43,1.07218484810285,0.361,0.175,1.54550728477168e-38,"6","XRN1"
7.03565349533442e-43,1.06148890054099,0.386,0.195,2.090081583859e-38,"6","FBXW7"
8.18103468299605e-43,1.1513938742433,0.307,0.135,2.43033997327764e-38,"6","FTO"
9.18627775009716e-43,1.34607777448277,0.299,0.135,2.72896753122136e-38,"6","ZFYVE28"
9.70357208038973e-43,1.25697027826566,0.275,0.116,2.88264015792138e-38,"6","LRCH3"
2.02206759286448e-42,0.854229340145816,0.451,0.236,6.0069561981225e-38,"6","TNIK"
2.63566761997065e-42,1.32731221797218,0.279,0.121,7.82977779864682e-38,"6","SUPT3H"
2.84904294366287e-42,1.18920168405877,0.348,0.172,8.46365187273929e-38,"6","PTPN4"
5.05394867155005e-42,1.32844631800119,0.269,0.112,1.50137653185737e-37,"6","ATR"
7.49763215211761e-42,1.21149088491897,0.331,0.157,2.22732158342958e-37,"6","LRRC8C"
9.14254616864964e-42,1.12092612330149,0.354,0.173,2.71597619032075e-37,"6","GPRIN3"
1.03612555636616e-41,1.1937853052217,0.31,0.14,3.07801819029694e-37,"6","ATAD2B"
1.08323583395337e-41,1.11292138234852,0.336,0.159,3.21796869192529e-37,"6","TRIP12"
1.48378670195638e-41,1.09101813782273,0.349,0.168,4.40788515550182e-37,"6","CAMK2D"
2.02721343516487e-41,1.35678525575276,0.337,0.172,6.02224295184429e-37,"6","RAB27A"
2.80444461053784e-41,1.2195189964814,0.281,0.12,8.33116360452475e-37,"6","BBS9"
3.22564271495563e-41,1.14311504097946,0.324,0.151,9.5824168133187e-37,"6","ASCC3"
5.81424706505583e-41,0.949802949541651,0.414,0.216,1.72723837561614e-36,"6","MSI2"
6.60360310164134e-41,1.14841313311697,0.388,0.207,1.96173237340459e-36,"6","SUCLG2"
8.26140051318374e-41,0.853869324668012,0.484,0.284,2.45421425045149e-36,"6","JMJD1C"
9.79723137510356e-41,1.18461312710488,0.37,0.192,2.91046352460201e-36,"6","ZNF148"
1.10057215024874e-40,1.01447466681963,0.379,0.19,3.26946968674393e-36,"6","FRYL"
1.17972108022415e-40,1.216662864813,0.283,0.123,3.50459741302188e-36,"6","CBFA2T2"
1.32692590749624e-40,1.01075063134839,0.433,0.244,3.94189879339907e-36,"6","CYTH1"
1.53188389329855e-40,1.20827997975832,0.367,0.195,4.55076748182201e-36,"6","PPP3CC"
2.25136318663224e-40,0.818067816099918,0.59,0.396,6.6881246185284e-36,"6","AKAP13"
3.7384493127051e-40,1.24502083454488,0.266,0.113,1.1105811373253e-35,"6","GMDS-DT"
4.08524472157269e-40,1.09140121267937,0.358,0.178,1.2136036494376e-35,"6","MKLN1"
4.85552637238364e-40,1.25831609574711,0.309,0.148,1.44243121944401e-35,"6","LINC00861"
7.81467578718616e-40,1.37266648659066,0.261,0.111,2.32150573609939e-35,"6","NF1"
8.8331917764434e-40,1.20001993631928,0.309,0.142,2.62407628102804e-35,"6","SPPL3"
9.28417094038858e-40,1.17583078534859,0.316,0.15,2.75804866126124e-35,"6","RBM33"
9.58470490255352e-40,1.07675205576112,0.422,0.238,2.84732828540157e-35,"6","SRPK2"
1.33594244544214e-39,1.10030600465367,0.33,0.157,3.96868422267496e-35,"6","UBR2"
1.76613949900158e-39,0.956124883487739,0.384,0.195,5.24667060968399e-35,"6","ANKRD17"
1.77809400206678e-39,1.44618282021114,0.289,0.136,5.2821838519398e-35,"6","RB1CC1"
2.39316114314999e-39,1.20494397823812,0.322,0.157,7.10936380795569e-35,"6","SCML4"
3.05066937105057e-39,1.38483881486531,0.282,0.131,9.06262350057994e-35,"6","ETNK1"
3.6942042448459e-39,1.16037946431391,0.264,0.111,1.09743725501637e-34,"6","ATG7"
3.9744723967534e-39,1.11298399507927,0.355,0.182,1.18069651490353e-34,"6","KMT2A"
5.57146895247021e-39,1.17116343573724,0.255,0.106,1.65511628171032e-34,"6","WDPCP"
7.20360131993647e-39,1.26946668224992,0.268,0.116,2.13997384411353e-34,"6","NBAS"
7.30990241503367e-39,1.04790111651006,0.383,0.201,2.17155271043405e-34,"6","GLG1"
8.49757266313962e-39,0.833977494304059,0.39,0.197,2.52437391103889e-34,"6","DLEU2"
9.05632684709186e-39,1.37495246806397,0.288,0.134,2.69036301646558e-34,"6","ST8SIA4"
1.15954008034719e-38,1.27752695549068,0.263,0.113,3.44464571668739e-34,"6","PTBP2"
1.31555927518958e-38,1.14234250499181,0.359,0.185,3.90813193880569e-34,"6","GSK3B"
1.87533398220579e-38,1.35601726079135,0.25,0.108,5.57105466093874e-34,"6","TRPC4AP"
1.96943820397716e-38,1.08200740527745,0.319,0.152,5.85061007255495e-34,"6","PIK3CD"
2.08944916454737e-38,1.06385402131011,0.337,0.167,6.20712663312089e-34,"6","HELZ"
2.70849567536374e-38,1.06080352051977,0.346,0.173,8.04612810280305e-34,"6","PTPRA"
3.32656267307624e-38,1.21867798924131,0.289,0.132,9.88221973290758e-34,"6","ASAP1"
7.04886610105867e-38,0.792481197652237,0.401,0.204,2.0940066526415e-33,"6","SOS1"
7.66533563365745e-38,1.20221340241325,0.281,0.127,2.27714125669062e-33,"6","RPRD2"
1.12860829712867e-37,1.30962247683315,0.251,0.107,3.35275666828014e-33,"6","UBR3"
1.74640897116424e-37,1.18717070142576,0.299,0.14,5.18805713063762e-33,"6","STAT5B"
1.83557511336483e-37,1.31493399119711,0.313,0.158,5.45294298927289e-33,"6","ELOVL5"
3.51310869618907e-37,1.24638861942588,0.267,0.12,1.04363920037689e-32,"6","USP33"
4.00621995968642e-37,1.59974257341574,0.294,0.15,1.19012776342405e-32,"6","CLDND1"
4.98832260646439e-37,1.2305214001357,0.278,0.127,1.48188099670238e-32,"6","UHRF2"
7.36726541837225e-37,1.03426549178863,0.339,0.168,2.18859353783584e-32,"6","KIAA1109"
8.60562560636136e-37,1.3635559415162,0.251,0.11,2.55647319888177e-32,"6","RABEP1"
1.05071421981724e-36,1.2036907725248,0.268,0.119,3.12135673281107e-32,"6","FBXL20"
1.14354711878859e-36,1.18761767227151,0.327,0.165,3.39713542578526e-32,"6","RBM26"
1.28802902559522e-36,1.13492796883773,0.337,0.173,3.82634782633573e-32,"6","INPP5D"
1.93451207657185e-36,1.19766870814078,0.286,0.133,5.74685502587198e-32,"6","ANKIB1"
3.69151185822875e-36,0.973539182800544,0.372,0.194,1.09663742772401e-31,"6","FUT8"
5.32284669675667e-36,1.13763203455779,0.285,0.133,1.5812580682055e-31,"6","ZNF652"
6.3330364816279e-36,0.708585256031686,0.498,0.29,1.8813551475972e-31,"6","DOCK10"
7.18355261608898e-36,1.20931919284672,0.319,0.159,2.13401797566155e-31,"6","NSMCE2"
1.79003420076425e-35,1.18354166782382,0.373,0.212,5.31765460021035e-31,"6","ABI1"
2.06154867443275e-35,0.815845224414661,0.421,0.23,6.12424264713737e-31,"6","FOXO1"
2.08517079855047e-35,0.947316473351074,0.336,0.168,6.19441689125389e-31,"6","MAP4K4"
2.13691600806002e-35,1.0794590314361,0.339,0.175,6.3481363851439e-31,"6","ZNF644"
3.76585139983415e-35,1.12070309510548,0.285,0.132,1.11872147534873e-30,"6","TRPM7"
1.46460625075542e-34,0.866103027633083,0.379,0.199,4.35090578911913e-30,"6","ADK"
1.66444886390518e-34,1.17508072302601,0.289,0.141,4.94457824000313e-30,"6","MLLT10"
1.68776509165752e-34,1.10838972174745,0.264,0.12,5.01384375778701e-30,"6","SLC16A7"
1.77234527036329e-34,1.12379765142395,0.254,0.112,5.26510609466822e-30,"6","AVL9"
1.80027450284476e-34,1.02524332417982,0.358,0.191,5.34807546560092e-30,"6","TENT2"
2.78974922855481e-34,1.00986942740045,0.39,0.221,8.28750803326777e-30,"6","ITK"
3.19570861659434e-34,0.919196790591479,0.319,0.156,9.49349158731681e-30,"6","TRERF1"
5.16224166849115e-34,0.978060698780644,0.337,0.172,1.53354713245866e-29,"6","CAMK1D"
7.50940987640936e-34,0.789209898985737,0.378,0.199,2.23082039198493e-29,"6","RAPGEF6"
1.19378980660463e-33,1.26381415910883,0.276,0.135,3.54639137848039e-29,"6","NCK1"
1.31637009968039e-33,1.04958797960082,0.294,0.142,3.91054065512053e-29,"6","IKZF2"
1.34708590190421e-33,0.873927065440122,0.394,0.218,4.00178808878685e-29,"6","ZNF292"
1.44708968196712e-33,1.23403320568623,0.315,0.164,4.29886931821972e-29,"6","PSPC1"
2.29541374152182e-33,0.967496890868508,0.33,0.17,6.81898560193888e-29,"6","SCAPER"
2.4333525226152e-33,1.05152081484671,0.3,0.148,7.22876033893297e-29,"6","MED13"
2.62585814458054e-33,0.959446291370111,0.429,0.267,7.8006367901054e-29,"6","NKTR"
5.57823031657681e-33,0.848587391097366,0.4,0.22,1.65712488014547e-28,"6","ZEB1"
6.33903128538644e-33,0.998852989030577,0.347,0.185,1.88313602394975e-28,"6","PREX1"
1.06532422292483e-32,1.1438941701425,0.255,0.116,3.1647586690428e-28,"6","WDR7"
1.09361749595192e-32,0.996643986102586,0.36,0.198,3.24880949522438e-28,"6","OSBPL8"
1.17698340287873e-32,1.10280791641186,0.283,0.137,3.49646459493183e-28,"6","SMG6"
2.4319614429993e-32,1.08050323788891,0.287,0.143,7.22462785871801e-28,"6","ZFR"
2.49833956320929e-32,0.900863815853673,0.34,0.176,7.42181734042585e-28,"6","NCOA3"
2.90157083497218e-32,0.790495259164846,0.367,0.193,8.61969647945186e-28,"6","COG5"
4.04741233282943e-32,0.754143281090239,0.42,0.238,1.20236478171364e-27,"6","RPS6KA3"
4.42511169735109e-32,1.06012776960212,0.389,0.234,1.31456793193209e-27,"6","BBX"
6.1480036430825e-32,1.22360687275434,0.278,0.138,1.82638744225052e-27,"6","PTBP3"
7.35047313784173e-32,0.955939307992899,0.3,0.147,2.18360505505864e-27,"6","RASA1"
1.15498997078418e-31,0.782799553453721,0.398,0.222,3.43112870620855e-27,"6","JAZF1"
1.25571612813918e-31,0.910628314339547,0.322,0.164,3.73035590186306e-27,"6","MYO5A"
1.31411109596067e-31,0.643874015898966,0.462,0.269,3.90382983277035e-27,"6","LPP"
1.34717849187922e-31,0.869627886449285,0.444,0.274,4.0020631458256e-27,"6","TNFAIP8"
1.43832462423976e-31,1.07294044754872,0.304,0.155,4.27283096122904e-27,"6","WWP1"
1.51743556813623e-31,1.18776351332395,0.285,0.143,4.50784584226229e-27,"6","RSRC1"
1.64594922546524e-31,1.08121184323221,0.281,0.137,4.88962136408959e-27,"6","GMDS"
2.09622730001451e-31,1.0821132558792,0.313,0.165,6.22726244015311e-27,"6","MDM4"
2.22862114436289e-31,1.0097436535616,0.279,0.134,6.62056483355885e-27,"6","PIBF1"
2.4741122108317e-31,1.07694474085753,0.254,0.118,7.34984514471774e-27,"6","SMURF2"
2.76993942996287e-31,1.11062667513961,0.288,0.145,8.22865906459071e-27,"6","MAP3K2"
3.52667883416918e-31,1.06890584016028,0.298,0.152,1.04767048126664e-26,"6","GPCPD1"
4.43144815232639e-31,1.12682838725403,0.261,0.122,1.3164503026116e-26,"6","UMAD1"
4.71484851048847e-31,1.19198118719815,0.279,0.139,1.40064004701081e-26,"6","UBE2H"
6.82240785722113e-31,1.0521657191342,0.262,0.122,2.02673270214468e-26,"6","BICRAL"
7.60443921100007e-31,0.91350157299334,0.343,0.185,2.25905075641179e-26,"6","ACAP2"
1.11611993027451e-30,0.87032966065628,0.41,0.244,3.31565747686649e-26,"6","RBM6"
1.14946274354385e-30,1.02929841348663,0.343,0.19,3.41470897224571e-26,"6","KDM2A"
1.39143488356096e-30,1.04552600423475,0.352,0.199,4.13353560859453e-26,"6","GPATCH8"
1.6100493774531e-30,1.01588781954893,0.358,0.203,4.78297368559992e-26,"6","GNB1"
1.62844455484784e-30,0.876089568697551,0.514,0.37,4.83762023908647e-26,"6","ARID4B"
2.44593747661786e-30,1.17847187558136,0.279,0.141,7.26614646178867e-26,"6","LCOR"
2.48970996093966e-30,0.95340196166481,0.426,0.275,7.39618138096345e-26,"6","PPP1R12A"
2.67064085363445e-30,1.2603486553597,0.255,0.124,7.93367278389186e-26,"6","TRG-AS1"
2.67814715361766e-30,1.0023482983476,0.423,0.272,7.95597174925199e-26,"6","MBP"
2.89042355177882e-30,1.03001540060082,0.325,0.173,8.58658124526935e-26,"6","TNRC6A"
3.25084214860308e-30,0.765181826658011,0.438,0.266,9.65727677085518e-26,"6","TTC39C"
3.6567727808728e-30,1.26303816896471,0.329,0.188,1.08631749001388e-25,"6","DNAJC1"
4.12030491369585e-30,1.18491389142688,0.325,0.185,1.22401898071163e-25,"6","ZFAND6"
5.46294952569011e-30,1.14708865080975,0.267,0.132,1.62287841559676e-25,"6","WDR26"
6.54919882453303e-30,1.02428092195249,0.31,0.162,1.94557049480403e-25,"6","PRRC2B"
7.85986423734559e-30,1.03050450737097,0.343,0.194,2.33492986898825e-25,"6","RBL2"
8.68102345356108e-30,0.800357204769688,0.324,0.166,2.57887163734939e-25,"6","PLCL2"
8.8627405790782e-30,0.742382313477272,0.362,0.195,2.63285434382676e-25,"6","CARD11"
1.00499449704409e-29,0.726795891246615,0.514,0.346,2.98553715236886e-25,"6","IKZF1"
1.24806336916703e-29,0.768122992977446,0.494,0.335,3.7076218507845e-25,"6","SP100"
2.3472534085924e-29,0.800726306810394,0.559,0.426,6.97298570090545e-25,"6","STK4"
3.15824642773324e-29,1.08599054266573,0.263,0.128,9.38220266286712e-25,"6","RC3H1"
3.90889758357546e-29,1.06807447506141,0.255,0.123,1.16121620515276e-24,"6","PPP3CB"
4.21804529181181e-29,1.14138350221261,0.298,0.159,1.25305471483853e-24,"6","PPM1B"
4.25304296778653e-29,1.05768797479794,0.28,0.141,1.26345147444034e-24,"6","STAU2"
5.7659071288419e-29,1.10403939168304,0.255,0.123,1.71287803076506e-24,"6","PDS5B"
6.32315155363391e-29,0.961259346399737,0.316,0.169,1.87841863203803e-24,"6","PDS5A"
1.25708061776013e-28,0.884051039007804,0.293,0.147,3.73440939118001e-24,"6","TMEM131L"
1.61370807594164e-28,0.851455257548937,0.372,0.213,4.79384258119982e-24,"6","PAG1"
2.12454732217985e-28,0.97577455636763,0.342,0.192,6.31139272999967e-24,"6","ITFG1"
2.14815215372162e-28,0.973330835868566,0.313,0.168,6.38151560306081e-24,"6","PUM1"
2.45188086814522e-28,1.0289086618196,0.362,0.22,7.28380249499899e-24,"6","RSF1"
2.90134258810329e-28,0.915596740559032,0.342,0.192,8.61901842647844e-24,"6","ARHGEF3"
5.81219622740855e-28,1.19251792239768,0.288,0.158,1.72662913327626e-23,"6","BRD4"
6.403953294958e-28,1.03358850614324,0.262,0.13,1.90242240533317e-23,"6","STK38"
9.85405360942438e-28,0.975737047418234,0.291,0.152,2.9273437057517e-23,"6","UBR5"
1.07777999034597e-27,1.05004230165102,0.286,0.15,3.20176101732078e-23,"6","PHF3"
1.1037791904469e-27,0.717962461890969,0.343,0.188,3.27899684106062e-23,"6","NCALD"
1.27434365007405e-27,0.982588510040173,0.267,0.133,3.78569268127497e-23,"6","INPP4A"
1.76766611319552e-27,0.893409609759325,0.28,0.142,5.25120572246994e-23,"6","FARS2"
1.92802649796048e-27,1.12210858594536,0.276,0.146,5.72758831749119e-23,"6","KIF2A"
2.03402370710366e-27,1.01794375703877,0.255,0.124,6.04247422669286e-23,"6","CLASP2"
2.06299067276781e-27,0.9757694027613,0.311,0.169,6.12852639159134e-23,"6","MARK3"
3.17529423506629e-27,1.04553631682865,0.373,0.234,9.43284658411142e-23,"6","LSM14A"
3.93035119038786e-27,1.02078661961145,0.313,0.174,1.16758942812852e-22,"6","CDK17"
4.58197966077333e-27,1.00994310512678,0.288,0.152,1.36116869782593e-22,"6","STIM2"
6.45294198321797e-27,0.944779389011282,0.376,0.23,1.91697547495456e-22,"6","WAC"
6.65033236929546e-27,1.11584857316051,0.272,0.143,1.9756142369466e-22,"6","MAPK1"
6.82904838930047e-27,0.78401281573853,0.321,0.174,2.02870540500949e-22,"6","JARID2"
7.37757759933136e-27,1.02563280540553,0.295,0.161,2.19165697743337e-22,"6","PRDM2"
1.04579623096416e-26,0.706104119338574,0.53,0.392,3.10674686332524e-22,"6","N4BP2L2"
1.18712956662869e-26,0.818053696914166,0.5,0.361,3.52660580358384e-22,"6","ETS1"
1.34020500441566e-26,0.768767097748426,0.545,0.43,3.98134700661759e-22,"6","HNRNPC"
1.3658912347483e-26,0.883058339889394,0.303,0.159,4.05765309106676e-22,"6","FNDC3A"
5.04478741410067e-26,1.02569146011782,0.325,0.191,1.49865499710689e-21,"6","ITSN2"
5.99010076301302e-26,0.942131062252453,0.286,0.151,1.77947923366828e-21,"6","CAB39"
6.20226811868823e-26,0.700953829970577,0.621,0.527,1.84250779001871e-21,"6","CD44"
6.36852828282796e-26,0.894580073933941,0.353,0.209,1.8918986969797e-21,"6","CCM2"
6.65903810247165e-26,0.789471897476344,0.443,0.296,1.97820044910125e-21,"6","AAK1"
7.51670997082736e-26,0.848553706575299,0.26,0.129,2.23298903103368e-21,"6","DOCK9"
1.18223196393162e-25,0.944908069215804,0.346,0.207,3.51205649525165e-21,"6","GOLGA4"
1.40468242672107e-25,1.02562428071861,0.278,0.147,4.17289008506029e-21,"6","RAP1GDS1"
1.61481958621143e-25,1.04086247162065,0.333,0.2,4.7971445447583e-21,"6","LUC7L2"
1.61890938723354e-25,1.01166589940217,0.319,0.187,4.80929411665466e-21,"6","SYNRG"
1.93334305453812e-25,1.01918075822674,0.286,0.156,5.74338221211639e-21,"6","URI1"
2.22234077782344e-25,1.03897693018449,0.28,0.151,6.60190774868008e-21,"6","SETD5"
2.40271530617381e-25,0.730313658989453,0.444,0.292,7.13774636005053e-21,"6","USP15"
3.14580044646946e-25,1.07259478074643,0.286,0.158,9.34522938632681e-21,"6","KDM5A"
3.69083746802493e-25,0.948282684094242,0.266,0.138,1.09643708662617e-20,"6","WDR70"
3.70465775325962e-25,0.863841972383462,0.379,0.238,1.10054267876084e-20,"6","TAOK3"
3.85115023034228e-25,1.10464999176692,0.257,0.134,1.14406119892778e-20,"6","TRIM33"
4.28445496528665e-25,0.838837625749256,0.282,0.147,1.2727830365377e-20,"6","ERC1"
4.5980411081476e-25,0.795007573355118,0.276,0.143,1.36594007199741e-20,"6","PATJ"
4.64720269152918e-25,1.03278619606807,0.257,0.133,1.38054450357257e-20,"6","CEP350"
5.04861935307235e-25,1.15033875111551,0.331,0.206,1.4997933512172e-20,"6","PIK3R1"
9.51875096797665e-25,1.13992129156972,0.254,0.133,2.82773535005682e-20,"6","RFTN1"
2.24079638315541e-24,0.985411485019967,0.261,0.136,6.65673381543978e-20,"6","GRAP2"
3.10366123053083e-24,1.03640978788249,0.279,0.154,9.22004641753792e-20,"6","TAF15"
5.44099385678546e-24,0.823847391441685,0.347,0.208,1.61635604503526e-19,"6","BRAF"
7.6527876849904e-24,1.04442172114133,0.325,0.197,2.2734136375801e-19,"6","UBE2K"
8.28861315322573e-24,1.06484000589433,0.257,0.136,2.46229830942877e-19,"6","AGO3"
8.65248115484924e-24,0.903964872261524,0.388,0.251,2.57039257667106e-19,"6","AC245297.3"
1.02806883088285e-23,0.986207045016213,0.25,0.13,3.05408407590369e-19,"6","DENND4C"
1.53011974094942e-23,1.047954764282,0.327,0.204,4.54552671443843e-19,"6","AKNA"
2.18182201129712e-23,0.911695119623113,0.268,0.145,6.48153864896037e-19,"6","SMARCC1"
2.26831191240741e-23,0.92405059497315,0.269,0.143,6.73847419818869e-19,"6","ST6GAL1"
3.18885522753133e-23,1.14747837019438,0.25,0.137,9.47313222442733e-19,"6","CHIC2"
4.30582213163889e-23,0.934309326210518,0.36,0.231,1.27913058064596e-18,"6","ROCK1"
6.87933707335611e-23,1.00112344608783,0.299,0.176,2.0436446643819e-18,"6","WDR33"
1.07287923130265e-22,0.943059776171286,0.275,0.153,3.18720233243078e-18,"6","EHMT1"
1.10323561423108e-22,0.982602014528821,0.251,0.134,3.27738203919627e-18,"6","SP3"
1.11778907255886e-22,0.873852128394819,0.432,0.308,3.32061599785059e-18,"6","JAK1"
1.35813073988566e-22,1.00179949374681,0.297,0.175,4.03459898897832e-18,"6","MECP2"
1.42595212541548e-22,1.14718103032524,0.286,0.169,4.23607597897177e-18,"6","PTPN22"
1.70183874614497e-22,0.764069647564691,0.281,0.154,5.05565236317286e-18,"6","THADA"
2.17891578946758e-22,0.565302186982972,0.599,0.475,6.47290513577135e-18,"6","HNRNPH1"
2.34708915441144e-22,1.11519850241931,0.25,0.136,6.97249775101007e-18,"6","CREB1"
2.76440551211257e-22,0.979641675866212,0.28,0.157,8.21221945483282e-18,"6","NSD1"
3.06167250503513e-22,0.853051825089237,0.256,0.136,9.09531051070786e-18,"6","CMIP"
3.24629789746309e-22,0.856186517346555,0.258,0.137,9.64377716399359e-18,"6","ZDHHC20"
7.15511418910133e-22,1.0100444638363,0.288,0.166,2.12556977215633e-17,"6","BABAM2"
1.12287329587646e-21,1.1084836845493,0.269,0.156,3.3357197000602e-17,"6","PPP2R5E"
1.56432541845131e-21,0.966677642576147,0.337,0.215,4.64714152059332e-17,"6","PHIP"
1.72850875323865e-21,1.0555123092234,0.306,0.19,5.13488095324606e-17,"6","RNF149"
2.65243943005435e-21,0.56539563001661,0.342,0.201,7.87960181486246e-17,"6","PHTF2"
2.89342593290393e-21,1.04452425714045,0.268,0.154,8.59550041887771e-17,"6","UBE3A"
4.34978318427275e-21,0.899461648600483,0.342,0.219,1.29219009055191e-16,"6","MYO1F"
5.6196028690906e-21,0.829929818997621,0.318,0.195,1.66941542432074e-16,"6","CELF1"
7.62988710231875e-21,0.844404910756524,0.346,0.217,2.26661056148583e-16,"6","TLK1"
8.81796295509063e-21,0.778481527238348,0.258,0.141,2.61955225506877e-16,"6","DUSP16"
1.05031151536064e-20,0.754741307426666,0.414,0.288,3.12016041868185e-16,"6","ATRX"
1.27687803785865e-20,0.689670358133287,0.316,0.183,3.7932215870667e-16,"6","IMMP2L"
2.57996697621709e-20,0.696526635577566,0.317,0.188,7.66430789624812e-16,"6","MDFIC"
2.89758018231974e-20,0.890408119873448,0.301,0.181,8.60784144761726e-16,"6","DIAPH1"
3.26483079577923e-20,0.972671056756115,0.275,0.161,9.69883284502135e-16,"6","PTEN"
3.98291550573297e-20,0.831646746603295,0.275,0.156,1.18320470928809e-15,"6","SETX"
4.60159213224872e-20,0.835930619106015,0.299,0.181,1.36699497472713e-15,"6","TMC8"
5.56324627504057e-20,0.798375656415576,0.342,0.22,1.6526735709263e-15,"6","PAFAH1B1"
6.60173960013723e-20,0.878801691777583,0.356,0.237,1.96117878301277e-15,"6","IQGAP1"
1.012620640528e-19,0.721022907304371,0.459,0.349,3.00819213681652e-15,"6","RAP1A"
1.07654741627334e-19,0.819110311147447,0.313,0.192,3.19809940952321e-15,"6","RALGAPA1"
1.26120743847153e-19,1.06081572591687,0.304,0.193,3.74666893746737e-15,"6","RAB11A"
1.64861854946857e-19,0.619547726146618,0.327,0.189,4.89755112490627e-15,"6","AC079793.1"
2.62180601590032e-19,0.815029280410857,0.272,0.157,7.78859913143508e-15,"6","MAN1A2"
2.79685824197658e-19,0.865917618420723,0.361,0.248,8.30862677943981e-15,"6","ARIH1"
3.05858107926532e-19,0.865528004524296,0.364,0.249,9.08612681217348e-15,"6","CFLAR"
3.21555421039487e-19,0.985838797995565,0.255,0.147,9.55244689282003e-15,"6","FUBP1"
3.6943688092428e-19,0.800008186152238,0.268,0.153,1.09748614216176e-14,"6","KAT6B"
3.82612984020982e-19,0.715004815724102,0.311,0.186,1.13662839163113e-14,"6","NFAT5"
5.93546547795814e-19,0.849105672531338,0.44,0.332,1.76324872953703e-14,"6","ARID5B"
1.23566243284341e-17,0.91228280217352,0.313,0.208,3.67078238924791e-13,"6","CHD1"
1.65506942608319e-17,0.756989146763384,0.276,0.165,4.91671474406533e-13,"6","RPS6KA5"
2.07714391638589e-17,0.851619708664387,0.391,0.288,6.17057143240757e-13,"6","NCOR1"
2.22308278526093e-17,0.759099959946843,0.394,0.281,6.60411203017463e-13,"6","EPC1"
2.33320090332395e-17,1.01004840239227,0.288,0.188,6.93123992350446e-13,"6","DDX6"
7.86672278817125e-17,0.883660291133207,0.273,0.169,2.33696733868203e-12,"6","PRPF4B"
8.92688289408805e-17,0.670109012262565,0.498,0.414,2.65190910134674e-12,"6","KMT2E"
1.20854266932012e-16,0.893187733388024,0.252,0.154,3.59021770774929e-12,"6","MARCH7"
1.35637119712445e-16,0.877388798310825,0.258,0.159,4.02937191529759e-12,"6","CNOT4"
2.0363759918641e-16,0.899818682812589,0.252,0.153,6.04946215903069e-12,"6","NEDD9"
2.16535782344246e-16,0.881118805228586,0.258,0.158,6.43262848610053e-12,"6","MAP4"
4.02467394273218e-16,0.915354667735494,0.281,0.181,1.19560988816745e-11,"6","MARCH6"
6.70578974659849e-16,0.868468367784796,0.33,0.223,1.99208896002201e-11,"6","ATP2B1"
6.95790273117641e-16,0.93314310770435,0.273,0.172,2.06698416435058e-11,"6","CHD9"
1.02610879271906e-15,0.760806219078876,0.311,0.206,3.04826139053051e-11,"6","LCP2"
1.77819896961102e-15,0.912300648295295,0.269,0.173,5.28249567902345e-11,"6","RAB8B"
2.02058196027731e-15,0.886294993604126,0.285,0.191,6.00254282939579e-11,"6","GCC2"
3.37578309781527e-15,0.763454921090006,0.408,0.312,1.00284388486798e-10,"6","RHOH"
5.71101686756589e-15,0.785363333376606,0.276,0.179,1.6965717808478e-10,"6","ADD3"
5.92719395374359e-15,0.640536626354133,0.264,0.161,1.76079150783861e-10,"6","FLI1"
8.63684993297589e-15,0.889480935704152,0.269,0.174,2.56574900958915e-10,"6","CCDC88C"
1.4434780432513e-14,0.625058432829622,0.288,0.181,4.28814022308664e-10,"6","CDC14A"
3.46822762450991e-14,0.796819559337056,0.304,0.21,1.03030638041316e-09,"6","AHNAK"
5.22912678044248e-14,0.669243142076575,0.272,0.173,1.55341669266605e-09,"6","USP47"
5.55307090601375e-14,0.798345909430413,0.358,0.273,1.64965077404951e-09,"6","CAPZA1"
5.8353033613521e-14,0.895614718465022,0.256,0.167,1.73349356955687e-09,"6","DNAJB14"
6.53842842872321e-14,0.47886429866539,0.494,0.409,1.9423709333208e-09,"6","CD247"
7.27823855281105e-14,0.82542885696469,0.35,0.26,2.16214632688358e-09,"6","GNG2"
1.06324626444593e-13,0.749760552828022,0.333,0.24,3.15858567778951e-09,"6","SCAF11"
1.33575265189512e-13,0.744262366319914,0.256,0.164,3.96812040298485e-09,"6","FNBP4"
3.55466136310396e-13,0.823853496322207,0.28,0.19,1.05598325113729e-08,"6","CNOT2"
3.85388561332883e-13,0.465727366549556,0.355,0.247,1.1448737991516e-08,"6","RBMS1"
4.15001324313591e-13,0.349042887530859,0.252,0.157,1.23284443413839e-08,"6","GZMK"
8.29058049894044e-13,0.781613814554415,0.31,0.223,2.46288274882024e-08,"6","CCNH"
8.63680353754967e-13,0.664726155604813,0.432,0.361,2.56573522689988e-08,"6","RAP1B"
1.03028906977341e-12,0.90531512201449,0.28,0.198,3.06067973957587e-08,"6","MCUB"
4.67815606335527e-12,0.773699887354988,0.317,0.232,1.38973982174095e-07,"6","TANK"
2.92052214673243e-11,0.583456703307746,0.463,0.406,8.67599514129803e-07,"6","ELF1"
6.33527714499327e-11,0.7259966566995,0.255,0.176,1.88202078146315e-06,"6","SRSF4"
2.12627681307937e-10,0.63164930883086,0.312,0.232,6.31653052861488e-06,"6","FAM107B"
3.20907896519581e-10,0.672997469071454,0.315,0.238,9.53321088190719e-06,"6","KTN1"
1.27010067212375e-09,0.568603850998012,0.361,0.285,3.77308806667803e-05,"6","NR3C1"
1.92620885877724e-09,0.835306486880314,0.252,0.185,5.72218865676953e-05,"6","PPHLN1"
1.99373180508668e-09,0.676115387786468,0.279,0.205,5.92277907337101e-05,"6","MYH9"
3.31395727938829e-09,0.804396381165738,0.299,0.237,9.8447728898788e-05,"6","ACTR2"
6.03976158112476e-09,0.737762869135339,0.307,0.243,0.000179423197290473,"6","TRA2A"
6.33092771109062e-09,0.301292660842794,0.252,0.172,0.000188072869513369,"6","PDE4D"
2.16982488050356e-08,0.658100546552866,0.374,0.329,0.000644589877251191,"6","SRSF11"
4.0828657373644e-08,0.669209129229432,0.262,0.197,0.00121289692459884,"6","CYLD"
4.58364636332978e-08,0.683696775539127,0.341,0.288,0.00136166382515438,"6","IFI16"
1.67142974870002e-07,0.627079736241445,0.264,0.201,0.00496531635446314,"6","ANKRD28"
1.73304459281077e-07,0.698976028335476,0.283,0.229,0.00514835557186295,"6","ZNF207"
2.66227022177584e-07,0.741324235393107,0.255,0.198,0.00790880614782948,"6","PCSK7"
5.1901047773299e-07,0.63998253889937,0.289,0.235,0.0154182442620139,"6","TRAF3IP3"
9.06058486465645e-07,0.681580848024325,0.257,0.204,0.0269162794574349,"6","RAB2A"
1.29632522568631e-06,0.541507330601919,0.37,0.33,0.0385099334794633,"6","PRRC2C"
1.30181705541682e-06,0.327521091745566,0.26,0.189,0.0386730792652676,"6","ETV6"
2.75377718091823e-06,0.632742898186942,0.333,0.293,0.0818064587135379,"6","LUC7L3"
4.11906496474427e-06,0.594310038561545,0.306,0.259,0.122365062907658,"6","AKAP9"
3.28956095332385e-05,0.542800046862598,0.298,0.258,0.977229872403917,"6","CSNK1A1"
8.97106991039012e-05,0.541755452211423,0.264,0.225,1,"6","XRCC5"
0.000357411477224935,0.482599611676662,0.294,0.26,1,"6","VMP1"
0.00111922415428452,0.530824132270163,0.303,0.28,1,"6","GNAS"
0.00171727778811457,0.453475652684918,0.377,0.374,1,"6","STK17A"
0.00227058531365197,0.347379097533314,0.36,0.349,1,"6","ARGLU1"
0.0049496068678097,0.458490308452645,0.266,0.242,1,"6","NSD3"
0,3.42038693294583,0.764,0.133,0,"7","GZMK"
0,3.16329554611267,0.43,0.046,0,"7","CD8B"
1.10070491865828e-222,2.46284703704636,0.404,0.07,3.26986410185817e-218,"7","CD8A"
2.08905040835431e-215,1.46599133525583,0.921,0.371,6.20594204809814e-211,"7","CCL5"
3.42658453258069e-204,1.58581688537319,0.878,0.363,1.01793546709374e-199,"7","DUSP2"
4.60742345320072e-191,1.48417803548429,0.857,0.343,1.36872728524234e-186,"7","CD3D"
9.13049667211544e-188,1.51908008161413,0.932,0.456,2.71239664638533e-183,"7","CXCR4"
5.17715965600649e-187,1.11040943757004,1,0.825,1.53797881900985e-182,"7","B2M"
3.43568032099947e-186,1.49406286917423,0.896,0.401,1.02063755295931e-181,"7","DNAJB1"
3.81574572419795e-181,1.20777917979088,1,0.533,1.13354358228748e-176,"7","RPS29"
2.87945302000188e-178,1.4668926136668,0.847,0.359,8.55399108651959e-174,"7","TRAC"
1.98575086655754e-173,1.43176192153441,0.901,0.422,5.89907009928248e-169,"7","DNAJA1"
5.82036778319537e-170,1.5631935290402,0.902,0.446,1.72905665735385e-165,"7","CD74"
1.14771686273564e-168,1.57388105995575,0.732,0.268,3.40952248412877e-164,"7","GZMA"
3.92144498380398e-167,1.13841154821638,1,0.54,1.16494366133865e-162,"7","RPS27"
1.44070820050471e-166,2.09371137713943,0.477,0.124,4.27991185123933e-162,"7","CD27"
3.81482800029966e-166,1.78816283503275,0.712,0.279,1.13327095404902e-161,"7","RGCC"
6.95736235025196e-165,1.10803833832937,1,0.599,2.06682363338935e-160,"7","TMSB4X"
1.10428422204385e-161,1.13572639462627,0.991,0.58,3.28049713842566e-157,"7","H3F3B"
1.64855314448301e-160,1.06719478674384,0.996,0.67,4.89735682631569e-156,"7","HLA-A"
1.35957847272222e-159,1.12290467070085,0.997,0.519,4.03889976891591e-155,"7","RPL27A"
2.45811385604635e-159,1.25065244894886,0.94,0.458,7.3023188321569e-155,"7","HSPA8"
2.48426469564605e-159,1.10288078916154,0.997,0.544,7.38000513135573e-155,"7","EIF1"
4.48226934232195e-159,1.10262452111247,0.985,0.595,1.33154775352358e-154,"7","HLA-C"
9.40035828629589e-159,1.11361078430778,0.999,0.511,2.79256443610992e-154,"7","RPL23A"
2.99980747189644e-158,1.14803206100345,0.979,0.484,8.91152805676275e-154,"7","JUNB"
8.01104457227022e-158,1.02107357538956,0.997,0.71,2.37984101108431e-153,"7","HLA-B"
8.25854741754403e-154,1.11594191125347,0.98,0.492,2.4533666813298e-149,"7","UBB"
1.30714670604491e-153,1.07774671300069,0.999,0.526,3.88314071964761e-149,"7","RPS15A"
4.25255115707163e-152,1.06196273317165,0.999,0.626,1.26330537223127e-147,"7","RPL41"
1.62190926535223e-146,1.03208121494731,1,0.59,4.81820585458188e-142,"7","RPL28"
4.94622378868799e-146,1.10581109662616,0.959,0.503,1.46937470090554e-141,"7","UBC"
6.24247788671043e-146,1.08073852705546,0.993,0.537,1.85445290580507e-141,"7","RPL13A"
1.77501760999051e-144,1.04253459294948,0.995,0.522,5.27304481399879e-140,"7","RPS25"
3.4738230001254e-144,1.09639324364321,0.938,0.51,1.03196859864725e-139,"7","IL32"
4.33306532701193e-144,1.04241663449138,1,0.548,1.28722371669543e-139,"7","RPLP2"
4.84140391805164e-144,1.04385298169778,0.999,0.552,1.4382358619356e-139,"7","RPS2"
8.62156471634482e-143,1.02153447807893,1,0.552,2.56120823028456e-138,"7","RPS15"
5.26649151064561e-142,1.23372605338098,0.92,0.484,1.56451663306749e-137,"7","GAPDH"
8.52415998946541e-142,1.28280982249943,0.861,0.415,2.53227220807049e-137,"7","DYNLL1"
2.32396959046387e-141,1.10626718989748,0.688,0.26,6.903816462391e-137,"7","CCL4"
3.09432638390151e-139,0.941474666118755,0.834,0.328,9.19231538865621e-135,"7","NKG7"
4.07597122515633e-137,1.02297960931112,0.976,0.481,1.21084877185719e-132,"7","RPL31"
5.23099099041449e-135,1.03298234438947,0.976,0.483,1.55397049352243e-130,"7","RPS20"
3.58881356995734e-134,1.58346713882712,0.683,0.286,1.06612884722723e-129,"7","COTL1"
3.88416190307191e-133,2.69648875057014,0.253,0.046,1.15386797654557e-128,"7","CXCL13"
1.74719604796652e-132,1.19103492783245,0.93,0.506,5.19039529969414e-128,"7","HSP90AA1"
5.99800726610019e-132,1.86396846310359,0.613,0.237,1.78182801854038e-127,"7","RGS1"
4.29086394013466e-131,1.23365708218586,0.847,0.421,1.2746869506958e-126,"7","OAZ1"
4.24698918068793e-130,0.982407378106107,0.997,0.587,1.26165307590696e-125,"7","PTMA"
2.89761214276378e-129,0.973808749832541,0.954,0.511,8.60793639250837e-125,"7","SRGN"
3.1959227365849e-129,1.40106811954901,0.663,0.257,9.49412767357275e-125,"7","CST7"
7.11789525686046e-128,0.951934518433553,0.997,0.585,2.11451314395554e-123,"7","RPS28"
9.85541412713983e-128,0.971479563013249,0.995,0.52,2.92774787474943e-123,"7","RPS16"
1.63134005465101e-127,1.47343207114007,0.659,0.264,4.84622190035175e-123,"7","HLA-DPB1"
8.20834009119981e-127,0.889762119520985,0.995,0.698,2.43845159089273e-122,"7","ACTB"
2.647533827044e-126,1.01315572164255,0.941,0.488,7.86502873999961e-122,"7","RPL38"
5.83455386530027e-126,0.952689562263052,0.984,0.532,1.73327091676475e-121,"7","FTH1"
4.42253424328451e-125,1.40275358614764,0.724,0.328,1.31380224765253e-120,"7","HERPUD1"
1.07837946615732e-124,2.27829992308638,0.272,0.054,3.20354188011354e-120,"7","LAG3"
1.33462858719587e-124,0.960599070473559,0.985,0.531,3.96478114398277e-120,"7","RPS7"
2.11251770283292e-124,0.96302250627109,1,0.543,6.27565633980574e-120,"7","RPS14"
7.20475098229792e-123,0.958131497722358,0.988,0.554,2.14031537431124e-118,"7","FAU"
1.2689194569309e-122,1.04673103662642,0.91,0.467,3.76957903070464e-118,"7","RPL23"
7.82931412341505e-122,0.929237955452144,1,0.542,2.32585434664291e-117,"7","RPS12"
6.34019253351777e-121,1.20730018046379,0.805,0.386,1.88348099593212e-116,"7","H2AFZ"
6.96387314708564e-121,0.932339261876812,0.995,0.531,2.06875779580473e-116,"7","RPL35A"
7.11207616974671e-121,0.91930751842943,0.997,0.528,2.11278446774666e-116,"7","RPL18A"
5.22663301009235e-120,1.05328266921582,0.925,0.488,1.55267586830813e-115,"7","CFL1"
1.30032387878049e-119,2.1561992094945,0.34,0.085,3.86287214669321e-115,"7","CRTAM"
1.58485071394675e-119,0.95750798141684,0.96,0.53,4.70811601592162e-115,"7","PFN1"
4.97888859354924e-119,1.0013309900609,0.93,0.478,1.47907843448567e-114,"7","EEF1D"
6.42885620125717e-119,2.39535406007987,0.368,0.101,1.90982031170747e-114,"7","DUSP4"
7.01855146942793e-119,0.92402616691043,0.98,0.505,2.08500108502295e-114,"7","RPL10A"
2.82582900595474e-117,0.935818547301486,1,0.528,8.39469022798976e-113,"7","RPL15"
1.47603143221338e-115,0.910503881100684,0.98,0.531,4.38484657567628e-111,"7","RPL36"
1.66190594006651e-115,0.917666039698498,0.996,0.523,4.93702397615559e-111,"7","RPL26"
1.28974588075125e-114,0.898066539949397,1,0.564,3.83144808794774e-110,"7","RPL13"
2.50989339570909e-114,0.904389226414994,0.999,0.52,7.45614031063299e-110,"7","RPL21"
4.56472961951777e-114,0.918348889911436,0.999,0.536,1.35604422807014e-109,"7","RPS3"
1.04747424009598e-113,0.932716239127264,0.965,0.494,3.11173172505313e-109,"7","RPL27"
2.06560061407633e-113,0.959992879866365,0.94,0.505,6.13627974423655e-109,"7","RPS21"
3.60796068672707e-113,0.88467104397585,0.984,0.49,1.07181688120601e-108,"7","RPL7"
1.39473643302204e-112,0.908230167995974,0.964,0.493,4.14334352157859e-108,"7","RPS5"
2.1460032174067e-112,0.907770265645001,0.865,0.421,6.37513175795008e-108,"7","DUSP1"
4.51797594847259e-112,0.858261189650276,1,0.563,1.34215511501275e-107,"7","RPL39"
1.46787217627014e-111,1.41841385047541,0.617,0.251,4.36060787404569e-107,"7","CD3E"
2.35481758704915e-111,0.88979409064905,0.988,0.52,6.99545660584692e-107,"7","RPS9"
4.7731319215798e-111,0.893380125755374,1,0.535,1.41795429994371e-106,"7","RPS18"
6.70628839103186e-110,0.876296183441241,0.984,0.523,1.99223709232383e-105,"7","RPL35"
8.93562498999513e-110,0.99245194412057,0.904,0.473,2.65450611577785e-105,"7","SH3BGRL3"
4.21498546998345e-109,0.873386336374133,1,0.597,1.25214573356798e-104,"7","RPLP1"
7.09133879977454e-109,0.907694927039794,0.959,0.502,2.10662401724902e-104,"7","RPS10"
8.05305539877597e-109,1.12484733631633,0.772,0.366,2.39232116731438e-104,"7","HCST"
1.77130419832476e-108,0.866983143803084,0.997,0.539,5.26201338196336e-104,"7","RPL3"
4.87395203771857e-108,0.853742810125913,0.993,0.534,1.44790493184506e-103,"7","RPL12"
5.21523129276566e-108,0.916582075954461,0.956,0.498,1.54928876014189e-103,"7","UBA52"
6.61601279268196e-107,0.852877041325995,0.993,0.546,1.96541892032203e-102,"7","RPL18"
2.03751097169108e-106,1.11156877715955,0.834,0.437,6.05283384360268e-102,"7","HSP90AB1"
1.37727902510389e-105,0.911876288456787,0.944,0.494,4.09148279987614e-101,"7","RPS11"
3.15267230941967e-105,0.849107314212098,0.981,0.553,9.36564362959301e-101,"7","RPS24"
1.13109844186245e-103,0.882355728364557,0.946,0.505,3.36015414124079e-99,"7","RPL24"
1.17028758568866e-102,1.61856188321279,0.467,0.166,3.47657333080531e-98,"7","ITM2A"
2.72555308733313e-102,0.933014148080785,0.905,0.485,8.09680055654053e-98,"7","PFDN5"
6.03345616888326e-102,0.875111709545211,0.917,0.475,1.79235882409015e-97,"7","RPL36A"
5.60625238243404e-101,0.795182820197717,0.999,0.526,1.66544939524968e-96,"7","RPS6"
6.56546046745038e-101,0.84555335756977,0.993,0.539,1.95040134106549e-96,"7","RPL19"
8.94989473923074e-101,0.819954916575201,0.991,0.552,2.65874523018328e-96,"7","RPL30"
1.0248856728366e-100,0.857798026988404,1,0.591,3.04462786829569e-96,"7","RPL10"
2.37751716828131e-100,0.870572316119386,0.944,0.503,7.06289025181329e-96,"7","RACK1"
5.1378997939125e-100,0.915469603418059,0.934,0.562,1.52631589177759e-95,"7","BTG1"
4.05824480150752e-99,0.797669487344319,0.991,0.556,1.20558278318384e-94,"7","RPS8"
6.56005860470469e-99,0.831749460797733,1,0.543,1.94879660969962e-94,"7","RPS19"
7.09562247754669e-99,0.992226282879058,0.845,0.451,2.10789656940479e-94,"7","ATP5F1E"
2.69030394313956e-98,0.814198367445528,0.997,0.568,7.9920859238847e-94,"7","RPL11"
6.05672226195284e-98,1.41269987403751,0.681,0.341,1.79927048235833e-93,"7","TRBC2"
4.62997330546884e-97,0.815177751209489,0.993,0.53,1.37542616985563e-92,"7","RPS4X"
4.96465185686776e-97,0.793487788318161,0.999,0.567,1.47484912711971e-92,"7","RPL34"
3.01433776471841e-96,0.696270170024662,0.999,0.778,8.95469319764897e-92,"7","MT-CO1"
3.15762679180221e-96,1.0322251603543,0.806,0.416,9.38036191040683e-92,"7","COX4I1"
1.9981557747252e-95,0.80856927063996,0.972,0.523,5.93592135997616e-91,"7","RPL14"
2.68354907365337e-95,0.829986374943769,0.997,0.556,7.97201923310206e-91,"7","RPS27A"
4.12240348299454e-95,0.841640040416012,0.92,0.463,1.22464240269319e-90,"7","RPS17"
4.34985217309773e-95,0.776672850706877,0.985,0.522,1.29221058506214e-90,"7","RPL9"
1.25443525307648e-94,0.873201560926583,0.841,0.438,3.7265508063143e-90,"7","CD69"
1.31265746850607e-94,0.810991517611655,0.936,0.511,3.89951154169098e-90,"7","RPL7A"
1.57539868655243e-94,0.977452271768732,0.655,0.269,4.68003687814131e-90,"7","CTSW"
2.66836171765962e-94,0.783656728814941,0.945,0.503,7.92690215465143e-90,"7","FTL"
2.81918909327176e-94,1.03228696141911,0.763,0.373,8.37496503938241e-90,"7","RPS4Y1"
4.88521329682639e-94,0.808142883949548,0.971,0.53,1.45125031408822e-89,"7","RPL6"
6.22614867470039e-94,0.929780135644021,0.893,0.524,1.84960198679325e-89,"7","ACTG1"
2.8892818058152e-93,1.00822419032653,0.863,0.499,8.5831894605352e-89,"7","ZFP36L2"
3.59277759896802e-93,0.840585411702959,0.917,0.489,1.06730644132543e-88,"7","RPLP0"
1.34369991069475e-92,0.769053004974946,1,0.546,3.9917293247009e-88,"7","RPL32"
2.04379043249527e-92,0.76012702119337,0.987,0.522,6.0714882378137e-88,"7","RPS13"
2.52641876855185e-92,0.771210263773683,0.988,0.58,7.50523223573698e-88,"7","TMSB10"
3.23747293653984e-92,0.738831051180686,0.821,0.408,9.61756085257889e-88,"7","ID2"
1.56935205566923e-91,1.5781411969505,0.486,0.191,4.66207415177658e-87,"7","HLA-DPA1"
4.34789206931088e-91,1.63318795526601,0.519,0.209,1.29162829703018e-86,"7","HLA-DRA"
2.20600288692312e-90,1.7960057898653,0.363,0.116,6.55337277618251e-86,"7","FABP5"
2.21455777051211e-90,0.789789193215328,0.969,0.532,6.57878676886031e-86,"7","RPL37A"
1.83525128182493e-89,1.05917774499456,0.724,0.364,5.4519809829173e-85,"7","SRSF7"
2.59551705472718e-89,1.15188600418127,0.738,0.388,7.71050251447803e-85,"7","CALM2"
4.07709838579699e-89,1.22733243171237,0.625,0.285,1.21118361746871e-84,"7","NR4A2"
6.77114398752101e-89,1.7831173771155,0.45,0.171,2.01150374437287e-84,"7","RGS2"
7.63173409281901e-89,0.754009709009111,0.988,0.532,2.26715924695374e-84,"7","RPL8"
8.03525886595317e-89,0.690122377947415,0.819,0.41,2.38703435130871e-84,"7","JUN"
1.77228080080915e-88,1.22174171958267,0.653,0.316,5.26491457496375e-84,"7","LDHA"
1.80050286251648e-88,0.761521556758944,1,0.627,5.34875385367772e-84,"7","EEF1A1"
2.18368619786164e-88,0.920827842443156,0.853,0.458,6.48707658798758e-84,"7","HNRNPA1"
1.88257600597569e-87,0.750750793418659,0.997,0.536,5.59256854095198e-83,"7","RPS23"
3.89150424432297e-87,1.30633848461529,0.585,0.268,1.15604916586103e-82,"7","PPDPF"
4.56660557651354e-87,1.52089729985119,0.494,0.198,1.35660151861488e-82,"7","HLA-DRB1"
4.7007331125166e-87,0.763850897410957,0.972,0.533,1.39644678573531e-82,"7","RPL37"
7.96352699603464e-86,0.889741790044813,0.853,0.474,2.36572496471201e-81,"7","CYBA"
1.1348910720773e-85,0.793039798018584,0.904,0.493,3.37142090782004e-81,"7","RPSA"
1.34951608772794e-85,0.941202987372252,0.797,0.422,4.0090074418134e-81,"7","NPM1"
8.95761194893809e-85,0.670667794706571,0.992,0.72,2.66103778167104e-80,"7","MT-CO3"
9.00313001382548e-85,0.916005265686902,0.817,0.437,2.67455983320713e-80,"7","BTF3"
9.17311919272055e-85,0.724759143391702,0.973,0.651,2.72505851858149e-80,"7","MT-ND4"
1.4597842568902e-84,0.81272137667501,0.94,0.627,4.33658109194371e-80,"7","MT-ND2"
5.49405951963368e-84,0.985408295074785,0.766,0.407,1.63212026149758e-79,"7","ATP5MG"
1.20623146391586e-83,0.875954099078621,0.858,0.485,3.58335180985483e-79,"7","SERF2"
1.30859260850551e-82,0.812325635444753,0.873,0.458,3.88743606208733e-78,"7","RPL4"
2.8063624458704e-82,0.674935087622541,0.863,0.446,8.33686091794719e-78,"7","FOS"
5.40907042400902e-82,1.04775946441381,0.671,0.326,1.60687255086036e-77,"7","TUBB4B"
7.16076028774894e-82,0.889225484025281,0.727,0.36,2.12724705868158e-77,"7","FOSB"
9.04506790737882e-82,0.995697364718152,0.748,0.39,2.68701832324503e-77,"7","SAP18"
2.05418968557551e-81,0.875384634634667,0.823,0.43,6.10238129893917e-77,"7","RPL17"
3.23116176537895e-81,0.711976934070105,0.979,0.517,9.59881225641124e-77,"7","RPS3A"
3.14080171688164e-80,0.806996689786593,0.847,0.452,9.33037966034028e-76,"7","CD52"
3.36521897222779e-80,0.895411841363919,0.834,0.473,9.99705600079711e-76,"7","MYL6"
1.18443847779371e-79,1.15897310763413,0.572,0.255,3.51861138598179e-75,"7","YPEL5"
1.25363357526433e-79,0.724481001572564,0.964,0.514,3.72416926203775e-75,"7","RPL29"
6.08442514211932e-79,0.911120228071489,0.776,0.417,1.80750017696939e-74,"7","TOMM7"
8.49559793298286e-79,1.01180061464496,0.715,0.381,2.52378727795122e-74,"7","SRP14"
4.9736884391651e-78,0.929869759508911,0.764,0.4,1.47753362462278e-73,"7","COX7C"
9.82151838025908e-78,1.20894006106626,0.538,0.236,2.91767846522356e-73,"7","ZNF331"
7.32147047922906e-77,0.971646240462757,0.742,0.396,2.17498923526458e-72,"7","YBX1"
1.68062003077317e-76,1.67539293799063,0.305,0.094,4.99261792541785e-72,"7","CCL4L2"
1.93126090001269e-76,1.06085652287851,0.651,0.331,5.73719675566769e-72,"7","TUBA1B"
2.84594431201205e-76,0.994029640234493,0.7,0.36,8.45444676769421e-72,"7","SLC25A6"
1.6883402842827e-75,1.1898583931176,0.565,0.263,5.01555248251861e-71,"7","SELENOK"
6.75988489186534e-75,0.726333275861773,0.871,0.535,2.00815900482644e-70,"7","MT-ND1"
4.87239168562594e-74,0.752219475768641,0.862,0.486,1.4474413980489e-69,"7","TSC22D3"
1.70457526512131e-73,1.07933343395351,0.652,0.339,5.06378174009588e-69,"7","LAPTM5"
6.53639482467562e-73,1.08691831796755,0.627,0.312,1.94176681056639e-68,"7","CREM"
1.81324446107561e-71,0.674007348721622,0.934,0.52,5.38660532051733e-67,"7","RPL5"
2.40955762325813e-71,1.04069445286652,0.624,0.312,7.15807283141292e-67,"7","BRD2"
1.34403611521244e-70,1.40061861241897,0.451,0.192,3.9927280874616e-66,"7","RARRES3"
3.842237637634e-70,1.17407278025091,0.525,0.242,1.14141353501193e-65,"7","EIF4A3"
5.49597172290963e-69,0.92920628872283,0.689,0.361,1.63268831972476e-64,"7","HINT1"
6.35115543097759e-69,1.12063468397226,0.581,0.29,1.88673774388051e-64,"7","SNRPD2"
6.27346677918161e-67,0.820811826118359,0.716,0.377,1.86365877609148e-62,"7","ZFP36"
1.92555423599976e-66,1.17814083919175,0.523,0.249,5.7202439688845e-62,"7","TUBA1A"
1.67852939687088e-65,0.918881850149625,0.707,0.393,4.98640727928431e-61,"7","CORO1A"
2.42638435088168e-65,0.575349251910676,0.975,0.529,7.20805999116419e-61,"7","TPT1"
4.49810370655261e-65,0.975793263445621,0.64,0.338,1.33625166810558e-60,"7","OST4"
4.50672063074419e-65,0.916580739157037,0.675,0.362,1.33881149777518e-60,"7","COMMD6"
8.12655274855542e-65,1.01070358486573,0.617,0.32,2.41415502501336e-60,"7","PSME1"
2.33576087069093e-63,1.02851711799088,0.586,0.297,6.93884481856153e-59,"7","CD7"
7.60811195497987e-62,1.19596719777195,0.462,0.208,2.26014181846587e-57,"7","UBE2S"
1.37885194411525e-61,0.993365370381842,0.625,0.338,4.09615547038318e-57,"7","CHCHD2"
2.54181714361166e-60,0.746963874071539,0.818,0.492,7.55097618852716e-56,"7","CALM1"
6.69840627921065e-60,1.34835717477502,0.399,0.17,1.98989555336511e-55,"7","CSRNP1"
1.65887071585213e-59,1.10099833507359,0.552,0.283,4.92800723558193e-55,"7","RBM8A"
2.68472415271251e-59,1.0346807175667,0.58,0.299,7.97551004046304e-55,"7","HSPA5"
1.1579775109281e-58,0.995506918882484,0.59,0.308,3.4400037917141e-54,"7","TPI1"
1.88750108175123e-58,1.29772264926537,0.507,0.252,5.60719946355838e-54,"7","TRBC1"
3.02509155324668e-58,1.03111254462405,0.582,0.31,8.98663947722991e-54,"7","UQCRB"
4.23218533529772e-58,0.511191313308554,0.949,0.679,1.25725529755689e-53,"7","MT-CYB"
9.09878332000621e-58,0.822506802240623,0.751,0.449,2.70297556087425e-53,"7","ARHGDIB"
2.61460824268777e-57,0.883402188110581,0.636,0.346,7.76721670655256e-53,"7","SRSF2"
4.07665629428452e-57,0.647797061812576,0.858,0.534,1.2110522853431e-52,"7","S100A6"
3.71922023918281e-56,0.675836156125037,0.671,0.359,1.10486875645404e-51,"7","GADD45B"
9.95884755196314e-56,0.951186164275761,0.522,0.26,2.95847484226169e-51,"7","CYCS"
1.13778073272845e-55,0.823028191267439,0.695,0.396,3.3800052227164e-51,"7","TMA7"
1.18553653116918e-55,1.00032137917824,0.537,0.273,3.52187337314429e-51,"7","UQCRH"
5.97049224430718e-55,1.13111808643091,0.455,0.217,1.77365413101633e-50,"7","TRMT112"
7.3258358838293e-55,1.33692803251447,0.382,0.166,2.17628606600917e-50,"7","CKS2"
2.62635792436818e-54,1.04860650838863,0.501,0.252,7.80212148592056e-50,"7","GUK1"
4.06929618205637e-54,1.02268396779964,0.348,0.138,1.20886581680349e-49,"7","IFNG"
5.58027902121996e-54,1.01911313312078,0.549,0.289,1.65773348883381e-49,"7","COX7A2"
8.77996851799086e-54,0.58948329898561,0.842,0.475,2.60826524763955e-49,"7","NACA"
9.11599432683767e-54,0.671788682826269,0.861,0.556,2.70808843467367e-49,"7","HLA-E"
4.70018236611171e-53,1.25023454635398,0.39,0.173,1.39628317550081e-48,"7","JPT1"
7.92588550028452e-53,0.610234472248364,0.838,0.485,2.35454280556952e-48,"7","RPL22"
4.50482663591324e-52,0.770016764789936,0.685,0.386,1.33824884873075e-47,"7","EEF2"
1.97798336288509e-51,0.75827120873007,0.672,0.383,5.87599517612274e-47,"7","RPL36AL"
2.10495139048034e-51,0.902772644958384,0.572,0.31,6.25317909569994e-47,"7","EIF3K"
3.63515348588531e-51,0.929447469803386,0.594,0.325,1.07989504605195e-46,"7","CRIP1"
4.03579185773295e-51,1.25036453765943,0.404,0.187,1.19891268717673e-46,"7","SERTAD1"
1.47009798838572e-50,0.615184894491696,0.748,0.433,4.36722009409745e-46,"7","MYL12A"
1.79479350136396e-50,0.958421798306212,0.53,0.28,5.33179305450191e-46,"7","UBL5"
9.16579566175248e-50,0.972902513336371,0.523,0.276,2.72288291723681e-45,"7","PSMA7"
1.04407215289e-49,1.31994990578086,0.373,0.169,3.10162514459031e-45,"7","PMAIP1"
2.09035622532253e-49,0.799574562113719,0.613,0.336,6.20982123856563e-45,"7","CLIC1"
6.09070439572483e-49,1.51344760713662,0.288,0.113,1.80936555483798e-44,"7","KPNA2"
1.54253838916343e-48,1.0314827822692,0.477,0.24,4.5824187926878e-44,"7","ARL6IP1"
2.97717836982935e-48,1.04200764351607,0.454,0.226,8.84430378325205e-44,"7","PSME2"
4.1656309353238e-48,1.21866390220443,0.388,0.179,1.23748398195664e-43,"7","HSPH1"
4.88905036039908e-48,0.856313068583414,0.428,0.209,1.45239019056375e-43,"7","IGKC"
1.32184456178815e-47,0.859201649089336,0.56,0.301,3.92680363970406e-43,"7","SSR4"
1.4128811698555e-47,1.39810195941665,0.29,0.114,4.19724609128974e-43,"7","SH2D1A"
1.5900308137928e-47,1.00965165180935,0.465,0.237,4.72350453853427e-43,"7","RAN"
2.57519962038128e-47,0.800807663685772,0.627,0.362,7.65014551226666e-43,"7","SRSF3"
2.65307901092394e-47,0.857523481441269,0.556,0.299,7.88150181775176e-43,"7","DNAJB6"
7.88243244170565e-47,1.09021560079141,0.44,0.22,2.3416342054575e-42,"7","TUBA4A"
1.00248080646874e-46,0.470190442595853,0.718,0.401,2.97806973177669e-42,"7","IER2"
1.55397517155806e-46,0.835049237646217,0.573,0.317,4.61639404214753e-42,"7","RAC2"
2.29044217232525e-46,0.742724547068442,0.669,0.388,6.80421656132662e-42,"7","SARAF"
2.40767427123238e-46,0.925638698947437,0.542,0.297,7.15247795755004e-42,"7","LSP1"
2.6188580923542e-46,1.03565823679084,0.459,0.236,7.77984173495662e-42,"7","NDUFS5"
5.98415720979707e-46,0.834368301897597,0.584,0.327,1.77771358231442e-41,"7","LMNA"
6.89911329627996e-46,1.1309062246516,0.36,0.16,2.04951958692589e-41,"7","GZMM"
7.40425762589715e-46,0.931060731243141,0.51,0.269,2.19958281292527e-41,"7","HSPE1"
9.31999665199846e-46,0.989532850605573,0.477,0.246,2.76869140540918e-41,"7","COX6A1"
1.06582852655087e-45,0.753013132833711,0.746,0.476,3.16625680382468e-41,"7","KLF6"
1.80205558472923e-45,1.15693180243195,0.347,0.152,5.35336652555512e-41,"7","APOBEC3G"
2.92238338847335e-45,1.19151389422081,0.384,0.183,8.68152433213778e-41,"7","SBDS"
5.69043980073863e-45,0.97034395638484,0.506,0.273,1.69045895160542e-40,"7","SOD1"
7.79143178679453e-45,0.377915418421099,0.736,0.411,2.31460064090305e-40,"7","NFKBIA"
7.92096987067664e-45,0.904646167116619,0.514,0.277,2.35308251948191e-40,"7","UQCR11"
9.77524464905886e-45,0.727463080418936,0.613,0.346,2.90393192789592e-40,"7","NOP53"
1.94274351722864e-44,0.756962541633218,0.498,0.26,5.77130816663111e-40,"7","CITED2"
2.1794712150303e-44,0.854816813213429,0.576,0.324,6.47455513849051e-40,"7","ZFAS1"
2.7886139103965e-44,1.05582283951443,0.416,0.205,8.28413534361487e-40,"7","LY6E"
2.86472050008316e-44,0.776925419972132,0.631,0.367,8.51022518959705e-40,"7","EIF4A2"
3.44463363290368e-44,0.652073798241406,0.668,0.386,1.0232973133267e-39,"7","SAT1"
4.74327720059917e-44,1.08106411378486,0.371,0.172,1.40908535798199e-39,"7","PLP2"
8.80399742995947e-44,0.908167887863718,0.531,0.287,2.61540351651806e-39,"7","TNFAIP3"
9.85077666624534e-44,0.563993998944903,0.93,0.709,2.9263702242415e-39,"7","DDX5"
1.09076577773855e-43,0.949479621616582,0.518,0.283,3.24033789592791e-39,"7","CLK1"
2.37625385332176e-43,1.34489195731941,0.296,0.125,7.05913732206296e-39,"7","STMN1"
2.44621460857918e-43,1.21621043400563,0.392,0.194,7.26696973770618e-39,"7","C6orf48"
2.85887067758822e-43,0.667299477975972,0.7,0.421,8.49284712191132e-39,"7","H3F3A"
3.91343431745581e-43,0.748977042457853,0.672,0.409,1.1625639326866e-38,"7","CIRBP"
5.70492319571113e-43,0.868808083689114,0.561,0.324,1.69476153374991e-38,"7","ATP5MC2"
6.07292154433152e-43,0.934778839006554,0.473,0.247,1.80408280317456e-38,"7","ISG20"
6.90959581709322e-43,0.963531140113409,0.494,0.271,2.05263362938388e-38,"7","TRIR"
1.78562476078893e-42,0.978657869141192,0.427,0.214,5.30455547687568e-38,"7","HSPA1B"
1.98028497270568e-42,0.858697549713387,0.521,0.282,5.88283256841676e-38,"7","SUMO2"
2.37061234293716e-42,1.00404456295078,0.41,0.203,7.04237808716344e-38,"7","COX8A"
2.87786317058874e-42,0.673822115440807,0.669,0.402,8.54926812086796e-38,"7","PPIA"
3.14069407887556e-42,0.855402443648347,0.529,0.296,9.33005990011562e-38,"7","NDUFA4"
3.80580597255023e-42,1.32019153145631,0.26,0.101,1.1305907802655e-37,"7","HLA-DQB1"
4.24594252509312e-42,0.94575670701436,0.444,0.228,1.26134214592941e-37,"7","ARL6IP4"
6.56674832847492e-42,1.32114366558516,0.375,0.182,1.95078392594004e-37,"7","HSPB1"
8.60641487861562e-41,0.745049208802987,0.561,0.316,2.55670766799034e-36,"7","MYL12B"
9.55075940590884e-41,0.718137609954557,0.644,0.388,2.83724409671334e-36,"7","CD99"
1.97506988153109e-40,0.686214335361701,0.337,0.15,5.86734009706442e-36,"7","AREG"
2.13601619427099e-40,0.839521612013382,0.495,0.269,6.34546330832084e-36,"7","IFITM1"
3.42225245396695e-40,0.727704277093424,0.624,0.373,1.01664853649996e-35,"7","SKP1"
1.18725389917776e-39,0.82112189747568,0.494,0.265,3.52697515828737e-35,"7","LITAF"
2.89295475707801e-39,0.999693887131312,0.407,0.211,8.59410069685166e-35,"7","SEPT7"
9.85016021717016e-39,0.923064503785073,0.396,0.196,2.92618709571474e-34,"7","CD3G"
1.01970182747699e-38,0.584416267077057,0.685,0.408,3.0292282188859e-34,"7","EEF1B2"
1.06305873771929e-38,0.93720099177102,0.462,0.252,3.15802859214268e-34,"7","CIB1"
1.23063834668192e-38,0.955675202663238,0.42,0.215,3.65585733648797e-34,"7","MT2A"
1.91058874811171e-38,1.23963728919577,0.3,0.133,5.67578599401546e-34,"7","PLIN2"
2.18031069590863e-38,0.75526238559417,0.589,0.346,6.47704898433577e-34,"7","RPS26"
2.35658007190568e-38,0.832781873914685,0.533,0.304,7.0006924196102e-34,"7","CD37"
3.08687632864209e-38,1.04959551214564,0.363,0.176,9.17018350949706e-34,"7","MYADM"
4.85863469053691e-38,0.989127395878861,0.415,0.217,1.4433546075178e-33,"7","ATP5MPL"
8.12241549748979e-38,0.291522024538179,0.973,0.749,2.41292597183929e-33,"7","MT-CO2"
1.0382696762075e-37,0.59902634521253,0.564,0.317,3.08438772710962e-33,"7","PPP1R15A"
1.15702673214311e-37,1.1297550785839,0.387,0.198,3.43717931317753e-33,"7","ALOX5AP"
1.27787682262798e-37,0.902705877241977,0.477,0.265,3.79618867698095e-33,"7","SSR2"
9.16612116739169e-37,0.755615914776144,0.535,0.305,2.72297961519705e-32,"7","EZR"
1.06155492042803e-36,0.756031472027881,0.501,0.278,3.15356120211556e-32,"7","ELOB"
1.4267241568085e-36,1.20605865838544,0.299,0.137,4.238369452631e-32,"7","SEPT1"
3.20988147849774e-36,0.977344638294614,0.386,0.198,9.53559490817322e-32,"7","SPCS1"
3.54116810819708e-36,1.06468064211322,0.333,0.159,1.05197480990211e-31,"7","NR4A1"
3.95536765425868e-36,0.380646822522088,0.742,0.488,1.17502106905063e-31,"7","VIM"
4.34826058352416e-36,0.792567749725995,0.498,0.281,1.29173777154752e-31,"7","COX6B1"
7.32592300525951e-36,0.804481410656962,0.502,0.289,2.17631194717244e-31,"7","COX6C"
2.14083667429445e-35,0.951368718402797,0.4,0.21,6.35978350832652e-31,"7","MAP1LC3B"
1.37177167700542e-34,0.930039160662153,0.404,0.216,4.07512212088002e-30,"7","PRDX1"
1.67235595484142e-34,0.876933983502505,0.422,0.226,4.9680678350474e-30,"7","POLR2L"
2.51170096691918e-34,0.920134232354947,0.422,0.232,7.4615100624268e-30,"7","HMGN1"
4.77240613144507e-34,0.89138070623266,0.424,0.23,1.41773868946839e-29,"7","EIF5"
5.24437301162807e-34,1.00534027098667,0.394,0.21,1.55794589056435e-29,"7","SNRPB"
7.64546283450853e-34,0.619706054833802,0.689,0.448,2.27123764424745e-29,"7","ARPC2"
1.54128432651783e-33,0.909065253055076,0.406,0.219,4.57869334878651e-29,"7","PARK7"
2.61956421347386e-33,0.618478585172824,0.6,0.361,7.78193940896678e-29,"7","IFITM2"
2.64602553703355e-33,0.72401577859395,0.349,0.17,7.86054806286556e-29,"7","XCL2"
2.82839484382572e-33,1.05453254043963,0.323,0.157,8.40231256255306e-29,"7","TSPYL2"
4.82645231408112e-33,0.586028074953954,0.687,0.445,1.43379418894408e-28,"7","ITM2B"
5.56052824516091e-33,1.20820296485175,0.277,0.129,1.65186612578995e-28,"7","SNRPN"
5.60994763249342e-33,1.11744401101646,0.288,0.134,1.66654714318482e-28,"7","NEU1"
6.49671434634621e-33,1.06096794595507,0.34,0.172,1.92997893086907e-28,"7","FKBP1A"
7.43452692040728e-33,0.736152089774851,0.505,0.293,2.20857491224539e-28,"7","MCL1"
8.00908594424594e-33,1.1657814777826,0.281,0.129,2.37925916145714e-28,"7","LYAR"
9.64782028184819e-33,0.705415364828858,0.56,0.337,2.86607797112864e-28,"7","SUB1"
1.14263145440603e-32,1.10301083275612,0.3,0.143,3.39441526160399e-28,"7","GABARAPL2"
1.41586103850945e-32,1.07764440357364,0.332,0.168,4.20609838710001e-28,"7","IFRD1"
1.86971874156871e-32,0.747694599565285,0.499,0.29,5.55437346557817e-28,"7","PNRC1"
2.83001018442576e-32,0.981593996674396,0.361,0.188,8.40711125487362e-28,"7","RSL24D1"
3.16132618947768e-32,0.760470755228193,0.49,0.286,9.39135171108134e-28,"7","EDF1"
3.814703760626e-32,0.860376695992185,0.411,0.223,1.13323404616917e-27,"7","CALR"
4.37938924563396e-32,0.748537102133866,0.473,0.271,1.30098516320048e-27,"7","ENO1"
5.454878676853e-32,0.754591609047272,0.518,0.311,1.62048080853272e-27,"7","DDX3X"
7.34610450723297e-32,0.930985906903654,0.368,0.193,2.1823072659637e-27,"7","HIGD2A"
8.00552557689245e-32,0.822486747081653,0.378,0.197,2.37820148312744e-27,"7","C9orf16"
1.07119181533577e-31,1.13739427817413,0.293,0.14,3.18218952581796e-27,"7","HMGB2"
1.14501070545217e-31,1.13670228698925,0.325,0.166,3.40148330268677e-27,"7","CACYBP"
1.27736733937956e-31,1.09417098539524,0.295,0.141,3.79467515509485e-27,"7","BCAS2"
1.56286667227079e-31,0.946913715240749,0.365,0.194,4.64280802331485e-27,"7","TMEM258"
4.26722882453114e-31,0.702457789098807,0.535,0.329,1.26766566690347e-26,"7","HNRNPK"
4.49448439863562e-31,0.95911619338776,0.357,0.186,1.33517648030268e-26,"7","DRAP1"
6.34418144917421e-31,1.17257876754233,0.27,0.127,1.88466598310618e-26,"7","CDK2AP2"
1.52385211475324e-30,0.965680329121649,0.357,0.19,4.52690747729746e-26,"7","ATP5F1B"
2.07982844691021e-30,0.801164685160894,0.469,0.276,6.17854636723616e-26,"7","SERP1"
2.13047538640901e-30,0.936103674715574,0.261,0.116,6.32900323040524e-26,"7","TRAT1"
2.22693022635651e-30,0.811986578498674,0.432,0.243,6.61554162343728e-26,"7","NDUFA13"
2.49765874325935e-30,0.571000757516878,0.556,0.331,7.41979482860055e-26,"7","DDIT4"
2.6365343723037e-30,0.789850594508948,0.446,0.259,7.8323526598026e-26,"7","EIF3F"
1.1075599403622e-29,0.828044600632774,0.375,0.2,3.29022831483399e-25,"7","HSPD1"
1.14578924973685e-29,0.885923595716176,0.407,0.229,3.40379612419326e-25,"7","SDCBP"
2.41236547674621e-29,1.03332673478998,0.307,0.154,7.16641412176996e-25,"7","DNAJB9"
2.57545332712907e-29,0.692503111731894,0.49,0.29,7.65089919890234e-25,"7","IL2RG"
3.98160626581819e-29,1.03060749759477,0.307,0.156,1.18281577338661e-24,"7","COPS9"
4.35969314916431e-29,0.884324555059771,0.391,0.22,1.29513404382224e-24,"7","SLC25A5"
4.5781860593643e-29,0.869691526434632,0.372,0.205,1.36004173265535e-24,"7","DAD1"
1.18060756949353e-28,0.860596534596272,0.364,0.198,3.50723090669444e-24,"7","UXT"
1.23866171182276e-28,1.08322175722927,0.284,0.141,3.67969234731186e-24,"7","PRDX6"
1.49664338103444e-28,0.591970352066499,0.566,0.352,4.44607849203901e-24,"7","ARPC3"
1.56377737870077e-28,0.787896758645545,0.388,0.214,4.64551345890637e-24,"7","EIF3G"
2.88958665696523e-28,1.0772661066007,0.277,0.136,8.58409508184661e-24,"7","SLC3A2"
3.51301181933181e-28,1.06337490369845,0.253,0.118,1.0436104211689e-23,"7","RNF139"
5.09359837602224e-28,0.902188730389031,0.349,0.189,1.51315526956493e-23,"7","NDUFB11"
5.68210478131707e-28,0.628157334740252,0.485,0.287,1.68798286738586e-23,"7","LDHB"
9.1179463382743e-28,0.995504837346118,0.261,0.124,2.70866831871115e-23,"7","ANXA5"
9.67661832471439e-28,0.902143252615086,0.321,0.166,2.8746330057229e-23,"7","MZT2A"
1.20785060555215e-27,0.880090709892827,0.349,0.191,3.58816179391377e-23,"7","UBXN1"
1.50033150030238e-27,0.911541412734702,0.387,0.219,4.45703478794827e-23,"7","HMGN2"
1.73567594072571e-27,0.920451296688065,0.312,0.159,5.15617251711387e-23,"7","ATP5IF1"
2.03035098426118e-27,0.905833980976748,0.323,0.168,6.03156366894468e-23,"7","PSMB3"
2.60238931882049e-27,1.04663265466427,0.256,0.122,7.73091794942003e-23,"7","DYNLRB1"
2.83376856295573e-27,0.727621650908658,0.444,0.266,8.41827626997258e-23,"7","EIF4A1"
2.9260720437483e-27,0.556109121239145,0.609,0.386,8.69248222036308e-23,"7","FXYD5"
4.62561906072959e-27,0.815141323942081,0.404,0.232,1.37413265437094e-22,"7","HNRNPA0"
5.62670422828443e-27,1.07900013262191,0.268,0.133,1.67152502509646e-22,"7","SEPT9"
7.66643952428402e-27,0.760071618295937,0.442,0.259,2.27746918947905e-22,"7","PSMB9"
8.14388845111645e-27,0.920071009508298,0.317,0.165,2.41930494217316e-22,"7","AC016831.5"
1.51155194201206e-26,0.829453546229973,0.365,0.202,4.49036735413523e-22,"7","ARF6"
2.14076351435776e-26,0.995783288323769,0.286,0.146,6.3595661721026e-22,"7","ISCU"
2.52757957625579e-26,0.896945788315158,0.312,0.161,7.50868064718309e-22,"7","ARID5A"
2.70840990072839e-26,0.764808259764679,0.392,0.224,8.04587329209383e-22,"7","VAMP2"
2.98419937813733e-26,0.8029842260855,0.414,0.247,8.86516109263257e-22,"7","PGK1"
3.44170148410274e-26,0.896906031652779,0.32,0.169,1.0224262598824e-21,"7","REX1BD"
3.94056993192347e-26,0.884075044422414,0.332,0.179,1.17062510967651e-21,"7","C19orf53"
4.48867558728906e-26,0.798458009349385,0.384,0.22,1.33345085671596e-21,"7","ATP6V1G1"
4.57630636895609e-26,0.569265718478913,0.452,0.269,1.35948333302579e-21,"7","HSPA1A"
4.6205267248514e-26,0.940585235682449,0.286,0.145,1.37261987415161e-21,"7","NXF1"
4.76175483424772e-26,0.664093926450057,0.501,0.309,1.41457450860997e-21,"7","TRA2B"
5.2637401477367e-26,0.956071257584876,0.312,0.167,1.56369928568814e-21,"7","SF3B5"
8.21644767514457e-26,0.809105029972271,0.343,0.187,2.4408601108552e-21,"7","PPP1CA"
8.53470781475113e-26,0.944782722733781,0.319,0.171,2.53540565052812e-21,"7","EID1"
1.04620257562438e-25,0.608301549075939,0.436,0.252,3.10795399140735e-21,"7","ARL6IP5"
1.29767248357121e-25,0.313236677785146,0.786,0.542,3.85499564694498e-21,"7","S100A4"
1.90437145862753e-25,0.862884814640162,0.341,0.188,5.6573162921448e-21,"7","PRR13"
1.9706681515189e-25,0.822945541290413,0.355,0.2,5.8542638777172e-21,"7","COPE"
2.38833329386367e-25,0.866212157120735,0.311,0.162,7.0950217160808e-21,"7","OCIAD2"
2.69624476539346e-25,0.794868876800559,0.359,0.198,8.00973432455435e-21,"7","SNU13"
2.89893219990436e-25,1.0836825119179,0.264,0.134,8.61185788625587e-21,"7","NOP56"
2.97139729443584e-25,1.11291440482377,0.254,0.125,8.82712994258054e-21,"7","BUD31"
5.21494895798589e-25,0.862085214819002,0.303,0.16,1.54920488694887e-20,"7","CHMP1B"
5.98964167118089e-25,0.695476937030438,0.459,0.282,1.77934285125771e-20,"7","ATP6V0E1"
8.71452399236252e-25,0.923880109982163,0.297,0.157,2.58882364241113e-20,"7","CTSD"
1.18562839160334e-24,0.891929380986097,0.343,0.194,3.52214626293606e-20,"7","NDUFB8"
1.62478967181458e-24,0.977374079626665,0.299,0.159,4.82676267805957e-20,"7","ATP1B3"
1.93664576659261e-24,0.934209152170011,0.315,0.171,5.75319357881666e-20,"7","ATP5MC3"
3.2323532254167e-24,0.792908895250672,0.353,0.201,9.6023517267454e-20,"7","GYPC"
4.12929716954512e-24,0.977938756185821,0.315,0.176,1.22669031015677e-19,"7","WDR83OS"
4.15553489346025e-24,0.495633076898461,0.624,0.415,1.23448475080024e-19,"7","CD2"
4.41435611519406e-24,0.93506841665123,0.274,0.142,1.3113727711407e-19,"7","FKBP8"
4.49267725880937e-24,1.05137354581417,0.301,0.163,1.3346396332745e-19,"7","TOB1"
4.61698353351002e-24,0.616415804668773,0.463,0.284,1.37156729829982e-19,"7","TMBIM6"
6.04255357904881e-24,0.93355660537834,0.29,0.153,1.79506139172803e-19,"7","PSMB8"
6.50479948189234e-24,0.711231478612421,0.383,0.222,1.93238078208576e-19,"7","MIF"
8.27545333536008e-24,0.808592444720034,0.386,0.23,2.45838892233542e-19,"7","NDUFA1"
8.8793422042533e-24,0.8867277238099,0.367,0.217,2.63778618861753e-19,"7","AMD1"
1.0691800019041e-23,0.837372461028447,0.332,0.186,3.17621303165652e-19,"7","ATP5PF"
1.3499364857957e-23,0.906834835737257,0.295,0.157,4.01025631835329e-19,"7","BRK1"
1.60279970575821e-23,0.786703776050762,0.349,0.199,4.76143708589592e-19,"7","ICAM3"
1.87633408092705e-23,0.703341933613122,0.396,0.235,5.57402565420998e-19,"7","SEC61B"
2.61496370105921e-23,0.724023043776809,0.365,0.212,7.76827266673659e-19,"7","POMP"
3.13131828444237e-23,0.903981206470793,0.278,0.146,9.30220722759294e-19,"7","SNRPF"
3.47679162842249e-23,0.588947941940209,0.367,0.207,1.03285048905547e-18,"7","GSTP1"
3.55303474476846e-23,0.478340232376654,0.577,0.373,1.05550003162837e-18,"7","S100A10"
3.84279463159721e-23,0.815272354758806,0.293,0.155,1.14157900120858e-18,"7","PSMA2"
4.93207686707612e-23,0.880965588013294,0.3,0.163,1.4651720749023e-18,"7","ERP29"
9.42763484213404e-23,0.623934171859065,0.456,0.281,2.80066748255276e-18,"7","SAMSN1"
9.74750376905021e-23,0.798695658279995,0.293,0.156,2.89569094467175e-18,"7","SLC38A2"
1.26768491304906e-22,0.767730337210916,0.321,0.178,3.76591157119485e-18,"7","H2AFV"
1.40016001188092e-22,0.867071628331319,0.269,0.14,4.15945534729466e-18,"7","NASP"
2.44395175365059e-22,0.792722258808828,0.357,0.209,7.26024747456981e-18,"7","ATP5F1D"
2.62356444622347e-22,0.799700317201304,0.331,0.189,7.79382290039606e-18,"7","C12orf57"
3.80267136959462e-22,0.629824106154992,0.406,0.242,1.12965958376547e-17,"7","GSTK1"
4.80679218550708e-22,0.721577523940668,0.407,0.251,1.42795375454859e-17,"7","NCL"
5.16757202707209e-22,0.796111490831715,0.313,0.173,1.53513062208231e-17,"7","GTF2B"
5.80580606486533e-22,0.920588420254226,0.297,0.164,1.72473080768954e-17,"7","ATP5MF"
7.2736107888016e-22,0.384563870078768,0.616,0.411,2.16077155702929e-17,"7","MT-ND5"
7.57712246929003e-22,0.717451047081282,0.369,0.22,2.25093577195199e-17,"7","ARF1"
9.28149428977894e-22,0.76555233803152,0.323,0.184,2.75725350866463e-17,"7","HEXIM1"
9.57861260208988e-22,0.958657313859061,0.25,0.13,2.84551844570284e-17,"7","SOCS3"
1.33303710707548e-21,0.745319132182226,0.363,0.213,3.96005333398914e-17,"7","TSPO"
1.39842321279298e-21,0.581639998711398,0.481,0.304,4.1542958382441e-17,"7","TPM3"
2.27864379735567e-21,0.956507701079302,0.256,0.134,6.76916712880448e-17,"7","ECH1"
2.44112516743482e-21,0.782654400846113,0.312,0.175,7.25185053489863e-17,"7","ZFAND5"
2.53224675972715e-21,0.924726144196005,0.274,0.148,7.52254544912143e-17,"7","MYLIP"
3.17449064366479e-21,0.641525396332108,0.406,0.245,9.43045935513498e-17,"7","DDX24"
4.79021791735428e-21,0.635424507736207,0.404,0.246,1.42303003670843e-16,"7","SLC25A3"
5.37702028436175e-21,0.693985990213321,0.373,0.225,1.59735141587534e-16,"7","CUTA"
5.77664855949082e-21,0.642412457821416,0.392,0.24,1.71606898756794e-16,"7","TMEM59"
6.43754263842189e-21,0.694594591150048,0.349,0.205,1.91240079159599e-16,"7","BTG2"
9.31012894439881e-21,0.796255444437888,0.3,0.168,2.76576000551256e-16,"7","SYF2"
1.26817122395117e-20,0.717473631126928,0.375,0.228,3.76735625499175e-16,"7","NEDD8"
1.4359944462408e-20,0.720806071811546,0.363,0.219,4.26590870144755e-16,"7","SEC61G"
1.61321459714058e-20,0.95414674378244,0.253,0.135,4.79237660372553e-16,"7","TRAPPC1"
1.75345726798575e-20,0.703327182431821,0.378,0.23,5.20899550600526e-16,"7","RAC1"
1.8285356821436e-20,0.975316871979141,0.25,0.134,5.43203095094399e-16,"7","MAGOH"
2.23058435892341e-20,0.713514820423443,0.343,0.202,6.62639695505378e-16,"7","GPSM3"
2.33477158277254e-20,0.784770791871314,0.269,0.144,6.93590594094239e-16,"7","LBH"
2.47777381678899e-20,0.857864255712747,0.309,0.178,7.36072267753504e-16,"7","IDI1"
2.90395680077407e-20,0.847147840138629,0.273,0.148,8.62678446805953e-16,"7","ZC3H12A"
3.086085162925e-20,0.748479181982441,0.317,0.183,9.1678331935013e-16,"7","ATP5MD"
3.12824282555859e-20,0.813843671908993,0.265,0.143,9.29307096188691e-16,"7","BAX"
3.70961126124521e-20,0.876850046939413,0.264,0.142,1.10201421737812e-15,"7","ATP6V0B"
5.26971604623934e-20,0.599311487889757,0.378,0.226,1.56547454585632e-15,"7","EIF4G2"
7.0022869691496e-20,0.718774327882957,0.549,0.379,2.08016938992527e-15,"7","ANXA1"
7.02853013520009e-20,0.335268024474892,0.494,0.312,2.08796544726389e-15,"7","LGALS1"
9.08201605565586e-20,0.807431711082604,0.296,0.168,2.69799450965368e-15,"7","RABAC1"
9.24766789012444e-20,0.748439253655555,0.323,0.186,2.74720470011927e-15,"7","IDS"
1.36452807129384e-19,0.727538089075037,0.281,0.155,4.05360354139262e-15,"7","RNPS1"
1.65463900055947e-19,0.492503443180656,0.553,0.376,4.91543607896202e-15,"7","HNRNPDL"
2.44940241483017e-19,0.871828363075448,0.293,0.17,7.27643975373599e-15,"7","C4orf3"
3.08667728805627e-19,0.578905307177149,0.404,0.252,9.16959221962876e-15,"7","ITGB2"
3.24177901503384e-19,0.646266597827588,0.36,0.218,9.63035291996104e-15,"7","SNHG8"
3.63231483800192e-19,0.830751971408093,0.295,0.17,1.07905176892523e-14,"7","TMED2"
4.29478380238042e-19,0.585785995225596,0.341,0.201,1.27585142417315e-14,"7","TERF2IP"
4.50887994980977e-19,0.524457981416756,0.491,0.325,1.33945296668999e-14,"7","SRSF5"
5.69756722724608e-19,0.549061386172994,0.392,0.236,1.69257629619799e-14,"7","PPP1R2"
5.71658058368176e-19,0.774404319789777,0.309,0.179,1.69822459399434e-14,"7","AC058791.1"
7.104150381187e-19,0.804317939775664,0.308,0.181,2.11042995373922e-14,"7","TAGAP"
1.02922956932454e-18,0.835047611834075,0.262,0.146,3.05753228159241e-14,"7","PRELID1"
1.10439601880664e-18,0.8171895945714,0.28,0.158,3.28082925306889e-14,"7","UQCR10"
2.02604795313531e-18,0.878693325583338,0.256,0.142,6.01878065437905e-14,"7","COX5A"
2.39902950728196e-18,0.781137607473275,0.289,0.166,7.12679695728251e-14,"7","GTF3A"
2.61043156978781e-18,0.688458864040385,0.352,0.215,7.75480906436866e-14,"7","COX5B"
2.69871102348227e-18,0.678380067999179,0.297,0.171,8.01706083745879e-14,"7","MZT2B"
3.99510568759992e-18,0.772122719324116,0.313,0.186,1.18682604661531e-13,"7","ATP5ME"
4.97833889506996e-18,0.670279912056318,0.335,0.203,1.47891513555843e-13,"7","BZW1"
5.77027069455637e-18,0.721456208190457,0.308,0.183,1.71417431523186e-13,"7","JTB"
6.73702990236652e-18,0.588237579267987,0.436,0.29,2.00136947309602e-13,"7","TAGLN2"
7.38988880615121e-18,0.614830121525942,0.333,0.2,2.19531426764334e-13,"7","ATP1A1"
8.10559717608175e-18,0.825799109342858,0.277,0.159,2.4079297530986e-13,"7","PRDX5"
8.29828746919238e-18,0.535729004524362,0.419,0.269,2.46517225847298e-13,"7","RBM3"
9.04163372323505e-18,0.756492904124837,0.292,0.168,2.68599813016144e-13,"7","CLEC2B"
1.03889831684355e-17,0.844117552427636,0.266,0.153,3.08625522984713e-13,"7","MINOS1"
1.43595851378137e-17,0.393739160373602,0.649,0.459,4.26580195689031e-13,"7","HMGB1"
1.49297055074592e-17,0.604252039918218,0.351,0.216,4.43516761510089e-13,"7","PPIB"
1.57706474585532e-17,0.535740251075835,0.419,0.271,4.68498624051238e-13,"7","ANAPC16"
2.10906329551288e-17,0.633879646380317,0.351,0.22,6.26539433198012e-13,"7","LAMTOR4"
3.23669485948365e-17,0.540054158076044,0.438,0.286,9.61524941906809e-13,"7","GMFG"
3.24516907700445e-17,0.436118208151403,0.44,0.284,9.64042377705713e-13,"7","ACAP1"
3.48113479033698e-17,0.810247114190378,0.253,0.143,1.03414071216541e-12,"7","ATP5PD"
3.58870834991239e-17,0.729972259684235,0.304,0.182,1.06609758950847e-12,"7","UQCRQ"
4.38349367729015e-17,0.584019224862632,0.335,0.204,1.30220446671258e-12,"7","YWHAQ"
4.80275175691347e-17,0.597512171705312,0.384,0.246,1.42675346442629e-12,"7","PKM"
6.0275069176966e-17,0.529271802749868,0.403,0.257,1.79059148004013e-12,"7","REL"
7.33666086624721e-17,0.772752203921401,0.292,0.173,2.17950184353606e-12,"7","ISG15"
9.96953471210329e-17,0.606983934086146,0.319,0.193,2.96164967692452e-12,"7","SUMO1"
1.04948439983304e-16,0.798490794822395,0.268,0.156,3.117703306584e-12,"7","UFC1"
1.46233918866786e-16,0.594951009264497,0.339,0.209,4.34417102777562e-12,"7","EIF3L"
1.52814759141106e-16,0.633460323645812,0.277,0.16,4.53966804980483e-12,"7","XRCC6"
2.47206456946357e-16,0.631797817291187,0.285,0.165,7.34376221650543e-12,"7","MRPS21"
4.04493433228604e-16,0.707135013464992,0.254,0.145,1.20162864209221e-11,"7","PRDX2"
4.51473453288697e-16,0.606865050186696,0.378,0.242,1.34119218768473e-11,"7","CMC1"
6.80941306132379e-16,0.710703593437282,0.258,0.149,2.02287233812746e-11,"7","MORF4L2"
7.26802017171317e-16,0.721843785713862,0.273,0.161,2.15911075241083e-11,"7","CMPK1"
1.17635607102123e-15,0.502962078249736,0.414,0.269,3.49460098018276e-11,"7","CD48"
1.22912243430036e-15,0.664143989116664,0.307,0.19,3.65135401557608e-11,"7","TXN"
1.4503795927849e-15,0.71932286227086,0.258,0.15,4.3086426562861e-11,"7","BUB3"
1.48953226358617e-15,0.652597198544611,0.301,0.183,4.42495349543543e-11,"7","PPP1R10"
1.53694028220701e-15,0.42701995248509,0.49,0.334,4.56578849635237e-11,"7","EIF3E"
2.53682787943004e-15,0.59509572144345,0.29,0.175,7.53615458142283e-11,"7","CSTB"
2.55372106743901e-15,0.647411523363068,0.285,0.171,7.58633917504106e-11,"7","GPX4"
4.19562052319095e-15,0.552890291705653,0.295,0.176,1.24639298882433e-10,"7","GPR183"
6.71075667888459e-15,0.452372345134958,0.317,0.191,1.99356448659624e-10,"7","LAT"
7.93926214823626e-15,0.503193116860084,0.394,0.26,2.35851660637655e-10,"7","MORF4L1"
8.66078653171055e-15,0.661189541545902,0.276,0.166,2.57285985497525e-10,"7","SNX3"
8.8995056752165e-15,0.475750582599537,0.407,0.269,2.64377615093656e-10,"7","CKLF"
1.19968248983297e-14,0.615850922467559,0.351,0.228,3.56389677254681e-10,"7","APRT"
1.64213767291796e-14,0.620670531882089,0.276,0.166,4.87829838493738e-10,"7","VPS29"
2.07370594446119e-14,0.627568933427747,0.293,0.181,6.16035824921085e-10,"7","PCBP1"
2.3056138397208e-14,0.479600979096128,0.452,0.313,6.84928703365859e-10,"7","CCNL1"
2.43524119917846e-14,0.389847276700115,0.428,0.287,7.23437103039945e-10,"7","EIF3H"
2.60346870388411e-14,0.735142886613331,0.265,0.16,7.73412447862851e-10,"7","SNRPG"
3.39088638432794e-14,0.633446571946079,0.288,0.177,1.0073306181923e-09,"7","ARF4"
4.13601941198877e-14,0.606897538287705,0.254,0.151,1.2286872867195e-09,"7","UBE2I"
5.37052819378095e-14,0.408979236734759,0.432,0.291,1.59542281052651e-09,"7","RHOA"
6.58324485996816e-14,0.677119998567117,0.265,0.16,1.95568455055074e-09,"7","PAXX"
6.94025627709948e-14,0.6186150785058,0.289,0.178,2.06174193223794e-09,"7","SOCS1"
1.02305952795211e-13,0.574412283843286,0.316,0.202,3.03920293968733e-09,"7","COX7B"
1.4616026272438e-13,0.54463151487232,0.258,0.153,4.34198292475316e-09,"7","KRTCAP2"
1.51468594225467e-13,0.607573385104557,0.28,0.173,4.49967752865593e-09,"7","AES"
1.85439738460465e-13,0.558348327978668,0.321,0.206,5.50885831044504e-09,"7","HNRNPF"
2.03246213111254e-13,0.722250488245202,0.252,0.154,6.03783525289603e-09,"7","ABRACL"
3.50305951019985e-13,0.621445979332643,0.269,0.166,1.04065388869507e-08,"7","NDUFA11"
3.78791861398346e-13,0.365396955035889,0.45,0.309,1.12527698265607e-08,"7","CD63"
4.72833887960617e-13,0.442327720268852,0.499,0.363,1.4046476309646e-08,"7","CDC42"
5.49126815723451e-13,0.714291991570385,0.264,0.164,1.63129103146966e-08,"7","ST13"
6.88294940820737e-13,0.634147764708139,0.285,0.18,2.04471778069616e-08,"7","DBI"
9.53634695208082e-13,0.319227617932403,0.509,0.368,2.83296258905465e-08,"7","STK17A"
1.01156062946361e-12,0.609146115289024,0.256,0.157,3.00504316194753e-08,"7","EIF3D"
1.2044039152101e-12,0.541846919446107,0.276,0.172,3.57792271091465e-08,"7","PPP2CA"
1.49204170331814e-12,0.659018520512885,0.254,0.157,4.4324082880472e-08,"7","SNRPB2"
1.53146457347471e-12,0.587440277483536,0.26,0.161,4.54952180842132e-08,"7","DAZAP2"
1.59081445684677e-12,0.313225873430072,0.414,0.28,4.7258325069547e-08,"7","IRF1"
1.60015904137555e-12,0.468051008718171,0.278,0.171,4.75359246421435e-08,"7","TIGIT"
1.64506878792387e-12,0.342182007956632,0.351,0.225,4.88700584828544e-08,"7","CYTOR"
1.66971986281582e-12,0.515224353874072,0.311,0.201,4.96023679646695e-08,"7","SPCS2"
1.68883353567019e-12,0.633282111509079,0.284,0.182,5.01701778441544e-08,"7","ATP5PO"
2.08327237063817e-12,0.534476502108671,0.29,0.185,6.18877723145482e-08,"7","TMEM50A"
2.38933273654378e-12,0.321770641265964,0.554,0.4,7.09799076045061e-08,"7","UBE2D3"
4.64261632060657e-12,0.564654657447571,0.278,0.177,1.37918203036259e-07,"7","BSG"
5.41480421621303e-12,0.492191351607467,0.313,0.205,1.6085758885104e-07,"7","CD164"
7.28501637833487e-12,0.458140475820906,0.257,0.158,2.16415981551194e-07,"7","REEP5"
1.07125622476529e-11,0.389777385917415,0.372,0.251,3.18238086691024e-07,"7","S100A11"
1.18967683957797e-11,0.556711303708807,0.293,0.193,3.53417298733427e-07,"7","SET"
2.28426122390687e-11,0.588527126297003,0.265,0.171,6.78585481786014e-07,"7","ERH"
2.35782750600682e-11,0.35275870881867,0.446,0.314,7.00439817209445e-07,"7","EMP3"
2.55426308471183e-11,0.389382526674235,0.419,0.296,7.58794934575342e-07,"7","INTS6"
3.85100799045924e-11,0.410700999361638,0.288,0.184,1.14401894372573e-06,"7","SSBP1"
4.06323885873151e-11,0.42144358301974,0.307,0.2,1.20706636776337e-06,"7","CDC37"
4.40333168695607e-11,0.280270533746012,0.505,0.36,1.30809774424404e-06,"7","CYTIP"
5.37566865140742e-11,0.56580432174419,0.274,0.18,1.5969498862736e-06,"7","PAIP2"
5.96025034005891e-11,0.617287694339468,0.266,0.177,1.7706115685213e-06,"7","VAMP8"
7.98163067939694e-11,0.485932689352964,0.313,0.211,2.37110302592845e-06,"7","NDUFB2"
1.02776875003221e-10,0.420914988388159,0.261,0.166,3.0531926257207e-06,"7","KLF2"
1.18734774432149e-10,0.534431092004872,0.273,0.179,3.52725394405585e-06,"7","ARPC4"
1.32118135296647e-10,0.454027208405603,0.277,0.18,3.9248334452575e-06,"7","UBE2N"
1.53518724390592e-10,0.472280381165023,0.293,0.194,4.5605807454713e-06,"7","PSMB1"
2.04081774418607e-10,0.53748718062832,0.297,0.199,6.06265727265355e-06,"7","ATF4"
2.35772527092946e-10,0.297192605051219,0.529,0.398,7.00409446235014e-06,"7","SON"
2.59177561040835e-10,0.539299880822112,0.266,0.174,7.69938780584008e-06,"7","ARPC5"
2.62438189331448e-10,0.289872394623362,0.39,0.269,7.79625129046934e-06,"7","PRPF38B"
3.52788212112779e-10,0.494199824341466,0.277,0.183,1.04802794172343e-05,"7","XBP1"
7.46123315106337e-10,0.395364272495164,0.341,0.237,2.2165085321864e-05,"7","SERBP1"
2.07789108424519e-09,0.309121605727259,0.418,0.301,6.17279104396718e-05,"7","CCNI"
2.45753153496882e-09,0.469167949112518,0.284,0.192,7.30058893093187e-05,"7","SQSTM1"
4.26128035214533e-09,0.394602524549113,0.3,0.205,0.000126589855421181,"7","ANXA2"
5.39093994559351e-09,0.392914340350228,0.253,0.168,0.000160148652963746,"7","UBE2L3"
2.3404548740606e-08,0.358087139262669,0.308,0.216,0.000695278929437182,"7","C11orf58"
2.80152701560567e-08,0.301336879859803,0.387,0.282,0.000832249630525977,"7","SFPQ"
2.88700678317884e-08,0.380017017989917,0.252,0.171,0.000857643105078939,"7","RBX1"
4.34993929227135e-08,0.279954708113716,0.352,0.254,0.00129223646555505,"7","PTGES3"
4.6814174903109e-08,0.326844537066486,0.355,0.26,0.00139070869384666,"7","CNBP"
9.39569285589951e-08,0.353310380889949,0.265,0.185,0.00279117847670207,"7","PEBP1"
3.41337345093997e-07,0.275009876948528,0.299,0.213,0.0101401085107074,"7","RBMX"
5.18008419038654e-07,0.259339456891663,0.323,0.234,0.0153884761043813,"7","CAP1"
7.52405982519148e-07,0.36990135850952,0.252,0.179,0.0223517245226963,"7","SELENOT"
1.29020551375026e-06,0.293948272249182,0.432,0.332,0.038328135196979,"7","ZFP36L1"
1.80272696648449e-06,0.250404149735566,0.373,0.282,0.0535536099933548,"7","LEPROTL1"
4.71497323625893e-06,0.254698425472591,0.501,0.401,0.140067709929544,"7","FUS"
5.06879636917956e-06,0.297428237090072,0.296,0.221,0.150578733739217,"7","C6orf62"
2.4117736463337e-05,0.253605103093177,0.274,0.204,0.716465597116351,"7","RSRC2"
0,3.77384520220063,0.733,0.119,0,"8","TNFRSF18"
0,4.94562255447914,0.664,0.059,0,"8","TNFRSF4"
0,2.90490076140114,0.735,0.143,0,"8","BATF"
0,3.26415439148599,0.613,0.074,0,"8","CTLA4"
0,2.93362817329713,0.637,0.115,0,"8","CORO1B"
0,2.91560747665243,0.64,0.12,0,"8","CD27"
0,2.63960295391934,0.998,0.51,0,"8","IL32"
0,2.8346182424374,0.58,0.094,0,"8","DUSP4"
0,3.9262700759448,0.472,0.05,0,"8","LAIR2"
0,3.4393279005691,0.465,0.059,0,"8","DNPH1"
0,3.59519884410241,0.415,0.043,0,"8","LINC01943"
0,3.64992158125344,0.298,0.017,0,"8","FOXP3"
7.59144041863003e-283,2.82873711596972,0.856,0.284,2.25518920516242e-278,"8","LTB"
1.52726591440834e-277,2.29325137972856,0.92,0.359,4.53704885193287e-273,"8","TRAC"
8.13699543559038e-268,2.88245107315143,0.548,0.103,2.41725723405083e-263,"8","CARD16"
2.1700608313066e-258,2.08513766546862,0.978,0.536,6.44659971156252e-254,"8","S100A4"
1.22240467997567e-255,2.52705115532492,0.659,0.156,3.63139758280372e-251,"8","TIGIT"
6.45733052907634e-225,1.88364967914278,0.883,0.345,1.91827918027271e-220,"8","CD3D"
5.46394178552669e-220,2.73743285572401,0.515,0.107,1.62317318622641e-215,"8","TYMP"
5.6131081799066e-217,1.47324755217799,0.995,0.672,1.66748604700485e-212,"8","HLA-A"
7.51893133275217e-215,1.84372290098981,0.954,0.486,2.23364893102069e-210,"8","GAPDH"
2.68520664212565e-209,3.09963877622918,0.31,0.04,7.97694337176266e-205,"8","CD79B"
1.86801947453823e-208,2.57834567313549,0.67,0.199,5.54932545301072e-204,"8","CTSC"
2.37490977526117e-202,2.37096339218414,0.724,0.235,7.05514446936837e-198,"8","RGS1"
1.79230267233218e-199,2.9277773250545,0.273,0.032,5.3243935486972e-195,"8","TNFRSF9"
2.73082702263961e-198,2.8354955619007,0.466,0.096,8.11246783615549e-194,"8","GLRX"
4.90750601777403e-193,2.7055316493504,0.327,0.047,1.45787281270013e-188,"8","ICA1"
6.52740792709755e-189,1.60704678099794,0.903,0.422,1.93909707290287e-184,"8","OAZ1"
4.61368063423055e-186,2.00552266479784,0.75,0.264,1.37058610601087e-181,"8","SOD1"
8.35988207229018e-179,2.32438038209204,0.531,0.134,2.48347016721524e-174,"8","CALM3"
4.52839923680025e-177,1.57764751573787,0.923,0.471,1.34525156127625e-172,"8","MYL6"
1.32012803506227e-173,1.18228041178748,0.997,0.826,3.92170435375949e-169,"8","B2M"
1.57554226690076e-165,1.91269011425066,0.716,0.262,4.6804634122821e-161,"8","ENO1"
1.84840598784524e-164,2.06295927108642,0.673,0.235,5.49105966809185e-160,"8","PKM"
4.59640889591652e-163,1.29418284386986,0.992,0.7,1.36545519070992e-158,"8","ACTB"
9.8466548164171e-161,1.26083373852039,0.994,0.583,2.92514574631303e-156,"8","TMSB10"
1.13614886326187e-160,1.46448686392194,0.894,0.452,3.37515742809203e-156,"8","ATP5F1E"
9.84433121765111e-160,2.45021835967568,0.384,0.077,2.92445547482762e-155,"8","PTTG1"
1.36200023798418e-153,1.67636212873131,0.79,0.33,4.04609410697962e-149,"8","CLIC1"
1.9398462229262e-153,1.35382930269724,0.952,0.533,5.76270117444687e-149,"8","PFN1"
2.47131438381413e-150,1.82227884194604,0.772,0.339,7.34153363999662e-146,"8","TRBC2"
2.73663029696184e-150,2.02185308514912,0.596,0.189,8.12970762318455e-146,"8","C9orf16"
4.32489205879565e-150,1.11800334385485,0.995,0.712,1.28479568390642e-145,"8","HLA-B"
1.00207444022675e-147,1.92271280727339,0.62,0.211,2.9768625395816e-143,"8","PARK7"
4.62115548051923e-147,1.44445756572709,0.84,0.378,1.37280665859785e-142,"8","SRP14"
2.43722789710312e-144,1.64774977092418,0.722,0.289,7.24027291392424e-140,"8","NDUFA4"
6.1063801173464e-144,2.93334196954673,0.264,0.042,1.8140223414601e-139,"8","BEX3"
4.14198994191365e-142,2.93460627254759,0.313,0.059,1.23046095204429e-137,"8","GADD45A"
1.01496299227592e-141,1.45643551210275,0.847,0.417,3.01515056115408e-137,"8","H3F3A"
6.39645676739893e-136,1.86627679584466,0.557,0.174,1.9001954118912e-131,"8","UGP2"
3.69989682394874e-135,2.53987379986749,0.307,0.058,1.09912834949045e-130,"8","SYNGR2"
2.79837987090479e-132,1.91959666281965,0.698,0.294,8.31314708249686e-128,"8","CD7"
3.78879233546453e-132,1.6375067422742,0.696,0.276,1.12553653909645e-127,"8","SUMO2"
4.72980936262813e-132,1.83957172691384,0.535,0.165,1.40508446735594e-127,"8","FKBP1A"
7.22372897251537e-132,1.29034345575767,0.949,0.524,2.14595316586514e-127,"8","ACTG1"
2.07681685375828e-131,1.89450439794193,0.599,0.209,6.16959982745973e-127,"8","PRDX1"
4.06188639079744e-128,2.00023448189428,0.444,0.12,1.2066645901142e-123,"8","NOP10"
2.41739374651795e-126,2.06900813822335,0.525,0.164,7.18135160278088e-122,"8","ISG15"
1.12074762464436e-125,1.70406946780791,0.58,0.197,3.32940496853101e-121,"8","COX8A"
1.80829562052477e-125,1.91416517376843,0.296,0.056,5.37190379989292e-121,"8","IL2RA"
6.10406791261095e-125,2.22626594795055,0.361,0.083,1.81333545479934e-120,"8","CHMP2A"
6.65147105116983e-125,1.14968404103082,0.927,0.475,1.97595250517102e-120,"8","SH3BGRL3"
1.74574745144809e-124,1.17357957015481,0.946,0.507,5.18609195401684e-120,"8","UBC"
2.17620019981855e-123,1.80522880589457,0.498,0.15,6.46483793360098e-119,"8","UQCR10"
1.79393675983058e-122,2.28845681235265,0.313,0.065,5.32924793242871e-118,"8","SIT1"
7.86582305578816e-121,1.53026773067196,0.682,0.275,2.33670005518299e-116,"8","UBL5"
2.09801316860992e-119,1.35692990648055,0.807,0.391,6.23256771998948e-115,"8","CORO1A"
9.72124491741867e-118,1.14870281934903,0.909,0.485,2.88789022761756e-113,"8","SERF2"
1.77412473751676e-115,1.60582579444357,0.52,0.163,5.27039235774104e-111,"8","SPOCK2"
1.30780927136767e-111,1.05092461129369,0.929,0.49,3.88510900245194e-107,"8","CFL1"
7.07086982421147e-111,1.39444622961997,0.659,0.252,2.1005432986785e-106,"8","CD3E"
1.62993457879794e-110,2.02284592498403,0.401,0.111,4.84204665323503e-106,"8","UCP2"
1.66169569734184e-109,1.17844923047405,0.838,0.423,4.93639940809339e-105,"8","NPM1"
1.99063190935429e-109,1.91173363560361,0.687,0.305,5.91357021311878e-105,"8","LGALS1"
2.50196877664134e-109,1.02753953967716,0.944,0.508,7.43259864476842e-105,"8","RPL24"
3.88441293613109e-109,1.33826113739784,0.736,0.335,1.15394255093646e-104,"8","CHCHD2"
5.3267221905634e-107,1.74611832554676,0.469,0.147,1.58240936115067e-102,"8","PSMB8"
1.73318478411277e-106,1.41551837324583,0.38,0.095,5.14877203816381e-102,"8","TBC1D4"
1.13177328829379e-105,1.50679301904651,0.769,0.383,3.36215890753435e-101,"8","SAT1"
1.39080814083405e-104,1.1028447255597,0.898,0.475,4.1316737439757e-100,"8","NACA"
6.16638237274326e-104,1.16554988715062,0.906,0.534,1.83184721147084e-99,"8","S100A6"
1.99682998637349e-103,1.56306176413464,0.535,0.187,5.93198284051972e-99,"8","NDUFB8"
9.21138468763642e-103,1.57322446350588,0.605,0.246,2.73642604915615e-98,"8","ARL6IP5"
1.17439629749722e-102,1.06515428758907,0.944,0.513,3.48877908097501e-98,"8","RPL7A"
4.98299010693682e-102,1.43455684766508,0.606,0.237,1.48029687106772e-97,"8","NDUFA13"
7.31777373303362e-102,1.48047292366742,0.622,0.254,2.1738910428723e-97,"8","YWHAB"
1.97569575998402e-101,2.00877463270352,0.316,0.076,5.86919939418452e-97,"8","C4orf48"
2.27712294085178e-101,1.12276575948459,0.818,0.4,6.76464912038839e-97,"8","COX7C"
7.35818169687843e-101,1.63546555150291,0.535,0.193,2.18589503669167e-96,"8","SPCS1"
8.79236573353382e-101,1.41452767461882,0.662,0.28,2.61194808846089e-96,"8","EDF1"
1.12387930388304e-100,0.932970435005114,0.971,0.598,3.33870824804534e-96,"8","HLA-C"
1.68136280027282e-100,1.75689432473945,0.489,0.168,4.99482447077048e-96,"8","VAMP8"
2.30664102361762e-100,1.33666347529624,0.73,0.347,6.85233848886086e-96,"8","ARPC3"
5.86965254575473e-100,1.77583075544697,0.438,0.138,1.74369768176736e-95,"8","PRDX2"
6.94700732770551e-100,1.37959160456239,0.674,0.301,2.06374746684148e-95,"8","ARPC1B"
5.04822958793464e-99,1.54854916707956,0.552,0.207,1.49967756368774e-94,"8","COX5B"
1.97622351665933e-98,1.37836745263568,0.696,0.313,5.87076720093988e-94,"8","RAC2"
2.98923333687973e-98,1.89728385839691,0.372,0.103,8.88011547386861e-94,"8","PHLDA1"
5.08409634876597e-98,0.913803753949536,0.983,0.532,1.51033250232791e-93,"8","TPT1"
7.68239351630789e-98,1.21051340625629,0.827,0.448,2.28220864188959e-93,"8","ARHGDIB"
3.52089306050643e-97,1.77306991549348,0.438,0.141,1.04595170148465e-92,"8","ISCU"
1.07975450818611e-96,0.876237239682843,0.994,0.589,3.20762671746847e-92,"8","PTMA"
1.45012676958113e-96,1.76869837139291,0.458,0.154,4.30789159439467e-92,"8","ATP5IF1"
2.67253641197644e-95,1.45292355362664,0.628,0.273,7.9393039190584e-91,"8","PSMA7"
4.03522097929018e-95,2.1230955884946,0.309,0.077,1.19874309631773e-90,"8","GTF3C6"
1.16305156405719e-94,1.96512853343422,0.39,0.117,3.4550772813447e-90,"8","PGAM1"
1.43180742331258e-94,0.866473822947786,0.992,0.537,4.25347031243469e-90,"8","RPL12"
4.1964456498928e-94,0.902278607181675,0.971,0.556,1.24663810921365e-89,"8","RPS24"
3.51454211644978e-93,0.870467069592219,0.98,0.535,1.04406502653374e-88,"8","RPL8"
6.45241587369053e-93,1.6307566612869,0.417,0.128,1.91681918359725e-88,"8","NDUFC2"
2.21001125784237e-92,1.47112372851681,0.356,0.097,6.56528044367231e-88,"8","NAMPT"
3.04055982375028e-92,0.909488226032722,0.943,0.506,9.03259106841496e-88,"8","RACK1"
6.14214740797234e-92,1.9805853819899,0.349,0.098,1.82464773048634e-87,"8","PHPT1"
8.15595672357742e-92,1.14314143384235,0.775,0.409,2.42289006387315e-87,"8","ATP5MG"
1.07217558467567e-91,1.20594096917563,0.767,0.381,3.185112009396e-87,"8","RPL36AL"
1.47140440912304e-91,1.40965996162709,0.644,0.285,4.37110107818182e-87,"8","IL2RG"
1.84852697424609e-91,1.70228548671346,0.481,0.17,5.49141908239285e-87,"8","RPS27L"
1.95670337163301e-91,1.30489554717307,0.682,0.313,5.81277870611018e-87,"8","MYL12B"
3.82969536401802e-91,1.26347783180974,0.707,0.343,1.13768760178883e-86,"8","RPS26"
1.16788733966577e-90,1.60218674588687,0.435,0.139,3.46944291994512e-86,"8","TNFRSF1B"
1.67003845868723e-90,1.89564358549184,0.355,0.101,4.96118324922215e-86,"8","RHOG"
1.81565051847199e-90,0.870506012389466,0.998,0.602,5.39375299522474e-86,"8","TMSB4X"
3.25011005107893e-90,1.21934549998486,0.694,0.32,9.65510192874017e-86,"8","ATP5MC2"
3.9130387989012e-90,0.718509116155213,0.969,0.536,1.16244643598958e-85,"8","FTH1"
4.30584365085325e-90,1.32121373032605,0.762,0.4,1.27913697335898e-85,"8","PPIA"
2.49243985312475e-88,1.64055323307204,0.418,0.134,7.4042910716777e-84,"8","PSMD8"
1.18593106027606e-87,1.84985402602375,0.389,0.122,3.52304540076208e-83,"8","GNG5"
3.65985853546518e-87,1.58079274670419,0.481,0.174,1.08723417513064e-82,"8","C19orf53"
1.14164032877267e-86,1.24378191725505,0.679,0.307,3.39147092468498e-82,"8","UQCRB"
1.19464614890095e-86,1.31008763074768,0.682,0.334,3.54893531454006e-82,"8","SUB1"
2.42757357912119e-86,1.03038006154365,0.829,0.432,7.21159283149532e-82,"8","MYL12A"
2.85165170203178e-86,1.19401833076191,0.704,0.337,8.47140171122581e-82,"8","OST4"
2.9514639544073e-86,1.28890057395911,0.63,0.276,8.76791396935778e-82,"8","ATP6V0E1"
3.83575469494157e-86,1.23628635835384,0.716,0.362,1.13948764722629e-81,"8","HINT1"
4.2867047392928e-86,1.46966533881581,0.471,0.168,1.27345137690171e-81,"8","CSTB"
7.5729187721066e-86,0.830867848772394,1,0.593,2.24968697962971e-81,"8","RPL28"
1.15994422081326e-85,1.87098828856374,0.358,0.107,3.44584629676995e-81,"8","PSMB6"
6.35647952883782e-85,1.32080308677722,0.623,0.275,1.88831937363185e-80,"8","ELOB"
1.17521792493724e-84,1.83830334285268,0.309,0.082,3.49121988961107e-80,"8","NDUFB3"
6.10064062517957e-84,1.59449752746546,0.449,0.159,1.81231731052209e-79,"8","ATP5MF"
1.20806545143268e-83,1.51664475000343,0.472,0.173,3.58880003657106e-79,"8","DBI"
2.10897041955237e-83,1.66722655532022,0.455,0.161,6.26511842536423e-79,"8","CACYBP"
2.92155312654202e-83,1.85460993128281,0.29,0.074,8.67905787301838e-79,"8","SH2D2A"
4.8283190777828e-83,1.55705463445441,0.458,0.166,1.43434874843693e-78,"8","ATP5MC3"
1.57619933425069e-82,1.58962830630622,0.457,0.163,4.68241536225853e-78,"8","PSMB3"
2.96246986007051e-82,1.57123965148428,0.48,0.183,8.80060921331148e-78,"8","TXN"
3.02982227371885e-82,0.827241028144209,0.958,0.517,9.00069302853658e-78,"8","RPL29"
4.49690249925545e-82,2.04942653747373,0.258,0.061,1.33589482545382e-77,"8","CASP1"
1.58630396398855e-81,1.50002304866875,0.478,0.18,4.71243318582078e-77,"8","ATP5PF"
2.21984339086152e-81,1.76298884331632,0.454,0.167,6.59448876123232e-77,"8","PMAIP1"
3.99210472887959e-81,1.09647698793605,0.742,0.361,1.18593455180826e-76,"8","COMMD6"
7.20348359661305e-81,1.21943326017617,0.631,0.285,2.13993887204584e-76,"8","COX6C"
8.25937597635545e-81,1.35474866947449,0.539,0.215,2.45361282129591e-76,"8","TRMT112"
9.64177843465487e-81,1.00772364171054,0.819,0.453,2.86428311958292e-76,"8","CD74"
1.02181493914859e-80,1.78840014414099,0.349,0.105,3.03550563972871e-76,"8","SEC11C"
1.14073772350064e-80,1.76330614162078,0.372,0.118,3.38878955520336e-76,"8","DYNLRB1"
1.16209625757114e-80,1.59198085615739,0.506,0.202,3.45223935236659e-76,"8","LY6E"
1.38671601672269e-80,1.46274441047085,0.455,0.163,4.1195172708781e-76,"8","RBX1"
1.64223266001611e-80,0.789217628545485,0.948,0.506,4.87858056310985e-76,"8","FTL"
5.74127694862873e-80,0.806601696491604,0.972,0.55,1.70556114312914e-75,"8","RPL18"
6.76704957724869e-80,0.788467101097093,0.917,0.51,2.01028741791327e-75,"8","HSP90AA1"
6.32910702435248e-79,1.69773170371157,0.318,0.089,1.88018782372439e-74,"8","CD82"
7.68081795427087e-79,1.22735087493577,0.623,0.277,2.28174058967525e-74,"8","COX6B1"
1.09873768134828e-78,1.28519091233885,0.56,0.233,3.26402002998134e-74,"8","NDUFS5"
1.20139479190788e-78,2.0619150322592,0.324,0.095,3.56898350832074e-74,"8","IFI6"
1.59188007928726e-78,1.4163751161661,0.485,0.185,4.72899815153867e-74,"8","LAT"
2.59443709553034e-78,1.01682616370322,0.813,0.44,7.707294279692e-74,"8","HSP90AB1"
2.97412453149214e-78,0.946608021526914,0.812,0.42,8.83523174570371e-74,"8","DYNLL1"
4.91957836636807e-78,1.4484293726128,0.517,0.208,1.46145914529696e-73,"8","TSPO"
1.14823019850152e-77,0.794130354255952,0.981,0.532,3.41104745068846e-73,"8","RPL15"
1.17999157031888e-77,0.916471739565949,0.852,0.477,3.5054009579463e-73,"8","CYBA"
2.3438216892267e-77,1.40290792997115,0.488,0.186,6.96279109218576e-73,"8","PSMB1"
8.17241583205447e-77,1.58044649090702,0.401,0.136,2.42777957122842e-72,"8","COX5A"
1.19382105854054e-76,1.23542621424517,0.539,0.218,3.5464842186064e-72,"8","CYTOR"
3.56445639766549e-76,1.56756489666714,0.355,0.11,1.05889306205449e-71,"8","RGS10"
7.39960993492827e-76,1.70218748988425,0.335,0.102,2.19820212336914e-71,"8","BLOC1S1"
1.44260408140067e-75,1.75982753732838,0.373,0.125,4.28554394461697e-71,"8","BST2"
1.64558453244876e-75,1.13602656790928,0.605,0.264,4.88853797054554e-71,"8","ANAPC16"
4.43244481983037e-75,1.64438428585999,0.358,0.115,1.31674638262701e-70,"8","FAM96B"
1.9230182312334e-74,1.81297847839418,0.318,0.095,5.71271025952507e-70,"8","MRPL51"
2.29984665499545e-74,1.2920835142846,0.543,0.229,6.83215445799498e-70,"8","SEC61B"
3.32854808554175e-74,1.21275096369533,0.603,0.275,9.88811779771887e-70,"8","UQCR11"
5.53515532680947e-74,1.75480486156989,0.281,0.076,1.64432859293529e-69,"8","SMS"
5.92308739259917e-74,1.41313718246297,0.483,0.19,1.75957157171943e-69,"8","TMEM258"
9.68515670847755e-74,0.935815455347592,0.801,0.419,2.87716950338742e-69,"8","COX4I1"
1.72263107558227e-73,1.30123566169178,0.529,0.224,5.11742013623225e-69,"8","PSME2"
2.62708119407969e-73,1.20530995447035,0.613,0.288,7.80427010325255e-69,"8","COX7A2"
3.68651769575102e-73,1.11064606238823,0.65,0.307,1.09515381187675e-68,"8","TPI1"
8.15373679779117e-73,1.47778673922191,0.361,0.116,2.42223059051982e-68,"8","PRDM1"
2.02076038959803e-72,1.44542031110224,0.443,0.167,6.00307288937885e-68,"8","EID1"
2.64180087767955e-72,1.58889664860299,0.366,0.121,7.84799786732265e-68,"8","NDUFS6"
5.27887227568746e-72,1.25859154955286,0.6,0.28,1.56819458693847e-67,"8","GMFG"
8.4774357116878e-72,0.737481982354473,0.972,0.548,2.5183918268711e-67,"8","EIF1"
9.82816283658508e-72,1.36629044738867,0.519,0.22,2.91965233386433e-67,"8","CUTA"
2.16944680204442e-71,1.24194049645764,0.556,0.244,6.44477561483337e-67,"8","COX6A1"
2.83311982336794e-71,1.68209003611361,0.289,0.082,8.41634905927914e-67,"8","GSTO1"
3.51672692434448e-71,1.71402448233598,0.318,0.096,1.04471406741502e-66,"8","SCAND1"
4.23147353680809e-71,1.34619850241677,0.549,0.245,1.25704384357958e-66,"8","S100A11"
4.75266867725837e-71,1.42505608654241,0.46,0.18,1.41187528395315e-66,"8","HSPB1"
6.46613106055345e-71,1.51673525252738,0.421,0.154,1.92089355415861e-66,"8","PRDX5"
1.2326619398173e-70,0.744048861853884,0.965,0.524,3.66186882461526e-66,"8","RPS9"
1.56773960120398e-70,1.29189485212382,0.52,0.216,4.65728403329666e-66,"8","ATP6V1G1"
3.33074796109168e-70,1.4651278780586,0.54,0.245,9.89465296801505e-66,"8","ISG20"
3.42693539459157e-70,1.80464741923407,0.309,0.094,1.01803969767132e-65,"8","VAMP5"
6.67801404985306e-70,1.17860403568023,0.491,0.193,1.98383763378985e-65,"8","CD3G"
9.22663565921232e-70,1.55826298625346,0.375,0.129,2.7409566552822e-65,"8","SF3B6"
1.37327992865606e-69,1.34912393211604,0.468,0.185,4.07960268405856e-65,"8","NDUFB11"
1.91415790416128e-69,1.36604257178225,0.583,0.273,5.68638888589191e-65,"8","BIRC3"
3.38794134900615e-69,1.65263538358453,0.539,0.253,1.00645573654926e-64,"8","TRBC1"
3.63708450138718e-69,0.871908692893861,0.819,0.439,1.08046869282709e-64,"8","BTF3"
4.83041519898801e-69,1.4723236869657,0.432,0.166,1.43497144316337e-64,"8","GPX4"
6.56490377982874e-69,0.720247028826177,0.988,0.571,1.95023596587372e-64,"8","RPL11"
8.30031193977454e-69,1.42628336435862,0.443,0.17,2.46577366794882e-64,"8","PLP2"
1.00412521322692e-68,0.722862312885869,0.963,0.534,2.98295477093321e-64,"8","RPL36"
1.39937239741659e-68,0.928694056874462,0.833,0.494,4.15711558100547e-64,"8","CALM1"
1.95634055726047e-68,0.731114830538639,0.983,0.555,5.81170089345368e-64,"8","RPS15"
1.99674239480121e-68,0.810102793900727,0.84,0.455,5.93172263223596e-64,"8","CD52"
8.75216442840264e-68,1.44404028588574,0.781,0.488,2.60000548674557e-63,"8","VIM"
1.08662782560753e-67,0.715504491059752,0.863,0.465,3.22804528153229e-63,"8","HSPA8"
5.33846600085137e-67,0.970540601295359,0.742,0.396,1.58589809487292e-62,"8","TMA7"
8.14641190869059e-67,1.35889294513731,0.443,0.171,2.42005458571471e-62,"8","WDR83OS"
1.0381326173108e-66,0.980701692678438,0.727,0.382,3.0839805662452e-62,"8","FXYD5"
2.12821110014574e-66,1.41585097219813,0.403,0.148,6.32227671520294e-62,"8","ABRACL"
4.98194678101973e-66,1.01804254604544,0.926,0.648,1.47998693023753e-61,"8","MT-ATP6"
5.14309972555631e-66,1.12315950600202,0.569,0.255,1.52786063547101e-61,"8","PSMB9"
6.41503269013635e-66,1.28932199604587,0.333,0.106,1.90571376125881e-61,"8","ICOS"
9.67266111196577e-66,1.26692404998121,0.494,0.205,2.87345743653167e-61,"8","ATP5F1D"
1.32109865691567e-65,0.921232976458819,0.867,0.537,3.92458778009939e-61,"8","MT-ND1"
1.99042434310279e-65,1.18976769320169,0.617,0.307,5.91295359605546e-61,"8","EMP3"
3.51178272587806e-65,1.08444130576469,0.363,0.12,1.0432452943766e-60,"8","MIR4435-2HG"
3.76758333282297e-65,0.688721447020553,0.991,0.78,1.11923598068172e-60,"8","MT-CO1"
7.56040118541402e-65,1.35885228217735,0.458,0.185,2.24596838015094e-60,"8","C12orf57"
7.71995045445057e-65,1.84507953554107,0.252,0.07,2.29336568150363e-60,"8","TXNDC17"
9.33602850466321e-65,1.33946020552994,0.452,0.183,2.7734539878803e-60,"8","PPP1CA"
1.03271615123416e-64,0.725115095822417,0.938,0.528,3.06788987047132e-60,"8","RPL14"
1.5062658426128e-64,0.800476637757236,0.869,0.489,4.47466393864983e-60,"8","PFDN5"
6.64785936788061e-64,1.73576625419362,0.415,0.167,1.97487958241629e-59,"8","MZT2B"
7.2717596621906e-64,1.58833723720333,0.313,0.1,2.16022164284696e-59,"8","FIS1"
7.48413627862501e-64,0.812097006384637,0.829,0.461,2.22331236429113e-59,"8","HNRNPA1"
9.39389114900777e-64,0.933060200132828,0.662,0.324,2.79064324363574e-59,"8","ARID5B"
1.04282062298699e-63,1.24394547082497,0.434,0.169,3.09790722470745e-59,"8","ITM2A"
1.16379486723529e-63,1.73139164899113,0.287,0.088,3.45728541209587e-59,"8","IFI27L2"
1.94076346325176e-63,1.1769248188653,0.563,0.263,5.765426020282e-59,"8","CKLF"
2.1378126331561e-63,1.16096570167264,0.522,0.229,6.35079998931683e-59,"8","HMGN1"
2.19796455558041e-63,2.09886156472326,0.253,0.072,6.52949330526271e-59,"8","GADD45G"
2.51610606470939e-63,0.74106407235071,0.892,0.496,7.47459628643217e-59,"8","RPSA"
4.44138896368377e-63,0.828600695278871,0.869,0.558,1.31940341944154e-58,"8","HLA-E"
4.98821130275937e-63,0.664609312342454,0.985,0.539,1.48184793171073e-58,"8","RPS23"
6.42697888708729e-63,0.703270987609684,0.989,0.542,1.90926261798702e-58,"8","RPL19"
7.13938387214661e-63,1.55394722902286,0.344,0.119,2.12089676689859e-58,"8","COX17"
7.62670945654036e-63,1.55663859701402,0.307,0.098,2.26566657825445e-58,"8","MPC2"
8.80228832276901e-63,1.61397253472842,0.312,0.101,2.61489579204499e-58,"8","ROMO1"
1.15121663005354e-62,0.656322917370292,0.968,0.533,3.41991924290004e-58,"8","RPL6"
1.24064739379687e-62,0.718415798270784,0.951,0.535,3.68559121275236e-58,"8","RPS7"
1.73974752153151e-62,1.32748147867192,0.46,0.196,5.16826796221365e-58,"8","COPE"
1.84006179563464e-62,1.21429134227389,0.522,0.236,5.46627157629181e-58,"8","RAN"
2.05154099614661e-62,1.61456865293898,0.279,0.085,6.09451283725272e-58,"8","TALDO1"
2.31056041896518e-62,1.34072598455506,0.315,0.1,6.86398183661985e-58,"8","PPM1G"
2.42762535524321e-62,1.75548484607453,0.252,0.071,7.21174664282101e-58,"8","RHBDD2"
1.13524358619768e-61,1.601727933267,0.355,0.128,3.37246812151746e-57,"8","RHOC"
2.51021139976959e-61,1.17111731062816,0.542,0.25,7.45708500529551e-57,"8","CIB1"
2.71695588160357e-61,1.88527907552834,0.252,0.072,8.07126083747971e-57,"8","C19orf24"
6.25387975213242e-61,1.12568957677938,0.573,0.269,1.85784005796598e-56,"8","TRIR"
9.17149635176102e-61,1.30777607054482,0.455,0.191,2.72457642121765e-56,"8","HIGD2A"
1.35184410972996e-60,1.29634396145727,0.5,0.223,4.01592329677479e-56,"8","APRT"
1.5960558921649e-60,1.2796156800174,0.455,0.187,4.74140323885427e-56,"8","UBXN1"
2.87395668872503e-60,1.49615736827919,0.349,0.125,8.53766313519546e-56,"8","LAMTOR5"
3.636281738543e-60,0.683246621897807,0.89,0.499,1.08023021606897e-55,"8","UBB"
4.65212640061885e-60,1.67491249196848,0.289,0.091,1.38200718983184e-55,"8","TMEM160"
5.04213668389609e-60,1.17862501541585,0.525,0.242,1.49786754468501e-55,"8","SLC25A3"
5.65403628495985e-60,1.30673449120277,0.463,0.195,1.67964455917302e-55,"8","ICAM3"
6.52080001202793e-60,1.5238630669166,0.276,0.084,1.93713405957314e-55,"8","ETFB"
8.44747356561724e-60,0.742899912074149,0.873,0.517,2.50949097213791e-55,"8","SRGN"
1.21418360503439e-59,1.29048712532365,0.437,0.178,3.60697523547565e-55,"8","PEBP1"
1.34298109073928e-59,0.664329253750376,0.989,0.555,3.98959392625917e-55,"8","RPL30"
1.40000820143932e-59,1.33095066542354,0.401,0.155,4.15900436401577e-55,"8","SNRPG"
1.77025730485656e-59,1.75014010383095,0.252,0.073,5.25890337553738e-55,"8","NDUFAF3"
2.38042912205169e-59,1.71523511046325,0.295,0.097,7.07154079287896e-55,"8","PPA1"
2.94417427062276e-59,1.72575552424577,0.259,0.078,8.74625850573902e-55,"8","PIM3"
3.97559843834468e-59,0.66335099564949,0.991,0.526,1.18103102807906e-54,"8","RPL26"
1.83902448456995e-58,1.00708698862584,0.617,0.31,5.46319003631195e-54,"8","EIF3K"
1.97816863435154e-58,1.24025299075603,0.418,0.165,5.87654556206813e-54,"8","ERH"
3.82226894002363e-58,1.31187676592328,0.412,0.163,1.13548143401282e-53,"8","SF3B5"
3.92100418104177e-58,0.699067591737953,0.957,0.68,1.16481271206208e-53,"8","MT-CYB"
4.18689737414085e-58,0.678440041439413,0.918,0.524,1.24380160293602e-53,"8","RPL5"
4.34797453024345e-58,1.87788432972494,0.29,0.097,1.29165279369942e-53,"8","ID3"
1.33948107950064e-57,1.5161216510938,0.358,0.134,3.97919644287256e-53,"8","RTRAF"
1.55362046842444e-57,0.684977526389108,0.875,0.486,4.61534032554847e-53,"8","RPL22"
2.49804133898493e-57,1.48862561805211,0.364,0.136,7.42093140572254e-53,"8","PBXIP1"
3.75120578598051e-57,1.39551238667302,0.355,0.13,1.11437070284123e-52,"8","ECH1"
4.24757534444371e-57,1.47851447041421,0.298,0.098,1.26182720757389e-52,"8","BTG3"
1.17219150995826e-56,0.972811215703289,0.62,0.32,3.48222931863299e-52,"8","LDHA"
1.60390655901933e-56,1.57745375086504,0.279,0.09,4.76472521487872e-52,"8","SSNA1"
1.80592779825487e-56,1.58166401158186,0.275,0.087,5.36486971027575e-52,"8","POLR2J"
2.34542554791442e-56,0.909850817092893,0.699,0.371,6.96755567518937e-52,"8","SKP1"
3.64744763052655e-56,1.16272583707658,0.497,0.226,1.08354726760052e-51,"8","NDUFA1"
5.27464360791344e-56,1.34055072101243,0.409,0.168,1.56693837660285e-51,"8","AES"
5.50371685691486e-56,1.20498499441969,0.389,0.15,1.6349891666837e-51,"8","TBCB"
8.02509378857135e-56,1.17797516564279,0.455,0.195,2.38401461177089e-51,"8","SNU13"
9.47375035217321e-56,1.47048395541729,0.361,0.138,2.8143670171201e-51,"8","SELENOH"
1.37238103339471e-55,0.58409881423834,0.977,0.56,4.07693233590566e-51,"8","RPS8"
2.1333035001753e-55,1.25519592970503,0.403,0.161,6.33740470797078e-51,"8","RNASET2"
2.76349865121194e-55,1.13909631865953,0.492,0.225,8.20952544315531e-51,"8","POLR2L"
3.97421324508792e-55,1.14358497587872,0.483,0.215,1.18061952871827e-50,"8","LAMTOR4"
4.33724282620239e-55,0.636783946291937,0.991,0.6,1.28846472637995e-50,"8","RPLP1"
4.9918023308026e-55,1.3978558623899,0.304,0.103,1.48291471841153e-50,"8","PFDN2"
5.35013361257684e-55,0.620986847303555,0.985,0.588,1.5893641922882e-50,"8","RPS28"
5.3855877594144e-55,1.31756009341365,0.369,0.142,1.59989655568923e-50,"8","PRELID1"
9.32603757160876e-55,1.30623619326852,0.394,0.157,2.77048598139781e-50,"8","ANP32B"
2.18811256056097e-54,1.34713759694056,0.366,0.141,6.50022598365847e-50,"8","GABARAPL2"
2.73737993690739e-54,1.28058551675318,0.363,0.137,8.13193457857079e-50,"8","NDUFB4"
3.88221988211411e-54,1.43039536085782,0.353,0.135,1.15329106037964e-49,"8","RANBP1"
8.47724957616285e-54,1.22912318511205,0.38,0.147,2.5183365315907e-49,"8","NDUFB1"
9.62183820176307e-54,1.11312446526252,0.498,0.226,2.85835947459775e-49,"8","RAC1"
1.11950703915943e-53,1.4167822774629,0.373,0.149,3.32571956123093e-49,"8","MINOS1"
1.59379271218728e-53,1.46322663111309,0.352,0.136,4.73468001009475e-49,"8","SEPT1"
1.64111289477691e-53,1.49513400596774,0.262,0.082,4.87525407651377e-49,"8","MRPL57"
1.8912840933721e-53,0.998400409771077,0.566,0.274,5.6184376561805e-49,"8","UQCRH"
2.12176580117829e-53,1.43363429419983,0.332,0.123,6.30312966556036e-49,"8","NDUFB10"
2.46229828592745e-53,1.31479105971795,0.355,0.134,7.31474951800466e-49,"8","CCND2"
3.56892551101969e-53,0.665326967736232,0.883,0.499,1.06022070155862e-48,"8","RPS11"
8.14507325867395e-53,0.8480538157182,0.73,0.408,2.41965691295427e-48,"8","CIRBP"
1.20854400590921e-52,1.41839662374162,0.293,0.1,3.59022167835448e-48,"8","ATP5MC1"
2.83902123157433e-52,1.19037051897454,0.461,0.209,8.43388037263785e-48,"8","SNRPB"
2.95737347711403e-52,1.03460406854646,0.671,0.37,8.78546938846266e-48,"8","S100A10"
3.2687425947968e-52,1.46480883810067,0.309,0.111,9.71045362636286e-48,"8","ATP6V1F"
3.62624538329888e-52,0.631513371549704,0.897,0.503,1.0772487160166e-47,"8","UBA52"
4.76869559956296e-52,1.11902893534267,0.474,0.216,1.41663640176217e-47,"8","ATP5MPL"
4.99877781743441e-52,0.66241738578153,0.867,0.484,1.48498692622524e-47,"8","EEF1D"
5.34440666956831e-52,1.10193476212483,0.469,0.209,1.58766288932866e-47,"8","POMP"
7.1632773274609e-52,1.33044877972134,0.34,0.127,2.12799479566881e-47,"8","WDR1"
7.91905716458031e-52,1.25886714278702,0.383,0.154,2.35251431188187e-47,"8","BRK1"
1.10419861825959e-51,1.05759056273158,0.474,0.214,3.28024283526376e-47,"8","MT2A"
1.2288088072326e-51,0.601326763631818,0.878,0.493,3.65042232364588e-47,"8","RPLP0"
1.2468488960404e-51,0.871948941923868,0.625,0.327,3.70401401546723e-47,"8","LMNA"
1.76963822620787e-51,1.3900744441853,0.326,0.121,5.25706427859573e-47,"8","LGALS3"
1.91458430111837e-51,0.978031144451801,0.569,0.285,5.68765558333233e-47,"8","TAGLN2"
2.01701909299935e-51,0.521754745908503,0.968,0.584,5.99195861957317e-47,"8","H3F3B"
2.26812862033278e-51,0.676903641992479,0.94,0.629,6.7379296924226e-47,"8","MT-ND2"
3.11098397030683e-51,1.29558124902931,0.356,0.137,9.24180008059051e-47,"8","DOK2"
3.75280110072119e-51,0.611168093037097,0.966,0.558,1.11484462299124e-46,"8","FAU"
5.70730857469181e-51,0.575087404617225,0.992,0.63,1.6954701582837e-46,"8","EEF1A1"
6.77946834105489e-51,0.596520661021553,0.998,0.567,2.01397666007718e-46,"8","RPL13"
8.32716007666451e-51,1.07428249640354,0.478,0.217,2.47374944397472e-46,"8","HMGN2"
9.27291538613142e-51,0.928438163618251,0.6,0.301,2.75470497375806e-46,"8","SSR4"
1.0996638562949e-50,1.25991010931395,0.326,0.12,3.26677141789527e-46,"8","NME3"
1.31446532374392e-50,1.07623571445773,0.6,0.315,3.90488213724607e-46,"8","CREM"
1.51596179538057e-50,0.822188179594452,0.713,0.399,4.50346770553706e-46,"8","YBX1"
2.41114231290789e-50,1.39250831179021,0.289,0.099,7.16278046895548e-46,"8","MRPL41"
2.65912019711739e-50,1.15604288058928,0.417,0.179,7.89944836957664e-46,"8","JTB"
3.22203024317822e-50,0.576766790040931,0.974,0.532,9.57168524340954e-46,"8","RPL18A"
3.75031543319006e-50,1.58253758579796,0.258,0.084,1.11410620573777e-45,"8","COX14"
7.62003526136235e-50,1.37989796977235,0.323,0.12,2.26368387509291e-45,"8","PIM2"
8.10410101218411e-50,1.41709542138576,0.296,0.105,2.40748528768953e-45,"8","RPS19BP1"
9.17435348179854e-50,1.06896514292848,0.404,0.166,2.72542518883789e-45,"8","SEM1"
1.01984071608914e-49,0.569183852209885,0.952,0.536,3.02964081528601e-45,"8","RPL37"
1.17148137799251e-49,1.14338351853941,0.443,0.197,3.48011972960234e-45,"8","COX7B"
1.25947565661818e-49,1.22015489913777,0.389,0.162,3.74152433311564e-45,"8","NDUFA11"
1.41862151988009e-49,1.5147124423346,0.292,0.104,4.21429894910779e-45,"8","PSMC5"
1.92107810444634e-49,1.49733045201858,0.265,0.088,5.70694672487873e-45,"8","CLTB"
1.95338267274208e-49,1.21248076065861,0.387,0.16,5.80291390591488e-45,"8","OCIAD2"
2.14003904081988e-49,0.664703550828276,0.827,0.473,6.35741397856362e-45,"8","RPL23"
2.53318091868589e-49,0.548279560140871,0.992,0.549,7.52532055514017e-45,"8","RPL32"
2.7312196438368e-49,0.845534803895835,0.702,0.413,8.11363419594598e-45,"8","CD2"
2.94428440215829e-49,1.02955148140899,0.556,0.277,8.74658567349163e-45,"8","SAMSN1"
3.64328723367246e-49,0.532799599511784,0.969,0.526,1.08231133850708e-44,"8","RPL9"
7.23701725187039e-49,1.3009570610791,0.335,0.128,2.14990071501314e-44,"8","NDUFB7"
9.39654722042102e-49,1.05048447520779,0.48,0.224,2.79143228277047e-44,"8","NEDD8"
2.21238448766615e-48,1.30095770367267,0.329,0.125,6.57233059750983e-44,"8","TMED9"
3.13855112180162e-48,1.43686446758407,0.278,0.097,9.32369381753606e-44,"8","ANAPC11"
4.0777764795942e-48,1.4520761468717,0.319,0.122,1.21138505879305e-43,"8","TSTD1"
4.33736324379315e-48,0.569722258611009,0.98,0.534,1.28850049883363e-43,"8","RPS4X"
7.03211906417006e-48,0.868797505473119,0.571,0.288,2.089031610393e-43,"8","RGCC"
7.12765505693256e-48,1.01787447131125,0.552,0.281,2.11741248776295e-43,"8","TMBIM6"
1.19733884841398e-47,1.41193281012123,0.282,0.099,3.5569345169834e-43,"8","VDAC1"
1.26690685630741e-47,1.29925421345676,0.367,0.152,3.76360019803242e-43,"8","PSMA2"
1.84028081399583e-47,0.542369595332965,0.954,0.525,5.46692221413741e-43,"8","RPS16"
1.97471956377401e-47,1.32102103802695,0.338,0.132,5.86629940810346e-43,"8","TRAPPC1"
2.11432216114056e-47,0.739793456406461,0.542,0.266,6.28101684410025e-43,"8","HSPA1A"
3.53749527881843e-47,1.23479489781929,0.369,0.153,1.05088372247859e-42,"8","SNRPB2"
8.6394669975785e-47,1.01590254258804,0.532,0.27,2.56652646097065e-42,"8","HSPE1"
1.01302880689182e-46,1.06020634594822,0.457,0.21,3.00940467663354e-42,"8","SEPT7"
1.27392924700915e-46,1.42238475197867,0.253,0.085,3.78446161409008e-42,"8","NDUFAB1"
1.28850739039343e-46,0.826499720329555,0.662,0.364,3.82776890464175e-42,"8","SLC25A6"
1.79657717149697e-46,1.32475577294109,0.285,0.102,5.33709180336604e-42,"8","IL2RB"
3.03259891679791e-46,1.4378561402214,0.31,0.119,9.00894160213156e-42,"8","AURKAIP1"
3.51777418436242e-46,0.91638386448271,0.569,0.297,1.04502517694854e-41,"8","LSP1"
3.77256593019249e-46,1.14705326416802,0.451,0.212,1.12071616088228e-41,"8","PPIB"
3.82598437583958e-46,1.10398534759945,0.403,0.174,1.13658517853066e-41,"8","JPT1"
4.2186953378887e-46,0.521982416074773,0.935,0.51,1.2532478240266e-41,"8","RPL10A"
4.73578255458541e-46,0.508351263582199,0.948,0.527,1.40685892349069e-41,"8","RPS13"
8.03752664228198e-46,1.4790654098696,0.259,0.09,2.38770803962271e-41,"8","TMEM219"
9.883812891648e-46,1.35825698643897,0.29,0.106,2.93618429572187e-41,"8","NDUFA2"
1.71077353343242e-45,1.19097121456722,0.384,0.165,5.08219493576769e-41,"8","MZT2A"
1.82292417665762e-45,1.33319482211865,0.276,0.098,5.41536085159681e-41,"8","PSMD4"
2.03025818089911e-45,1.08682059516656,0.409,0.18,6.031287977997e-41,"8","ATP5MD"
3.00565510414085e-45,1.33518431543985,0.272,0.096,8.92889961787121e-41,"8","ADRM1"
3.14437013943742e-45,0.936545577439461,0.551,0.286,9.34098037322675e-41,"8","LDHB"
4.31488167354735e-45,1.00830933045201,0.443,0.204,1.28182189876071e-40,"8","HLA-F"
4.48346346567873e-45,0.720816583030822,0.75,0.432,1.33190249174918e-40,"8","DNAJA1"
5.50495926829555e-45,0.542741709036498,0.941,0.528,1.63535824983256e-40,"8","RPL35"
8.66972715697981e-45,1.00560006955404,0.465,0.217,2.57551584652399e-40,"8","ARF1"
1.11069986160036e-44,0.880189886408058,0.688,0.409,3.29955607885618e-40,"8","MT-ND5"
1.42470738745819e-44,1.47270417439698,0.253,0.087,4.23237823592205e-40,"8","GTF2A2"
1.73738883736217e-44,0.944912466389863,0.534,0.273,5.16126101915181e-40,"8","PPDPF"
2.50182477658894e-44,0.723707669647743,0.694,0.388,7.43217086381275e-40,"8","EEF2"
3.25578768254135e-44,0.538690609196699,0.951,0.535,9.67196846852559e-40,"8","RPL35A"
5.2370824901856e-44,1.07271234706124,0.42,0.188,1.55578009535944e-39,"8","ATP5F1B"
6.78749846764339e-44,1.16053816174415,0.409,0.183,2.01636216978282e-39,"8","ATP5ME"
6.92828491752229e-44,1.32562847208776,0.323,0.13,2.05818560044835e-39,"8","AP2M1"
7.21251851997304e-44,1.07916470471601,0.358,0.147,2.14262287672839e-39,"8","BUB3"
8.78260976920852e-44,1.02404828723093,0.41,0.18,2.60904988413877e-39,"8","TMEM50A"
1.32813361147106e-43,0.831994037775151,0.444,0.197,3.94548651959706e-39,"8","SEC11A"
1.53147572577107e-43,1.09322708085718,0.412,0.185,4.54955493854811e-39,"8","DRAP1"
1.74781644811689e-43,1.053227124655,0.437,0.203,5.19223832242085e-39,"8","DAD1"
1.89374744750519e-43,1.29890136446296,0.255,0.088,5.62575554230367e-39,"8","MRPL52"
1.98973472372145e-43,0.514702479178991,0.991,0.546,5.9109049437593e-39,"8","RPS19"
4.51554682976922e-43,1.30757616342852,0.262,0.093,1.34143349671954e-38,"8","NOL7"
8.33945655793201e-43,0.623145331944576,0.742,0.429,2.47740235966486e-38,"8","DUSP1"
9.74616968281317e-43,1.12444745442452,0.384,0.167,2.89529462767331e-38,"8","C4orf3"
1.01796198664845e-42,1.49404121305558,0.258,0.092,3.02405967373654e-38,"8","C19orf70"
1.14725361697292e-42,1.18963246716666,0.343,0.143,3.40814631994145e-38,"8","VPS28"
1.56912488398847e-42,0.716092208786951,0.735,0.448,4.66139929286455e-38,"8","ARPC2"
1.62959862339228e-42,1.49895083955978,0.25,0.089,4.84104863051146e-38,"8","PHB"
2.20462770997519e-42,0.633602292653791,0.963,0.654,6.5492875380233e-38,"8","MT-ND4"
2.20594792741275e-42,1.2066635177472,0.338,0.14,6.55320950796506e-38,"8","ATP6V0B"
2.41717864610811e-42,0.870906208946704,0.506,0.249,7.18071260399337e-38,"8","PTGES3"
3.16765148680416e-42,0.942321755133814,0.438,0.201,9.41014227184913e-38,"8","NDUFV2"
4.19528374725252e-42,1.15822901889617,0.386,0.173,1.24629294279631e-37,"8","BSG"
5.21682982767357e-42,1.09846866930291,0.397,0.178,1.54976363690699e-37,"8","ATP5PO"
5.33174279556678e-42,0.729264197688206,0.681,0.379,1.58390083227902e-37,"8","RPS4Y1"
5.44192938124043e-42,0.528366275138797,0.986,0.53,1.61663396128509e-37,"8","RPS15A"
6.65407152668917e-42,1.06942175288373,0.401,0.18,1.97672502843355e-37,"8","SSBP1"
6.99243623492387e-42,1.33800986017896,0.258,0.093,2.07724303230883e-37,"8","CTSA"
7.7779069687573e-42,0.967093800853532,0.481,0.237,2.31058282320873e-37,"8","TMEM59"
7.93101416428816e-42,1.40862449171257,0.262,0.096,2.35606637778508e-37,"8","MIEN1"
1.13326286330181e-41,0.805936020284536,0.596,0.323,3.3665839880107e-37,"8","PSME1"
1.2417516969055e-41,1.16371711478644,0.307,0.12,3.68887176599718e-37,"8","PSMA5"
1.26205287896797e-41,1.19479295049323,0.275,0.101,3.74918048755013e-37,"8","MRPL20"
1.35328166808208e-41,1.36252346000841,0.282,0.107,4.02019385137144e-37,"8","NDUFA6"
1.65105100637727e-41,1.20401716977624,0.259,0.092,4.90477722464496e-37,"8","PPP4C"
2.08647848477778e-41,0.558653699397122,0.997,0.628,6.19830163472935e-37,"8","RPL41"
2.84963870545437e-41,1.32348434519721,0.262,0.096,8.46542170229331e-37,"8","SFT2D1"
2.94284341521497e-41,1.03887538688008,0.409,0.186,8.74230493357912e-37,"8","PRR13"
4.22814868235006e-41,1.168965217957,0.355,0.153,1.25605612906573e-36,"8","UFC1"
1.10679926466943e-40,1.28392267684205,0.275,0.104,3.28796857555347e-36,"8","MDH1"
1.3055246576932e-40,1.2297341843656,0.323,0.133,3.8783221006092e-36,"8","COX7A2L"
1.31920525438076e-40,0.857366220214393,0.574,0.304,3.91896304918892e-36,"8","CD37"
1.57420916191662e-40,0.891952780468096,0.502,0.253,4.67650315730571e-36,"8","GUK1"
2.67639740695244e-40,1.26463297300011,0.264,0.098,7.95077377683361e-36,"8","VCP"
3.96985030635936e-40,0.799551297201886,0.718,0.446,1.17932343051018e-35,"8","HNRNPA2B1"
5.78100613685896e-40,0.512689106590169,0.901,0.565,1.71736349307669e-35,"8","BTG1"
6.61869450785306e-40,1.01649047390047,0.369,0.163,1.96621557744791e-35,"8","MRPS21"
7.05040695016648e-40,0.857154028954644,0.548,0.294,2.09446439268596e-35,"8","COTL1"
7.25576285066732e-40,0.471866796191076,0.718,0.414,2.15546947004774e-35,"8","NFKBIA"
7.69370867646506e-40,0.92669413971075,0.452,0.219,2.28557003651748e-35,"8","SLC25A5"
8.25212892595785e-40,1.21426574008276,0.289,0.112,2.4514599400343e-35,"8","POLR2K"
8.33914291209425e-40,1.00511345990824,0.407,0.19,2.47730918489584e-35,"8","SUMO1"
8.85402650900654e-40,0.769052252257921,0.719,0.445,2.63026565503057e-35,"8","ITM2B"
9.0133023867454e-40,0.6143739609225,0.728,0.408,2.67758174003046e-35,"8","EEF1B2"
1.43846288601292e-39,1.17069012973697,0.316,0.13,4.27324169547858e-35,"8","PET100"
1.45349083741987e-39,1.44311845542757,0.261,0.098,4.31788523072321e-35,"8","ZNHIT1"
1.77309604031614e-39,1.20003906807229,0.33,0.14,5.26733640696715e-35,"8","ATP5PD"
1.86528664353628e-39,0.788768846137043,0.61,0.342,5.54120703195324e-35,"8","LAPTM5"
3.17751754524352e-39,0.457547306655341,0.858,0.493,9.43945137165494e-35,"8","JUNB"
3.78527997409238e-39,1.23436758693783,0.282,0.11,1.12449312190362e-34,"8","LAPTM4A"
4.76906081679966e-39,1.22201616190068,0.256,0.094,1.41674489684667e-34,"8","AKIRIN2"
7.83225710935321e-39,1.26572228482045,0.284,0.112,2.32672861947556e-34,"8","SDF4"
1.29587429550725e-38,0.963831270326284,0.424,0.201,3.84965376966339e-34,"8","ARF6"
1.45102034302441e-38,1.01213804027383,0.424,0.207,4.31054613302263e-34,"8","NDUFB2"
2.47872367687567e-38,1.32562348518978,0.258,0.097,7.36354442689455e-34,"8","GADD45GIP1"
2.77768320555784e-38,1.33127317509597,0.258,0.097,8.25166349875069e-34,"8","MRFAP1"
3.11906412592053e-38,0.44095550047302,0.954,0.527,9.26580379887211e-34,"8","RPS25"
3.31366104521605e-38,1.13708574004443,0.349,0.155,9.84389286702333e-34,"8","COPS9"
4.32415846639413e-38,0.845074801479344,0.59,0.336,1.2845777556117e-33,"8","HERPUD1"
4.78893779862539e-38,0.788323094409321,0.636,0.37,1.42264975183765e-33,"8","SRSF7"
5.03508623556418e-38,1.14081729643827,0.338,0.147,1.49577306799905e-33,"8","LSM7"
6.00013922103838e-38,0.942496260568306,0.415,0.196,1.78246135839387e-33,"8","HLA-DPA1"
6.1369555844821e-38,0.411562591605957,0.986,0.571,1.8231053954821e-33,"8","RPL34"
7.77315801124852e-38,1.24460126918526,0.326,0.141,2.3091720504016e-33,"8","BAX"
1.243879900558e-37,1.25839383705697,0.258,0.098,3.69519402058766e-33,"8","NDUFA12"
2.15501521548521e-37,0.435553042225258,0.894,0.499,6.40190370064193e-33,"8","RPS5"
2.79644398561261e-37,0.909216964809396,0.415,0.197,8.30739614805938e-33,"8","SPCS2"
2.99021665869547e-37,0.417785537083573,0.995,0.545,8.88303662798663e-33,"8","RPS12"
3.07722230662765e-37,1.33881516080124,0.272,0.108,9.14150430629876e-33,"8","SNRPE"
5.01695529137571e-37,0.429979972177869,0.938,0.522,1.49038690840898e-32,"8","RPS3A"
7.21060437536297e-37,0.459213903784879,0.997,0.538,2.14205424178908e-32,"8","RPS18"
8.94202096765237e-37,1.21977170109531,0.301,0.126,2.65640616886049e-32,"8","EIF3I"
9.69810246579322e-37,0.457209386642427,0.704,0.394,2.88101529951319e-32,"8","SAP18"
9.94544689819075e-37,1.09442697253444,0.299,0.124,2.95449391004553e-32,"8","ANXA5"
1.17162679534305e-36,0.846434451876111,0.571,0.329,3.48055172092559e-32,"8","HNRNPK"
1.19204387174317e-36,0.447376588592632,0.978,0.543,3.54120472978743e-32,"8","RPL3"
1.2378477969887e-36,1.24964938996443,0.255,0.097,3.67727445051435e-32,"8","RNH1"
1.36938951758123e-36,1.15850802441302,0.299,0.124,4.06804543987856e-32,"8","BUD31"
1.43527677534578e-36,1.00012035609546,0.343,0.151,4.2637767165197e-32,"8","MRPS6"
1.73416835421585e-36,1.04013709547031,0.313,0.13,5.15169392986901e-32,"8","ATP5F1C"
2.46454491578068e-36,1.16227797185213,0.261,0.1,7.32142358130967e-32,"8","SNRPD1"
2.50002847148e-36,1.21555191666682,0.265,0.104,7.42683458022564e-32,"8","NDUFS8"
2.57588182640747e-36,0.765756396056684,0.546,0.296,7.65217214170867e-32,"8","CCNI"
2.64415548761041e-36,1.13099081002703,0.358,0.164,7.85499270704424e-32,"8","AC016831.5"
3.06153546242639e-36,0.975357086987877,0.448,0.229,9.09490339823009e-32,"8","ARL6IP4"
3.1592761212768e-36,0.513240535637269,0.994,0.594,9.38526157347699e-32,"8","RPL10"
3.28514315738728e-36,1.0080202920663,0.367,0.168,9.7591747776504e-32,"8","REX1BD"
3.4149017027057e-36,1.41240966099244,0.259,0.103,1.01446484882278e-31,"8","SEPT6"
4.11321365952125e-36,1.14082646270151,0.326,0.143,1.22191238183398e-31,"8","LMAN2"
5.73359281779864e-36,0.65073298975083,0.634,0.363,1.70327841838344e-31,"8","SRSF3"
6.17144184744534e-36,1.21406349332785,0.315,0.136,1.83335022962059e-31,"8","SELENOW"
6.25740376735657e-36,0.948107795661284,0.378,0.175,1.85888693716862e-31,"8","ARPC4"
6.71884090915823e-36,0.968598420765299,0.423,0.211,1.99596606888363e-31,"8","MAP1LC3B"
1.02473667899699e-35,0.918542383476888,0.313,0.131,3.04418525229637e-31,"8","TMCO1"
1.26886033079818e-35,0.411684617052765,0.966,0.568,3.76940338470216e-31,"8","RPL39"
2.08552202906063e-35,0.485122811580304,0.793,0.464,6.19546029173043e-31,"8","RPL4"
2.26054957057861e-35,0.523888223677615,0.738,0.421,6.71541460931788e-31,"8","TOMM7"
2.54483433113662e-35,0.616510050400418,0.673,0.393,7.55993934750755e-31,"8","CALM2"
2.6656002274716e-35,0.956173601996014,0.431,0.217,7.9186985957499e-31,"8","SEC61G"
3.40593995344712e-35,1.09144567170056,0.31,0.133,1.01180258197054e-30,"8","PPP1R18"
3.48263827664875e-35,1.20419318116224,0.301,0.129,1.03458735284404e-30,"8","SNRPN"
6.4956189586103e-35,1.02118886843834,0.378,0.18,1.92965352403436e-30,"8","UQCRQ"
7.70841266648044e-35,0.897389293099295,0.441,0.221,2.28993815083134e-30,"8","MIF"
7.7275194267646e-35,0.489977180440313,0.978,0.723,2.29561419610896e-30,"8","MT-CO3"
8.15762938178963e-35,0.845340336420801,0.466,0.24,2.42338696044825e-30,"8","GSTK1"
1.08214085931789e-34,0.903198898783554,0.471,0.245,3.21471585077566e-30,"8","PGK1"
1.21371298804565e-34,1.06119457718275,0.315,0.137,3.60557717358721e-30,"8","PSMA4"
1.41861851840563e-34,0.453547330017126,0.995,0.547,4.21429003262759e-30,"8","RPS14"
1.89008383800299e-34,1.06284833321083,0.369,0.177,5.61487205755548e-30,"8","AC058791.1"
2.39024930846163e-34,0.94230180451837,0.389,0.184,7.10071362064696e-30,"8","TBC1D10C"
3.13759128093763e-34,0.873874024183874,0.358,0.164,9.32084241828143e-30,"8","UBE2L3"
3.17992748816474e-34,1.04039288752857,0.321,0.14,9.44661058909098e-30,"8","ATP5F1A"
3.24958576197285e-34,1.08242012478207,0.323,0.143,9.65354442309274e-30,"8","ARHGDIA"
4.05478252322473e-34,0.670341881184678,0.958,0.751,1.20455424417437e-29,"8","MT-CO2"
4.39573125229796e-34,0.743288636242775,0.605,0.36,1.30583988312016e-29,"8","CDC42"
4.89704163167667e-34,1.08153537729978,0.321,0.141,1.45476415752219e-29,"8","FKBP8"
8.65257401912598e-34,1.33150875318061,0.255,0.102,2.57042016386175e-29,"8","EFHD2"
1.70623281874239e-33,1.25161858657672,0.252,0.1,5.06870583463803e-29,"8","MRPL33"
3.66569309950747e-33,0.917037021066442,0.404,0.2,1.08896744907069e-28,"8","GYPC"
4.52155859799521e-33,0.7826190242122,0.497,0.268,1.34321941270644e-28,"8","SELENOK"
4.99154941623218e-33,0.933772171114797,0.292,0.122,1.48283958508009e-28,"8","GATA3"
5.171833262985e-33,0.674809057086762,0.437,0.214,1.53639650743496e-28,"8","NDFIP1"
5.43766308434488e-33,0.39971093164147,0.971,0.556,1.61536657246633e-28,"8","RPS2"
6.91687231403992e-33,0.336307217991287,0.968,0.53,2.05479525833184e-28,"8","RPS6"
1.08811034118575e-32,0.883759554980537,0.38,0.18,3.23244939056051e-28,"8","GBP2"
1.10076694128383e-32,0.781658423957582,0.517,0.289,3.27004835247186e-28,"8","TNFAIP3"
1.18522136311443e-32,1.06602456232003,0.295,0.127,3.52093710340404e-28,"8","SRSF9"
1.27304182995717e-32,0.887703453454221,0.364,0.17,3.78182536425375e-28,"8","CBX3"
1.28420365284303e-32,1.14198101450583,0.302,0.135,3.81498379150078e-28,"8","ELOC"
1.31212211357714e-32,1.05471513691547,0.37,0.179,3.89792116280362e-28,"8","PCBP1"
1.82150802165402e-32,0.446181974281494,0.9,0.538,5.4111538799276e-28,"8","RPL37A"
2.1889839156681e-32,0.402076180849641,0.89,0.5,6.50281451827522e-28,"8","RPL27"
2.24246497533408e-32,0.829303423899175,0.273,0.111,6.66169070222497e-28,"8","CLTA"
2.54455708886804e-32,1.07592499740916,0.292,0.127,7.55911574390029e-28,"8","PDIA6"
2.88362658569902e-32,0.756865120153766,0.52,0.288,8.56638949813607e-28,"8","RHOA"
3.23595590384365e-32,1.07103921737453,0.259,0.105,9.61305420354833e-28,"8","TNFRSF25"
3.77257674303693e-32,0.748246906933449,0.532,0.303,1.12071937305398e-27,"8","TPM3"
4.25536097483285e-32,1.06071033468978,0.29,0.125,1.26414008479359e-27,"8","VDAC2"
6.09327193479466e-32,1.15338468960296,0.262,0.109,1.81012829366945e-27,"8","DNAJC8"
7.49646663518987e-32,1.02718861010107,0.4,0.203,2.22697534331585e-27,"8","HLA-DRB1"
8.77272982953542e-32,0.788860446698792,0.497,0.267,2.60611485046009e-27,"8","RBM3"
9.70858023095317e-32,0.475099957217546,0.679,0.394,2.88412792920926e-27,"8","H2AFZ"
1.24423484904541e-31,0.636914035819763,0.594,0.335,3.6962484660592e-27,"8","TUBA1B"
1.28673898678678e-31,1.00706237010107,0.333,0.155,3.82251550804748e-27,"8","EIF3D"
2.4050632362862e-31,0.970962449011808,0.35,0.167,7.14472135603542e-27,"8","RABAC1"
2.44611777463126e-31,0.874874047455877,0.438,0.233,7.26668207309708e-27,"8","SERBP1"
2.47309369545245e-31,1.22279303906456,0.265,0.113,7.34681944108058e-27,"8","NDUFS7"
2.57749277812642e-31,0.893590511110123,0.327,0.149,7.65695779598014e-27,"8","UBE2I"
3.0288636215875e-31,0.501798218971381,0.651,0.376,8.99784516064999e-27,"8","DUSP2"
4.81004114220141e-31,1.12283130328708,0.269,0.113,1.42891892211377e-26,"8","TUFM"
6.13297274308489e-31,0.838892611267495,0.261,0.106,1.82192221278823e-26,"8","GBP5"
7.80657766825008e-31,1.25526553633035,0.278,0.121,2.31910002790705e-26,"8","MRPL18"
1.01630764892818e-30,1.02714138453494,0.309,0.141,3.01914513267093e-26,"8","CCDC85B"
1.13818530007309e-30,1.07033415114008,0.315,0.145,3.38120707092713e-26,"8","SNRPF"
1.37307917671697e-30,0.398514706498382,0.872,0.508,4.0790063102731e-26,"8","RPS10"
1.7290791372029e-30,0.42035554334526,0.983,0.54,5.13657539288865e-26,"8","RPS3"
3.13397544605791e-30,0.392349387834659,0.867,0.511,9.31010085760423e-26,"8","RPS21"
3.38004925358618e-30,1.09170403855346,0.298,0.136,1.00411123176285e-25,"8","SLC3A2"
5.33444692871678e-30,0.809136802487779,0.383,0.19,1.58470414911389e-25,"8","UBE2B"
6.72198390240788e-30,0.973094688431871,0.318,0.147,1.99689975788831e-25,"8","KRT10"
7.32341859138352e-30,0.839615532874794,0.395,0.201,2.1755679609423e-25,"8","GPSM3"
7.86873608613271e-30,1.03928985660505,0.269,0.115,2.33756542910744e-25,"8","GNB2"
8.61364474438937e-30,0.711317345524818,0.458,0.244,2.55885544421575e-25,"8","DDX24"
9.59335834199953e-30,1.00806189312558,0.278,0.121,2.8498989626578e-25,"8","DGUOK"
2.76208072211781e-29,0.719523134924033,0.441,0.23,8.20531320119537e-25,"8","CAP1"
2.85024285782294e-29,1.14256361810365,0.258,0.11,8.4672164577346e-25,"8","MDH2"
3.06667936792727e-29,1.0141916584434,0.287,0.127,9.11018439830154e-25,"8","CSNK2B"
3.39322812789325e-29,0.854782411929616,0.423,0.224,1.00802627995325e-24,"8","CALR"
3.96317304891973e-29,1.0558685171183,0.27,0.118,1.17733981764258e-24,"8","GNAI2"
4.19377911223202e-29,0.970856558958077,0.27,0.116,1.24584596087076e-24,"8","ARPC5L"
4.75711641490016e-29,0.993123422813359,0.318,0.149,1.41319657337439e-24,"8","RSL1D1"
5.27592989425124e-29,1.06838801692118,0.259,0.111,1.56732049368522e-24,"8","ZNF706"
5.50731351550366e-29,0.480893283847681,0.503,0.266,1.63605762605067e-24,"8","CST7"
8.28549517220342e-29,0.963223398951553,0.262,0.112,2.46137205080647e-24,"8","RAB5IF"
9.90266564999924e-29,1.07981676886139,0.281,0.126,2.94178488464527e-24,"8","TOMM20"
1.1508373344771e-28,0.748268363745014,0.34,0.161,3.41879246953112e-24,"8","SCP2"
1.69187141963511e-28,0.920321189253217,0.256,0.108,5.02604242631001e-24,"8","RHOF"
2.03143644426463e-28,0.720551005268932,0.506,0.286,6.03478824497692e-24,"8","RBM8A"
2.35879652400334e-28,0.378145269512113,0.994,0.559,7.00727683385672e-24,"8","RPS27A"
2.42093134790374e-28,0.901983921512128,0.312,0.144,7.19186075521763e-24,"8","PIK3IP1"
3.2595495575275e-28,0.428127874172138,0.773,0.492,9.68314387054694e-24,"8","TSC22D3"
4.16402926488053e-28,0.871090586357469,0.327,0.156,1.23700817371806e-23,"8","CTSD"
4.39271404642018e-28,0.939756247650972,0.29,0.131,1.30494356177004e-23,"8","GHITM"
5.47017122126946e-28,0.672483045503324,0.514,0.294,1.62502376470252e-23,"8","SNRPD2"
5.51858562356394e-28,0.749318646495128,0.267,0.114,1.63940623119214e-23,"8","ANXA7"
5.86758838761624e-28,1.05733176190049,0.259,0.113,1.74308448230916e-23,"8","CCT3"
6.36545463448044e-28,0.425403264459071,0.676,0.413,1.8909856082651e-23,"8","DNAJB1"
7.26673084227454e-28,0.891330258374393,0.343,0.168,2.1587277313145e-23,"8","SYF2"
7.62538874343876e-28,0.761597301067352,0.398,0.203,2.26527423401335e-23,"8","HNRNPF"
9.70572621662524e-28,1.03060066225733,0.296,0.139,2.88328008717286e-23,"8","DPP7"
1.31279734440838e-27,0.842760378909519,0.352,0.176,3.89992707103396e-23,"8","SOCS1"
1.7246991682684e-27,0.685114671754991,0.481,0.266,5.12356381917494e-23,"8","SSR2"
2.70827654569252e-27,0.556361018527331,0.642,0.391,8.04547713428878e-23,"8","SARAF"
3.27683018126991e-27,0.788185334000661,0.375,0.191,9.73447941949852e-23,"8","SET"
3.40722960627328e-27,0.972528166997427,0.252,0.108,1.0121856991356e-22,"8","ARPP19"
3.41868846767848e-27,0.591010571116048,0.705,0.458,1.01558978309325e-22,"8","HMGB1"
3.99442257707663e-27,0.982061112923315,0.278,0.126,1.18662311497215e-22,"8","NUDC"
4.03689856193438e-27,0.828381551830819,0.353,0.177,1.19924145579385e-22,"8","PAIP2"
4.04132893333137e-27,0.965762272934725,0.252,0.108,1.20055758622475e-22,"8","MED10"
5.6077006125241e-27,0.560613130096931,0.722,0.479,1.66587962096254e-22,"8","KLF6"
6.09941124114339e-27,0.823744679773361,0.369,0.189,1.81195209740647e-22,"8","RSL24D1"
6.39967242840962e-27,1.07854547441965,0.253,0.112,1.90115068830765e-22,"8","PYURF"
8.96899168777746e-27,0.908301501522741,0.292,0.135,2.66441836068805e-22,"8","NDUFA3"
1.07901068457738e-26,0.917763122888835,0.335,0.168,3.20541704067402e-22,"8","EIF5A"
1.41728472992147e-26,0.911455659139117,0.253,0.109,4.21032774717772e-22,"8","ANP32A"
1.99433073429141e-26,0.582089252332746,0.478,0.264,5.92455831235949e-22,"8","CYCS"
3.24841339543726e-26,1.08576123332193,0.412,0.233,9.65006167382547e-22,"8","JUND"
3.35079311909203e-26,0.700339013798824,0.451,0.25,9.9542011188867e-22,"8","NCL"
3.5727158421848e-26,0.779575858191311,0.299,0.139,1.06134669523784e-21,"8","PSMA3"
3.69602332483536e-26,0.301184424832201,0.944,0.539,1.09797764910884e-21,"8","RPS29"
3.92460024803074e-26,0.607770898904429,0.383,0.192,1.16588099568249e-21,"8","HCLS1"
4.13877550142174e-26,0.874209364676119,0.316,0.154,1.22950603820736e-21,"8","RNPS1"
4.23502214244024e-26,0.770506259975191,0.353,0.178,1.25809802785472e-21,"8","UBE2N"
4.32785808638943e-26,0.975933069490212,0.281,0.13,1.28567680172371e-21,"8","CCDC107"
6.7858433571302e-26,0.840322820403063,0.332,0.165,2.01587048610267e-21,"8","SNX3"
6.8186273668344e-26,0.59949859997975,0.557,0.332,2.02560963186549e-21,"8","DDIT4"
8.65417800596237e-26,0.720827174188091,0.296,0.136,2.57089666023124e-21,"8","OCIAD1"
8.78060301683101e-26,0.991968870326085,0.285,0.136,2.60845373820999e-21,"8","ENY2"
9.602815664908e-26,1.19600085351602,0.298,0.146,2.85270844957422e-21,"8","TIMP1"
1.69835232456907e-25,0.619975427585692,0.585,0.358,5.04529525059734e-21,"8","CYTIP"
2.41694416563369e-25,0.967371661677922,0.276,0.13,7.18001603284801e-21,"8","EIF1B"
2.44175983609499e-25,0.754076440066941,0.457,0.26,7.2537359450874e-21,"8","EIF3F"
2.44176716829474e-25,0.86671594021879,0.267,0.122,7.25375772685317e-21,"8","HSPB11"
4.06277255552609e-25,1.04042489915829,0.292,0.141,1.20692784307013e-20,"8","HMGB2"
5.65873232153504e-25,0.263501829156448,0.975,0.544,1.68103961075841e-20,"8","RPS27"
6.42768343988143e-25,0.575329875794341,0.392,0.205,1.90947191948558e-20,"8","SH3BGRL"
7.1109887361169e-25,0.812609769600532,0.326,0.162,2.11246142383825e-20,"8","ST13"
9.38874051798603e-25,1.05156676680982,0.292,0.142,2.78911314567811e-20,"8","SMDT1"
1.06669622163989e-24,0.757123328086487,0.347,0.176,3.16883446562562e-20,"8","SELENOT"
2.43761125088175e-24,0.808203582353954,0.319,0.16,7.24141174299441e-20,"8","DAZAP2"
2.58936088688897e-24,0.978300019579311,0.313,0.158,7.69221438668106e-20,"8","TSPYL2"
2.6418243085295e-24,0.721797145604087,0.41,0.226,7.84806747334858e-20,"8","EIF4G2"
2.95146049591238e-24,1.06226920241178,0.258,0.12,8.76790369520692e-20,"8","RPL22L1"
3.34257511311855e-24,1.06204977677201,0.258,0.122,9.92978788854128e-20,"8","DDT"
4.86166778146078e-24,0.441367034096954,0.563,0.333,1.44425564783855e-19,"8","TUBB4B"
5.24591360268906e-24,0.783805368372843,0.392,0.215,1.55840355395084e-19,"8","EIF3G"
6.77760478694101e-24,0.761013319617632,0.336,0.172,2.01342305405656e-19,"8","ARPC5"
1.27461230513504e-23,0.573882314876204,0.358,0.183,3.78649077486467e-19,"8","SLA"
1.41185541839815e-23,0.764092391755647,0.316,0.159,4.1941988914354e-19,"8","XRCC6"
2.44152858997401e-23,0.940711658072108,0.252,0.117,7.25304898223579e-19,"8","ANP32E"
3.14782362252242e-23,0.802388312853018,0.289,0.14,9.35123963542737e-19,"8","MGST3"
3.20468714615196e-23,1.00620855649704,0.262,0.126,9.52016410507363e-19,"8","PA2G4"
3.90276117611476e-23,0.266136852796016,0.864,0.499,1.15939326258841e-18,"8","RPL7"
4.20057469544652e-23,0.931484013233037,0.343,0.183,1.2478647247763e-18,"8","HSPH1"
5.57832996319905e-23,0.867344137494224,0.316,0.163,1.65715448216754e-18,"8","ERP29"
1.07428547260553e-22,0.804202921782553,0.253,0.118,3.19137985346925e-18,"8","UQCRC2"
1.07747993670339e-22,0.526418552352007,0.627,0.394,3.20086964796477e-18,"8","SON"
1.08579220664881e-22,0.309623326786136,0.821,0.496,3.22556290829162e-18,"8","RPL38"
1.13960397221118e-22,0.640148798337657,0.481,0.286,3.38542152024774e-18,"8","EIF3H"
1.37530690398379e-22,0.80476707165009,0.302,0.152,4.08562421966463e-18,"8","CHMP4A"
1.45156776833168e-22,0.865000228786561,0.275,0.134,4.31217236938293e-18,"8","MAGOH"
1.56723921673343e-22,0.723500875838681,0.276,0.134,4.65579754115e-18,"8","PDCD6"
1.58877892575109e-22,0.840294593920538,0.292,0.145,4.71978555472877e-18,"8","TAP1"
2.97783449762087e-22,0.597009970451794,0.488,0.292,8.84625294208232e-18,"8","PNRC1"
2.99440490684134e-22,0.552819608522666,0.54,0.327,8.89547865675357e-18,"8","ZFAS1"
3.57444067792604e-22,0.765995512478277,0.332,0.175,1.06185909219149e-17,"8","ZFAND5"
3.97730554339299e-22,1.0514250640594,0.27,0.134,1.18153815777576e-17,"8","SEPT9"
4.3726786050385e-22,0.475888979464124,0.54,0.326,1.29899163319879e-17,"8","LCK"
5.01913670989469e-22,0.553738376011182,0.474,0.274,1.49103494240842e-17,"8","HLA-DPB1"
5.60852437942301e-22,0.609784508776954,0.446,0.257,1.66612433739519e-17,"8","CNBP"
5.95362528235349e-22,0.65824938043629,0.304,0.152,1.76864346262875e-17,"8","ANXA11"
6.35431055419046e-22,0.74877984841929,0.364,0.201,1.88767503633336e-17,"8","HSPD1"
7.91533394218229e-22,0.59341945559016,0.389,0.213,2.35140825420409e-17,"8","C11orf58"
9.64902377728468e-22,0.498456669825337,0.458,0.261,2.86643549351796e-17,"8","HNRNPA3"
2.72246409855128e-21,0.882963966158917,0.298,0.154,8.08762409756628e-17,"8","TUBB"
2.91570592134356e-21,0.600102343959713,0.269,0.129,8.66168758053531e-17,"8","RER1"
3.40841424974793e-21,0.707233289887758,0.366,0.199,1.01253762117262e-16,"8","UXT"
2.58765037734131e-20,0.625518781180059,0.438,0.259,7.68713297596784e-16,"8","MORF4L1"
2.82296972930173e-20,0.697543574856679,0.25,0.12,8.38619617483665e-16,"8","PSMB7"
3.22424504929163e-20,0.535231468344913,0.478,0.283,9.57826476793063e-16,"8","ACAP1"
3.7182420831975e-20,0.730758083197112,0.33,0.178,1.10457817565548e-15,"8","H2AFV"
5.14157543347955e-20,0.497917874197788,0.523,0.325,1.52740781402377e-15,"8","SRSF5"
6.26034415204018e-20,0.436732691479509,0.511,0.308,1.85976043724658e-15,"8","CD63"
8.41794143323496e-20,0.596404508343222,0.364,0.203,2.50071786157111e-15,"8","ANXA2"
8.41923000086417e-20,0.568492456666647,0.307,0.159,2.50110065635672e-15,"8","CHURC1"
8.71147764359855e-20,0.327090424053324,0.386,0.217,2.58791866358382e-15,"8","HSPA1B"
1.15306545633486e-19,0.757421106992721,0.252,0.124,3.42541155113396e-15,"8","SRP9"
1.24086500974618e-19,0.605252731254282,0.457,0.274,3.68623768445298e-15,"8","GNAS"
1.30743438839977e-19,0.610138054538554,0.517,0.33,3.88399533761919e-15,"8","CRIP1"
2.03156846512332e-19,0.471666478886393,0.509,0.312,6.03518043934184e-15,"8","NAP1L1"
2.35806511408462e-19,0.822766286542755,0.256,0.128,7.00510403441117e-15,"8","LSM8"
3.25962366987538e-19,0.620538269550416,0.327,0.178,9.6833640360988e-15,"8","TMBIM4"
3.76967911917975e-19,0.571710302153986,0.358,0.199,1.11985857593473e-14,"8","CDC37"
4.57884071137363e-19,0.547715021369129,0.287,0.146,1.36023621012776e-14,"8","ANKRD10"
4.79094613923646e-19,0.601644046275543,0.307,0.164,1.42324636958298e-14,"8","TPM4"
5.09202042025195e-19,0.709402886633665,0.267,0.136,1.51268650624425e-14,"8","CCT4"
6.13519371752216e-19,0.635846288300593,0.809,0.621,1.82258199766431e-14,"8","MT-ND3"
7.98407280735954e-19,0.715660895002699,0.455,0.287,2.3718285088823e-14,"8","CLK1"
1.03415334224876e-18,0.894076890336152,0.256,0.131,3.07215933381838e-14,"8","SOCS3"
2.07647011695756e-18,0.488691772921238,0.573,0.376,6.16856977644582e-14,"8","HNRNPDL"
2.10612162492758e-18,0.475506438386842,0.259,0.129,6.25665551117237e-14,"8","TNFRSF14"
2.51498280873002e-18,0.45893289760214,0.275,0.14,7.47125942989426e-14,"8","TMEM14B"
2.79846154860323e-18,0.638428485668704,0.41,0.244,8.31338972243562e-14,"8","ARL6IP1"
2.99281359499965e-18,0.688007581514324,0.261,0.133,8.89075134666545e-14,"8","TECR"
3.48870617765181e-18,0.687277316808981,0.259,0.132,1.03638994419502e-13,"8","ATP5PB"
3.9522503594867e-18,0.415015266170731,0.384,0.219,1.17409501429271e-13,"8","TBCA"
7.55904781695966e-18,0.430972171470382,0.556,0.35,2.2455663349842e-13,"8","NOP53"
1.27921816869942e-17,0.689781205479902,0.292,0.157,3.80017341375538e-13,"8","REEP5"
1.38174191809727e-17,0.785088099745276,0.27,0.143,4.10474071609156e-13,"8","BCAS2"
1.58639913039289e-17,0.314352064445159,0.593,0.376,4.71271589665815e-13,"8","HCST"
1.92049125707169e-17,0.447884731039421,0.495,0.308,5.70520337738288e-13,"8","EZR"
1.9221388267614e-17,0.305315461110796,0.265,0.133,5.71009781266009e-13,"8","GALM"
8.19234933718848e-17,0.431414291524797,0.509,0.328,2.43370121759858e-12,"8","CAPZB"
8.32596205596496e-17,0.706212677545484,0.282,0.153,2.47339354796551e-12,"8","KRTCAP2"
1.16287341742086e-16,0.304885228715456,0.718,0.475,3.45454806113216e-12,"8","RPS17"
1.25305262093569e-16,0.9325425144711,0.252,0.136,3.72244342101366e-12,"8","PLIN2"
1.87768055677312e-16,0.497137035403877,0.39,0.232,5.5780256300059e-12,"8","EIF5"
4.25205179998307e-16,0.594956297919906,0.31,0.176,1.26315702822097e-11,"8","PSAP"
5.44435650043791e-16,0.354406264753496,0.505,0.322,1.61735498558509e-11,"8","PPP1R15A"
6.08283373319453e-16,0.558168254157166,0.403,0.249,1.8070274171201e-11,"8","EIF4A3"
7.78021326836421e-16,0.620153567350641,0.343,0.202,2.31126795563296e-11,"8","TERF2IP"
7.93308802571338e-16,0.601793853645025,0.324,0.186,2.35668245979867e-11,"8","ANXA6"
1.18158293297918e-15,0.493150513293386,0.475,0.304,3.51012841900124e-11,"8","DNAJB6"
1.35275364336139e-15,0.389227647757583,0.568,0.371,4.0186252483337e-11,"8","EIF4A2"
1.60141028242999e-15,0.541465384840568,0.287,0.157,4.75730952601477e-11,"8","TPR"
1.68266570274711e-15,0.598594065598014,0.282,0.156,4.99869500315084e-11,"8","APOBEC3G"
2.21382068944306e-15,0.572157965179503,0.346,0.204,6.57659712212851e-11,"8","CD164"
2.603322462587e-15,0.476912090277673,0.386,0.234,7.7336900396072e-11,"8","HNRNPA0"
3.65542260344946e-15,0.74769873322176,0.25,0.135,1.08591639280673e-10,"8","TCP1"
4.79794777729632e-15,0.723352778522439,0.323,0.191,1.42532634620142e-10,"8","HSP90B1"
4.92943693774897e-15,0.353448195966554,0.606,0.412,1.46438783109709e-10,"8","CD53"
5.47392429666369e-15,0.345389222027837,0.644,0.441,1.62613869080988e-10,"8","RPL17"
7.10629544241064e-15,0.533287048696638,0.261,0.141,2.11106718707693e-10,"8","CASP4"
8.03226824535396e-15,0.627932704898858,0.296,0.17,2.3861459276473e-10,"8","CKS2"
9.54864005251964e-15,0.496939393466764,0.329,0.19,2.83661450040201e-10,"8","PTP4A2"
1.37429876486719e-14,0.381507456846973,0.417,0.255,4.08262934079096e-10,"8","TUBA1A"
1.52300303453366e-14,0.418910798186797,0.392,0.237,4.52438511468915e-10,"8","PPP1R2"
1.64083454496654e-14,0.371924501409679,0.367,0.218,4.87442718273211e-10,"8","HNRNPM"
2.0226269624061e-14,0.36456509565761,0.586,0.4,6.0086179172198e-10,"8","UBE2D3"
2.38813555897919e-14,0.464418137551579,0.252,0.136,7.09443430505947e-10,"8","RHEB"
2.94964991484297e-14,0.485315094146662,0.406,0.253,8.76252500202401e-10,"8","ITGB2"
4.20838286642305e-14,0.575130793861157,0.253,0.139,1.25018429812829e-09,"8","NDUFB9"
4.71911160671149e-14,0.439629440549517,0.435,0.278,1.40190648500578e-09,"8","LIMD2"
7.05604941820263e-14,0.510081154826217,0.346,0.209,2.09614060066546e-09,"8","EIF3L"
7.36261552621632e-14,0.551235875666357,0.336,0.204,2.18721219437308e-09,"8","BZW1"
7.64237387584438e-14,0.56164692770523,0.261,0.145,2.27032000729709e-09,"8","TMEM230"
9.35082830541161e-14,0.557612720207936,0.25,0.138,2.77785056468863e-09,"8","POLR1D"
1.10277318067251e-13,0.572331652419235,0.332,0.202,3.27600828782383e-09,"8","RSRC2"
1.54139549128847e-13,0.657453781260716,0.253,0.143,4.57902358597067e-09,"8","PRDX6"
1.8942751271248e-13,0.612091265505869,0.27,0.155,5.62732312014966e-09,"8","P4HB"
2.20772359289977e-13,0.418978513642794,0.434,0.279,6.55848447742734e-09,"8","SERP1"
2.61127085184515e-13,0.281277832556381,0.894,0.712,7.75730231957639e-09,"8","DDX5"
2.95839024280873e-13,0.528255026097726,0.258,0.145,8.78848989431189e-09,"8","SF3B2"
3.80203928354106e-13,0.37182652482612,0.278,0.159,1.12947180996154e-08,"8","SELL"
5.06221567985439e-13,0.414714193188265,0.333,0.2,1.50383241201434e-08,"8","PPP1CB"
9.35309926411612e-13,0.460495342048478,0.301,0.177,2.77852519839098e-08,"8","ARF4"
1.17900599186834e-12,0.442097363992606,0.316,0.191,3.50247310004328e-08,"8","SQSTM1"
1.39675774066358e-12,0.579560946491274,0.276,0.161,4.1493482201893e-08,"8","G3BP2"
1.72388018297527e-12,0.335819581650154,0.483,0.32,5.12113085956463e-08,"8","BRD2"
2.21360509667893e-12,0.54928093025514,0.344,0.218,6.57595666070409e-08,"8","HLA-DRA"
2.5948209388824e-12,0.551345645005844,0.285,0.171,7.70843456313794e-08,"8","TMED2"
1.29324454355741e-11,0.517771339512678,0.27,0.162,3.84184156554598e-07,"8","DEK"
1.49144151809463e-11,0.392831336105966,0.282,0.167,4.43062531780373e-07,"8","VPS29"
1.73591796728845e-11,0.369943281785255,0.356,0.227,5.1568915054238e-07,"8","VAMP2"
1.77537099648653e-11,0.416615862439516,0.37,0.238,5.27409461926254e-07,"8","SF3B1"
6.24270951311594e-11,0.355782206016325,0.27,0.161,1.85452171506135e-06,"8","ATP1B3"
7.70126202854284e-11,0.29700241402892,0.369,0.237,2.28781391081922e-06,"8","STAT3"
8.24516861767105e-11,0.445666413257852,0.267,0.161,2.44939224125154e-06,"8","PAXX"
1.15986420363399e-10,0.558478990656894,0.267,0.164,3.44560858973549e-06,"8","ARID5A"
2.03790420910652e-10,0.285795291685837,0.326,0.205,6.05400203399274e-06,"8","YWHAQ"
2.06168684513655e-10,0.395925687466987,0.281,0.172,6.12465311084714e-06,"8","PPP2CA"
2.10501224006679e-10,0.389592393109801,0.407,0.27,6.25335986156641e-06,"8","CD48"
2.31906568097093e-10,0.47188801066533,0.38,0.259,6.88924841846034e-06,"8","REL"
4.13501108776968e-10,0.290156461695005,0.333,0.212,1.22838774384374e-05,"8","SRRM1"
5.99106908593222e-10,0.353424919500086,0.256,0.155,1.77976689335789e-05,"8","HNRNPH3"
7.91430466676868e-10,0.449188345620884,0.253,0.156,2.35110248735697e-05,"8","RSBN1"
1.38787213935298e-09,0.279099137224528,0.485,0.336,4.1229517643759e-05,"8","EIF3E"
1.62099030731152e-09,0.484134168964557,0.267,0.168,4.81547590593033e-05,"8","GTF3A"
2.03809828968223e-09,0.455187053019733,0.292,0.188,6.054578589159e-05,"8","SBDS"
3.36392229011297e-09,0.281192400239265,0.398,0.269,9.9932039472386e-05,"8","PRPF38B"
3.3738381612348e-09,0.414192757832974,0.282,0.18,0.000100226610255802,"8","IDI1"
4.18710167293719e-09,0.366098131509316,0.261,0.162,0.000124386229397945,"8","EIF3M"
7.04988854985663e-09,0.290566985360516,0.406,0.281,0.000209431039150591,"8","IRF1"
1.33172236312045e-08,0.320631094084811,0.446,0.312,0.000395614762412191,"8","TRA2B"
1.74083979541243e-08,0.287805538475817,0.252,0.159,0.00051715127802317,"8","GDI2"
2.87921583951269e-08,0.278335617009737,0.327,0.217,0.000855328649444036,"8","CSDE1"
4.40472288640819e-08,0.492062145457001,0.346,0.246,0.00130851102786528,"8","ZNF331"
4.9696120839928e-08,0.369060203634968,0.252,0.163,0.00147632266179174,"8","CHMP1B"
5.2326569965403e-08,0.552839479867877,0.262,0.178,0.00155446541396223,"8","CSRNP1"
3.41534041238458e-07,0.299899246857739,0.295,0.199,0.0101459517630709,"8","ATF4"
3.66366825251774e-07,0.254330189081803,0.438,0.315,0.0108836592777545,"8","CCNL1"
7.62454524546197e-07,0.331701816345791,0.252,0.169,0.0226502365606939,"8","HBP1"
1.62397447044921e-06,0.326448052551716,0.307,0.216,0.0482434095936346,"8","UBE2S"
2.89749717573309e-06,0.28448618978794,0.279,0.194,0.0860759485995029,"8","SERTAD1"
4.73583911874772e-06,0.274345316832984,0.309,0.221,0.140687572700638,"8","SNHG8"
6.80598350951899e-06,0.332499947621197,0.37,0.276,0.202185352117281,"8","IFITM1"
0,2.6540704803491,0.719,0.129,0,"9","AOAH"
0,4.08967636159841,0.307,0.017,0,"9","KLRC3"
5.85783752709554e-306,2.89719780989319,0.463,0.055,1.74018779417427e-301,"9","KLRK1"
4.72549510401139e-300,2.51021572971996,0.712,0.144,1.40380283054866e-295,"9","VAV3"
5.29026178456799e-286,2.32326864740588,0.875,0.255,1.57157806834161e-281,"9","AKT3"
3.16619544462135e-267,2.84909960551414,0.536,0.089,9.40581680733664e-263,"9","IFNG-AS1"
4.9309485834791e-246,2.09785653029138,0.643,0.131,1.46483689569413e-241,"9","IKZF2"
4.97075499210128e-216,2.06677920212703,0.847,0.306,1.47666218550353e-211,"9","PITPNC1"
4.53320682431378e-181,2.28154720725275,0.534,0.122,1.3466797512989e-176,"9","NELL2"
3.52871425196066e-174,2.09472437292457,0.544,0.127,1.04827514282995e-169,"9","BACH2"
1.14732739415878e-172,1.87310405911826,0.652,0.176,3.4083654898275e-168,"9","XIST"
1.19563066003083e-168,1.86052222768487,0.678,0.198,3.55186000175358e-164,"9","LINC01619"
6.84092152546097e-168,2.51803819666777,0.399,0.073,2.03223255756869e-163,"9","DGKD"
4.71358970257763e-166,2.53003752576154,0.352,0.057,1.40026609294474e-161,"9","AC093865.1"
6.48182480340066e-159,2.26114850006017,0.437,0.092,1.92555569434623e-154,"9","RIN3"
6.93567161988914e-159,2.90880314263765,0.308,0.047,2.06037996812047e-154,"9","EPHA4"
1.60682978103191e-150,1.73527582494467,0.766,0.294,4.77340923051151e-146,"9","SSH2"
7.17608192900761e-150,2.14817941252682,0.532,0.144,2.13179865865029e-145,"9","LEF1"
9.88594751125158e-150,1.59053967100011,0.766,0.271,2.93681842716751e-145,"9","CASK"
4.93989840182722e-147,1.62920092052456,0.809,0.339,1.46749561823081e-142,"9","PARP8"
7.59653225662476e-146,2.21549155244431,0.395,0.08,2.25670183747552e-141,"9","HIP1"
5.17720423540177e-143,1.81479048351663,0.607,0.18,1.5379920622108e-138,"9","NCALD"
4.82723805774028e-141,1.29785492002281,0.957,0.514,1.43402760981291e-136,"9","ARHGAP15"
2.1664173086087e-139,1.48519531270657,0.861,0.397,6.43577589868388e-135,"9","ZBTB20"
9.90038924806782e-139,2.09485773171982,0.549,0.163,2.94110863392351e-134,"9","ESYT2"
2.11677132083901e-136,1.87728526147723,0.542,0.151,6.28829256281645e-132,"9","TRERF1"
3.12139642126253e-131,1.85562685256173,0.537,0.154,9.27273234864459e-127,"9","SFMBT2"
3.68155557130375e-128,2.44977397887839,0.277,0.046,1.0936797135672e-123,"9","GAS7"
1.68462745521616e-127,1.45591255525562,0.754,0.286,5.00452278121063e-123,"9","MAML2"
3.63248568309665e-127,1.83649542140178,0.622,0.218,1.07910252187752e-122,"9","DENND4A"
1.43050130312082e-126,1.24659578155957,0.922,0.456,4.24959022118101e-122,"9","SKAP1"
1.03502917844645e-125,1.42478028696202,0.737,0.269,3.07476118041087e-121,"9","DPYD"
1.60072730707446e-124,1.49035632937351,0.783,0.346,4.75528061112609e-120,"9","CBLB"
2.55553559179751e-123,1.24672205245095,0.939,0.516,7.59172958255287e-119,"9","MBNL1"
4.02797533016902e-123,1.71201376331595,0.537,0.157,1.19659063133331e-118,"9","ATP8A1"
6.14976132528341e-122,2.15156648458401,0.366,0.08,1.82690959690194e-117,"9","SAMD12"
1.1105177643385e-117,2.15228487923219,0.438,0.119,3.2990151225204e-113,"9","TRG-AS1"
9.34351634644954e-117,1.72327137642944,0.666,0.253,2.77567840103977e-112,"9","SIK3"
3.70419175046878e-115,1.42395837309691,0.667,0.242,1.10040424331176e-110,"9","PDE3B"
2.18332701259916e-114,1.6884872379707,0.629,0.234,6.48600955632833e-110,"9","RPS6KA3"
4.16173534823721e-112,1.36751039293099,0.816,0.41,1.23632671990083e-107,"9","TNRC6B"
3.80067145784162e-111,1.79790229513614,0.555,0.195,1.12906546998101e-106,"9","UBAC2"
2.11328852885958e-109,1.79347766471213,0.506,0.157,6.27794623268315e-105,"9","PRRC2B"
1.36514588339016e-104,2.32372648085197,0.276,0.054,4.05543887578715e-100,"9","PRKN"
1.52238533010539e-104,1.56011337048529,0.667,0.279,4.52255010014407e-100,"9","ATM"
1.44494210244494e-101,1.59824255424632,0.581,0.213,4.2924895037332e-97,"9","NLRC5"
1.53515081530751e-99,1.83944894607754,0.445,0.132,4.56047252703401e-95,"9","ZDHHC20"
6.33773734030361e-97,1.54102540078396,0.555,0.194,1.88275163168399e-92,"9","NIBAN1"
5.33528876679477e-95,2.44876736151019,0.256,0.051,1.58495423395172e-90,"9","SEPTIN11"
4.98858225898655e-94,1.19306011120407,0.754,0.342,1.48195813167714e-89,"9","UTRN"
1.30505637577352e-93,1.69573154296114,0.437,0.129,3.87693097551039e-89,"9","VWA8"
1.46365965592381e-93,1.79828865735818,0.432,0.13,4.34809373985287e-89,"9","ZNF652"
8.83183906236034e-93,1.67736217379469,0.51,0.18,2.62367443025539e-88,"9","OGT"
1.36207815201792e-91,1.3655771480506,0.653,0.265,4.04632556619963e-87,"9","LPP"
1.39210551773187e-90,1.3355823977633,0.61,0.235,4.13552786152607e-86,"9","MED13L"
1.6478431285492e-89,1.64623710779432,0.412,0.12,4.8952475819811e-85,"9","CLASP2"
1.59139469823428e-88,1.39008924708727,0.603,0.231,4.72755623004458e-84,"9","TCF12"
1.98745347272817e-88,1.33245950126013,0.629,0.256,5.90412803143357e-84,"9","SMYD3"
3.5683729891494e-88,1.55072875412726,0.51,0.178,1.06005656388661e-83,"9","SIPA1L1"
8.66652268413284e-88,1.49684540403749,0.532,0.193,2.57456389377534e-83,"9","RICTOR"
1.72382229685433e-87,1.22284974556784,0.766,0.402,5.12095889726517e-83,"9","PRKCH"
5.08544440671686e-87,1.10513268547655,0.799,0.402,1.51073296990338e-82,"9","ANKRD44"
9.38358306688713e-86,1.19834319955286,0.652,0.263,2.78758102168016e-81,"9","PCNX1"
9.69268464579684e-86,1.35692693676913,0.577,0.217,2.87940582772687e-81,"9","FBXL17"
2.71586030650783e-85,1.56858395761898,0.475,0.16,8.0680062125428e-81,"9","MGAT5"
3.15751669590068e-85,1.06272871258189,0.735,0.318,9.38003484851215e-81,"9","LRBA"
5.77022099029083e-85,1.3074917156344,0.591,0.226,1.7141595495857e-80,"9","CDKAL1"
1.9715716278588e-84,1.52406060091277,0.518,0.186,5.85694783488015e-80,"9","KDM6A"
1.56002329108412e-83,1.20474083993487,0.766,0.426,4.6343611908236e-79,"9","PIP4K2A"
4.39079014711989e-83,1.2512737445312,0.53,0.184,1.30437202900491e-78,"9","AC079793.1"
5.54276278223188e-83,1.42560461933201,0.575,0.229,1.64658853971763e-78,"9","MBD5"
7.41442890446831e-83,1.14009789906282,0.669,0.278,2.2026043946504e-78,"9","FTX"
7.50943491128336e-82,1.74677810970894,0.447,0.156,2.23082782909495e-77,"9","PRKACB"
1.08531534674116e-80,1.5314821830996,0.426,0.136,3.22414630056398e-76,"9","SEPTIN7"
1.54267542161905e-80,1.12610901868859,0.664,0.287,4.58282587500371e-76,"9","DOCK10"
7.06390983688238e-80,1.62258912502543,0.347,0.095,2.09847569524265e-75,"9","UST"
9.23615098182305e-80,1.8922608857392,0.305,0.078,2.74378337217017e-75,"9","DISC1"
1.43137206605369e-79,1.82158426757107,0.438,0.156,4.2521769966257e-75,"9","SCML4"
1.57244102621182e-79,1.59194737481991,0.456,0.156,4.67125055656746e-75,"9","CAMKMT"
3.86363451455434e-79,1.72885867886186,0.308,0.079,1.14776990523866e-74,"9","SNTB1"
7.20915308052877e-79,1.65494658246935,0.419,0.138,2.14162310563268e-74,"9","STAU2"
1.89101629643652e-78,0.930267900713955,0.795,0.386,5.61764211182398e-74,"9","RABGAP1L"
2.71762115508707e-78,1.18638079468016,0.626,0.262,8.07323716541716e-74,"9","FAM172A"
1.36025215707502e-77,1.43604183515562,0.516,0.196,4.04090108302275e-73,"9","RAPGEF6"
2.09225586640936e-77,1.34539436402088,0.579,0.248,6.21546450234227e-73,"9","SAMD3"
3.23653335640586e-77,1.95671662052369,0.262,0.061,9.61476964187488e-73,"9","MVB12B"
1.67933770294885e-76,1.45246990660948,0.544,0.226,4.98880851415016e-72,"9","PCM1"
6.77825633093578e-76,1.1879255361604,0.622,0.263,2.01361660823109e-71,"9","KLF12"
9.66515182797942e-76,1.60731033667391,0.385,0.119,2.87122665353785e-71,"9","BBS9"
2.16449503187702e-75,1.96604613568536,0.328,0.096,6.43006539119708e-71,"9","TRGC2"
9.74916955845772e-75,1.44929140915455,0.579,0.268,2.89618580073103e-70,"9","EMB"
1.23120276171946e-74,1.27995598826346,0.612,0.268,3.65753404423999e-70,"9","PICALM"
1.96617696322097e-74,1.50133123666087,0.421,0.14,5.84092190464055e-70,"9","PATJ"
3.28202435525299e-74,1.14756439329348,0.617,0.261,9.74990975215006e-70,"9","STAG1"
3.36413626357991e-74,1.21759460964172,0.565,0.222,9.99383959821684e-70,"9","TBC1D5"
1.29372613345595e-73,1.2973264429867,0.542,0.219,3.84327222465759e-69,"9","JAZF1"
1.89418895013866e-73,1.25178328271715,0.62,0.278,5.62706711417692e-69,"9","PAN3"
2.35886046493354e-73,1.20621045173286,0.588,0.242,7.00746678317807e-69,"9","VPS13B"
2.58771350113497e-73,1.16830481871169,0.598,0.246,7.68732049782164e-69,"9","EXOC4"
2.61040968570185e-73,1.28012933923359,0.646,0.32,7.75474405331448e-69,"9","CD96"
3.00224656173237e-73,1.46236528906401,0.456,0.163,8.91877386093836e-69,"9","PLCL2"
3.39355015543223e-73,1.75959912961588,0.334,0.098,1.00812194467425e-68,"9","BAZ2B"
4.13923420499631e-73,1.32199347328836,0.504,0.192,1.22964230527825e-68,"9","ARHGAP26"
8.72782686697441e-73,1.48573153315263,0.425,0.144,2.59277552737209e-68,"9","ERC1"
1.52347007614176e-72,1.20645242060404,0.562,0.225,4.52577255519433e-68,"9","ARL15"
1.63377003243391e-72,1.24022896298974,0.607,0.27,4.85344063535142e-68,"9","USP34"
2.33524869378748e-72,1.57663257707576,0.359,0.109,6.93732329463446e-68,"9","ABCC1"
3.53589391019749e-72,1.75461904910498,0.322,0.092,1.05040800390237e-67,"9","MPP7"
5.18624788684867e-72,1.29004440393834,0.52,0.203,1.54067865974613e-67,"9","SOS1"
1.49581124539592e-71,1.2186355041805,0.607,0.266,4.44360646669767e-67,"9","ZFAND3"
6.77681124430399e-71,1.04784796602732,0.719,0.358,2.01318731634538e-66,"9","FOXN3"
3.60644282172601e-70,1.23756782044501,0.553,0.228,1.07136596905015e-65,"9","EPB41"
3.68159676527105e-70,1.26423983952775,0.598,0.276,1.09369195105907e-65,"9","CCDC91"
3.8322297608078e-70,0.830610764941378,0.913,0.696,1.13844049504317e-65,"9","PTPRC"
1.23282612335596e-69,1.35284835856808,0.501,0.197,3.66235656465356e-65,"9","COP1"
2.78126233728413e-69,1.41097081640819,0.445,0.16,8.26229602536997e-65,"9","CLASP1"
5.28196951946261e-69,1.07786300865149,0.64,0.284,1.56911468514676e-64,"9","BIRC6"
7.52327944664342e-69,1.69199175506684,0.302,0.084,2.23494062521436e-64,"9","SOS2"
1.40009449981552e-68,1.55295685100252,0.343,0.105,4.15926073060197e-64,"9","SSBP2"
7.14890371267975e-68,1.30999136244959,0.503,0.199,2.12372482592577e-63,"9","DYRK1A"
3.33649528969492e-67,1.56581420124755,0.381,0.129,9.91172655709669e-63,"9","PPP2R2B"
1.5042833585485e-66,1.77870747780255,0.267,0.07,4.46877457324003e-62,"9","PDE8A"
2.34174835875491e-66,1.47017448628926,0.447,0.168,6.9566318493532e-62,"9","SCAPER"
2.72370432228989e-66,1.06572293717967,0.671,0.328,8.09130843022659e-62,"9","ARID1B"
6.32852175982726e-66,1.3072676014885,0.395,0.132,1.88001395919188e-61,"9","EXOC6B"
1.23921671668052e-65,1.37835408458042,0.438,0.16,3.68134110024282e-61,"9","RAD51B"
1.77188349244262e-65,1.85431069074054,0.288,0.082,5.26373429099928e-61,"9","TSPOAP1-AS1"
2.77313517771438e-65,1.32438916388369,0.605,0.31,8.2381526724361e-61,"9","CNOT6L"
4.41175209834386e-65,1.30957006022858,0.445,0.165,1.31059919585501e-60,"9","PPP1R16B"
5.89557479279593e-65,1.35692998096363,0.445,0.167,1.75139840369589e-60,"9","KIAA1109"
1.15207367008404e-64,1.9491990347777,0.272,0.076,3.42246525171864e-60,"9","CA5B"
1.85432427498985e-64,1.47369836624247,0.426,0.16,5.50864112371235e-60,"9","ATP11B"
3.30001849804863e-64,1.43162496696354,0.458,0.177,9.80336495215305e-60,"9","CDC14A"
4.87337508706373e-64,1.19599710059601,0.536,0.226,1.44773353711402e-59,"9","HERC1"
5.74273851915918e-64,1.03669056111022,0.662,0.321,1.70599533188662e-59,"9","DOCK8"
5.81805072405738e-64,1.87433990619268,0.262,0.07,1.72836832859573e-59,"9","FER"
1.25145543426048e-63,1.31711201530124,0.456,0.178,3.71769865855761e-59,"9","PRKCA"
4.07716175921898e-63,1.24062433217768,0.399,0.136,1.21120244381118e-58,"9","GPHN"
8.67085653933634e-63,1.38769660863361,0.383,0.133,2.57585135214065e-58,"9","CMIP"
9.76735631205925e-63,1.5176069007728,0.393,0.14,2.90158853962344e-58,"9","ATAD2B"
1.56704029268399e-62,1.27327156375752,0.477,0.188,4.65520659747633e-58,"9","BCAS3"
2.16523289970937e-62,1.30743695044533,0.513,0.222,6.43225737516663e-58,"9","NFATC3"
3.84660990870677e-62,1.08917351396029,0.693,0.395,1.14271240557952e-57,"9","AKAP13"
1.05426868958401e-61,1.36923866407896,0.395,0.14,3.13191599614721e-57,"9","TNKS"
1.67653604764353e-61,1.18784257352869,0.532,0.228,4.98048563673462e-57,"9","FAF1"
1.99978798364722e-61,1.07086246144153,0.603,0.282,5.94077016302078e-57,"9","MACF1"
2.26062219032726e-61,1.04720115666597,0.584,0.263,6.71563034080519e-57,"9","PDE7A"
4.55359846644261e-61,1.44931822120556,0.393,0.142,1.35273749642611e-56,"9","MAN2A1"
6.51133815682552e-61,1.14101277010943,0.525,0.218,1.93432322624816e-56,"9","VTI1A"
1.0284752252978e-60,1.19328511363553,0.527,0.224,3.05529135179218e-56,"9","HERC4"
1.43067737338937e-60,1.54912632831572,0.395,0.149,4.2501132731278e-56,"9","PHF3"
2.89804401487626e-60,1.29801020545058,0.437,0.166,8.6092193549929e-56,"9","PCNX2"
3.23767248422752e-60,1.34327855080656,0.437,0.167,9.61815364889469e-56,"9","USP25"
3.87422073362276e-60,1.61357837506971,0.336,0.112,1.15091475333731e-55,"9","RAB3GAP1"
5.03216273228325e-60,0.968807163104475,0.738,0.442,1.49490458287938e-55,"9","CELF2"
1.36655337774446e-59,1.23002167372027,0.464,0.185,4.05962011926548e-55,"9","KDM4C"
1.11008619766396e-58,1.5204157583701,0.4,0.154,3.29773306740033e-54,"9","JPX"
1.11170072044612e-58,1.25695572052324,0.523,0.234,3.30252933022927e-54,"9","TBL1XR1"
6.69081795651728e-58,1.70294028086514,0.329,0.111,1.98764129034259e-53,"9","MAP3K1"
8.34199290089948e-58,1.24763654294737,0.466,0.19,2.47815583107021e-53,"9","FRYL"
1.40547007657198e-57,1.51888563368601,0.348,0.122,4.17522995647239e-53,"9","GPR174"
2.56968864803109e-57,1.22850759124508,0.544,0.261,7.63377406670597e-53,"9","CCSER2"
2.79519114657192e-57,1.38147581584546,0.456,0.192,8.3036743391212e-53,"9","ZNF148"
6.81201059045511e-57,1.16402147909091,0.523,0.233,2.0236439861065e-52,"9","KMT2C"
6.81528444394787e-57,1.40604126363671,0.407,0.159,2.02461654976359e-52,"9","TNRC6C"
8.08373695400607e-57,1.23647578304753,0.541,0.271,2.40143573692658e-52,"9","MBP"
1.27916514229642e-56,1.05872269605314,0.541,0.242,3.80001588821998e-52,"9","DOCK2"
1.6091430067092e-56,1.34580858203379,0.475,0.208,4.78028113003102e-52,"9","USP3"
1.67499077564796e-56,1.08286804314811,0.541,0.247,4.97589509721741e-52,"9","RASA2"
4.36745522530648e-56,1.38881118615844,0.426,0.173,1.2974399237818e-51,"9","PTPRA"
5.78200900118892e-56,1.35076005738781,0.399,0.153,1.71766141398319e-51,"9","LNPEP"
1.0823413456816e-55,1.11412091867832,0.508,0.22,3.21531143561634e-51,"9","ZCCHC7"
1.70193268539896e-55,1.34118353465273,0.444,0.184,5.0559314285147e-51,"9","PREX1"
3.71236463079997e-55,1.02188765127662,0.558,0.262,1.10283216087175e-50,"9","TC2N"
3.91580459038392e-55,1.1041054377303,0.47,0.194,1.16326806966535e-50,"9","CARD11"
5.92178452482574e-55,1.43148296974939,0.376,0.14,1.75918452878998e-50,"9","ITCH"
8.10492305920516e-55,1.03106048148366,0.579,0.284,2.40772949319808e-50,"9","JMJD1C"
9.27889963866533e-55,1.14278804525354,0.466,0.191,2.75648271565831e-50,"9","TBC1D22A"
2.91838188839726e-54,1.49072651511107,0.347,0.125,8.66963707586173e-50,"9","PRKX"
3.63397580022669e-54,1.20650319337168,0.451,0.187,1.07954519097334e-49,"9","ITPR2"
4.96171636460699e-54,1.44066213857267,0.336,0.117,1.4739770804338e-49,"9","RALGAPA2"
5.36162131283967e-54,1.26797344710148,0.425,0.172,1.59277684340528e-49,"9","TNRC6A"
7.34380387311201e-54,0.994459159399068,0.549,0.243,2.18162381658538e-49,"9","PCED1B"
7.85962756855544e-54,1.28663102050282,0.492,0.228,2.33485956179077e-49,"9","WAC"
1.21600914281056e-53,1.13233952368388,0.534,0.249,3.61239836054732e-49,"9","NIPBL"
1.63322915111976e-53,1.22039007866635,0.468,0.199,4.85183383923147e-49,"9","ADK"
2.93212024702157e-53,1.05059089872434,0.494,0.208,8.71044961782699e-49,"9","NCOA2"
4.14198260989657e-53,1.3006699641993,0.348,0.122,1.23045877392197e-48,"9","SNHG14"
5.13080680521235e-53,1.58433896205562,0.289,0.093,1.52420877762443e-48,"9","SYTL2"
5.35457817627662e-53,1.33838948090064,0.352,0.126,1.59068453882649e-48,"9","FOXJ3"
5.61330680661413e-53,1.04366550537331,0.601,0.315,1.66754505304086e-48,"9","DDX17"
1.46405319309456e-52,1.2015673192745,0.423,0.17,4.349262820726e-48,"9","WWOX"
1.71637352786362e-52,1.01466037145801,0.523,0.239,5.09883083922445e-48,"9","CAMK4"
2.28245633151001e-52,1.25824592468152,0.477,0.221,6.7804930240168e-48,"9","SLC38A1"
2.46302665317768e-52,1.32069857715863,0.421,0.177,7.31691327859492e-48,"9","TUT4"
3.11342877659522e-52,1.20102793240325,0.48,0.211,9.24906286663143e-48,"9","VPS13C"
4.48166098112453e-52,1.48558106238782,0.329,0.117,1.33136702766266e-47,"9","TOP2B"
5.50062450921183e-52,1.54589416484123,0.281,0.089,1.63407052295156e-47,"9","LMBR1"
6.5595702607799e-52,1.50994133186908,0.383,0.155,1.94865153736988e-47,"9","STT3B"
8.90066262022188e-52,1.5767265298209,0.296,0.098,2.64411984458931e-47,"9","TPP2"
1.23401641321797e-51,0.9248143975851,0.617,0.314,3.66589255874663e-47,"9","CHST11"
1.26285953418254e-51,1.48782405601415,0.291,0.095,3.75157681819608e-47,"9","PCCA"
1.82852060590472e-51,1.28750912067821,0.399,0.157,5.43198616396116e-47,"9","UBR2"
2.23464730758136e-51,1.04220636334012,0.501,0.219,6.63846675663195e-47,"9","ZEB1"
2.25526348532392e-51,1.12816636228013,0.458,0.196,6.69971123585177e-47,"9","KAT6A"
3.98687811830369e-51,1.4349817699188,0.343,0.125,1.18438188260448e-46,"9","PSME4"
5.69287452786308e-51,1.34559910192963,0.331,0.116,1.69118223599228e-46,"9","XKR6"
6.49309610171025e-51,1.50744325200147,0.296,0.098,1.92890405893507e-46,"9","MYO9A"
8.78137489176445e-51,1.17333649097563,0.451,0.193,2.60868303909647e-46,"9","STAG2"
1.21834916812468e-50,1.32636370867492,0.397,0.159,3.61934987374797e-46,"9","PKN2"
1.63880120765506e-50,1.40289682435948,0.404,0.169,4.8683867475809e-46,"9","CHD9"
2.95752649162973e-50,1.55041186192709,0.305,0.106,8.78592394868442e-46,"9","TNKS2"
1.23916762707619e-49,1.11141003215972,0.503,0.234,3.68119526975523e-45,"9","EPS15"
1.63029138579914e-49,1.3676925392995,0.378,0.152,4.8431066197935e-45,"9","GPCPD1"
2.5084170056084e-49,1.22894606101995,0.43,0.182,7.45175439856086e-45,"9","FBXO11"
2.52214774304598e-49,1.18816520181838,0.617,0.379,7.4925443002667e-45,"9","STK17B"
3.60346189669064e-49,1.17291239402501,0.484,0.224,1.07048042564989e-44,"9","CDK13"
4.15485205753601e-49,1.59385153701757,0.296,0.102,1.23428190073222e-44,"9","PBX3"
5.14484864184139e-49,1.0237883698327,0.468,0.202,1.52838018603182e-44,"9","PUM2"
1.09281745652009e-48,1.47855381847702,0.281,0.092,3.24643281808424e-44,"9","SBF2"
1.17593786656485e-48,1.05526744243536,0.497,0.229,3.4933586202042e-44,"9","CEP85L"
1.22417613134411e-48,1.44746310122326,0.334,0.124,3.63666003338395e-44,"9","FAM214A"
1.41256689741179e-48,1.32197719833752,0.364,0.141,4.1963124821412e-44,"9","ZNF609"
1.61758727211559e-48,1.2213059909665,0.373,0.143,4.80536650927378e-44,"9","ATP9B"
4.53073825827109e-48,1.20834259009549,0.416,0.172,1.34594641438459e-43,"9","ARFGEF1"
7.97184401756882e-48,1.14919152155962,0.432,0.185,2.36819570229917e-43,"9","GSK3B"
1.02604834764733e-47,1.17584231427104,0.416,0.172,3.04808182635593e-43,"9","PHC3"
1.05859978345872e-47,1.42130606546532,0.277,0.091,3.14478237672083e-43,"9","C22orf34"
1.24909438406426e-47,1.60161639793727,0.272,0.091,3.71068468673971e-43,"9","TXK"
1.31117363933496e-47,1.46084519317873,0.324,0.12,3.89510353037238e-43,"9","SLC16A7"
2.97713908539883e-47,1.21215075737591,0.345,0.128,8.8441870809943e-43,"9","DOCK9"
4.1125919112343e-47,0.955352216884958,0.584,0.304,1.22172767907037e-42,"9","ASH1L"
6.26825783752716e-47,0.946699810615028,0.432,0.181,1.86211135579419e-42,"9","ITGA4"
9.97951436693544e-47,1.2058730380765,0.421,0.182,2.96461433298551e-42,"9","IMMP2L"
3.23596613139504e-46,1.10086736737264,0.411,0.169,9.61308458653525e-42,"9","CAMK2D"
3.62186389066995e-46,0.850872362334537,0.659,0.378,1.07594710600132e-41,"9","EML4"
3.65134119236858e-46,1.14382826725554,0.386,0.156,1.08470392801693e-41,"9","RNF38"
5.3285307830908e-46,1.15937117628132,0.418,0.179,1.58294663973279e-41,"9","MKLN1"
1.04503892861925e-45,1.09343762226947,0.463,0.212,3.10449714524922e-41,"9","ARAP2"
1.13895564088203e-45,1.19581348875116,0.378,0.151,3.38349552236825e-41,"9","MON2"
2.10878795126477e-45,0.950606353066322,0.504,0.242,6.26457636682224e-41,"9","PRKCB"
3.88360884361026e-45,1.33593927014832,0.388,0.165,1.1537036791713e-40,"9","RBM26"
4.85434991279427e-45,1.04930681234152,0.456,0.201,1.44208172859379e-40,"9","PPP6R3"
6.61135118130601e-45,1.57853781732657,0.293,0.106,1.96403409543058e-40,"9","SEL1L3"
7.42129254279893e-45,1.44355010017491,0.282,0.098,2.20464337568928e-40,"9","KIAA0825"
1.02224864902827e-44,1.17515939572215,0.411,0.178,3.03679406166827e-40,"9","GATAD2B"
5.35643255634251e-44,1.14043505214151,0.395,0.166,1.59123541951267e-39,"9","FCHSD2"
9.31282419338381e-44,0.736855029313336,0.653,0.361,2.76656068312853e-39,"9","RIPOR2"
1.01124632337625e-43,1.28357144304961,0.315,0.116,3.00410945285383e-39,"9","LINC01578"
1.22597120557947e-43,1.20369544251336,0.442,0.208,3.64199266041493e-39,"9","SUCLG2"
1.26764629196076e-43,1.19367550897134,0.357,0.143,3.76579683952783e-39,"9","SPPL3"
1.33689456737488e-43,1.35308886472337,0.295,0.107,3.97151269130057e-39,"9","WDPCP"
1.88813313064195e-43,1.21089483867514,0.383,0.161,5.60907709119804e-39,"9","AP3B1"
1.93669836401552e-43,1.2815539827497,0.295,0.105,5.75334982998091e-39,"9","XYLT1"
1.96441819347051e-43,0.935954194922241,0.565,0.302,5.83569712734285e-39,"9","IQGAP2"
2.59131286783631e-43,1.34602856709569,0.262,0.088,7.69801313648133e-39,"9","NR3C2"
3.34101989314377e-43,0.926637424736306,0.579,0.31,9.92516779656218e-39,"9","MYCBP2"
3.40168809075207e-43,1.50793148021925,0.253,0.084,1.01053948111972e-38,"9","MAP2K4"
6.23305714434232e-43,0.993744792983933,0.381,0.153,1.85165428586977e-38,"9","RESF1"
1.39035092520377e-42,1.19502936375096,0.393,0.173,4.13031549350283e-38,"9","CDK17"
1.87964891009525e-42,1.3647463199824,0.305,0.114,5.58387301721997e-38,"9","PTBP2"
2.18275650400736e-42,1.40405426413096,0.355,0.153,6.48431474645465e-38,"9","NFKB1"
3.34921136713462e-42,0.948775588233917,0.466,0.209,9.94950220834683e-38,"9","BTBD9"
8.11530597522832e-42,1.21148266510133,0.397,0.175,2.41081394606108e-37,"9","CUL3"
1.04940994592767e-41,1.34752902811462,0.348,0.145,3.11748212636734e-37,"9","MAP3K2"
1.05899988849619e-41,1.58539010688569,0.253,0.088,3.14597096875564e-37,"9","FBXO34"
1.09688904717241e-41,1.16760444222334,0.412,0.185,3.25852829243507e-37,"9","ACAP2"
1.7106320086291e-41,1.53271733509646,0.303,0.12,5.08177450803447e-37,"9","AHI1"
1.78330561747328e-41,1.23712510236321,0.31,0.117,5.29766599782788e-37,"9","STXBP5"
1.87617139949984e-41,1.30887340229911,0.369,0.16,5.57354237649417e-37,"9","PRDM2"
2.28321548119063e-41,1.35027020410142,0.296,0.111,6.78274822997301e-37,"9","CDR2"
2.70700230218004e-41,1.02425079824395,0.438,0.201,8.04169173908623e-37,"9","R3HDM2"
2.87194838431364e-41,1.14693250672564,0.388,0.168,8.53169706528054e-37,"9","PUM1"
3.04800140160676e-41,1.2975622167657,0.334,0.137,9.0546977637532e-37,"9","RB1CC1"
4.23532796702216e-41,1.28110452537264,0.319,0.126,1.25818887916327e-36,"9","DDHD1"
6.23818871411428e-41,1.30769175665154,0.343,0.143,1.85317872130193e-36,"9","RSRC1"
7.03440641339865e-41,1.26004511305516,0.3,0.112,2.08971111322834e-36,"9","AVL9"
7.11971583100117e-41,1.12207157572864,0.402,0.177,2.11505398191552e-36,"9","ANKHD1"
1.06577926456913e-40,1.30828921609532,0.314,0.122,3.16611046125553e-36,"9","SUPT3H"
1.10768515843245e-40,1.50574984520235,0.258,0.091,3.29060030015529e-36,"9","YLPM1"
1.20709525631959e-40,1.16137167923994,0.34,0.137,3.5859178779486e-36,"9","GMDS"
1.26861345297443e-40,1.12703409198002,0.399,0.175,3.76866998475113e-36,"9","STIM1"
1.35450641727959e-40,0.963671891848816,0.477,0.226,4.02383221381248e-36,"9","NCOA1"
2.45581803177958e-40,0.950468604828604,0.433,0.197,7.29549862700761e-36,"9","ANKRD17"
2.47246069951514e-40,1.31436971254315,0.293,0.111,7.34493900004963e-36,"9","ZNF721"
3.20678551023255e-40,1.15128137302312,0.354,0.145,9.52639771524782e-36,"9","PPP6R2"
3.29007999840447e-40,1.19664595356356,0.373,0.16,9.77384065126016e-36,"9","TRIP12"
4.56000586616337e-40,1.23837521946727,0.289,0.106,1.35464094266115e-35,"9","LINC01138"
5.11179513920625e-40,1.53165514567424,0.256,0.09,1.518560982004e-35,"9","CDYL"
1.14521433914238e-39,1.23978637788766,0.357,0.153,3.40208823729027e-35,"9","PPP3R1"
1.23607085764385e-39,0.842671758222688,0.631,0.381,3.67199569680257e-35,"9","FNBP1"
1.33761889664303e-39,1.26997010972415,0.3,0.115,3.97366445625745e-35,"9","FAM13B"
1.86495428429164e-39,1.15226848103343,0.34,0.138,5.54021969234517e-35,"9","GTDC1"
2.04446772811424e-39,1.17030299817313,0.428,0.203,6.07350027990896e-35,"9","ZMYM2"
2.27153578503413e-39,1.08197057582295,0.503,0.274,6.7480513566009e-35,"9","PPP1R12A"
4.33968623082037e-39,1.31135375291734,0.381,0.179,1.28919058858981e-34,"9","MARCH6"
4.88693608987862e-39,0.801413208718141,0.537,0.268,1.45176210422024e-34,"9","ELMO1"
4.96336061213989e-39,1.25827401697032,0.371,0.167,1.4744655370484e-34,"9","PRPF4B"
7.73043833234123e-39,1.13943921782751,0.376,0.164,2.29648131538861e-34,"9","DLG1"
9.87261576119385e-39,1.05359146878378,0.348,0.143,2.93285796417786e-34,"9","ZNF407"
1.47997605885579e-38,1.22236361725051,0.333,0.137,4.3965648780429e-34,"9","WDR70"
1.60953531707119e-38,0.934372346668503,0.588,0.36,4.78144656642337e-34,"9","ETS1"
1.86440986661077e-38,1.13407648103361,0.369,0.16,5.53860239074062e-34,"9","PHF21A"
2.23869306939278e-38,0.932861781554353,0.48,0.244,6.65048550124513e-34,"9","RBMS1"
2.25996191672236e-38,1.056730942473,0.392,0.175,6.71366886600713e-34,"9","SENP7"
2.31859016647827e-38,1.21327204564593,0.364,0.16,6.887835807557e-34,"9","DYM"
2.50247452395933e-38,1.33692521308895,0.333,0.143,7.43410106832597e-34,"9","MAPK1"
2.54380001755216e-38,1.4001453007457,0.26,0.094,7.55686671214221e-34,"9","TLK2"
2.60830172584727e-38,1.37998822773839,0.288,0.112,7.74848193697448e-34,"9","POU2F1"
2.63161305252113e-38,1.18278537674009,0.34,0.142,7.81773289512452e-34,"9","FARS2"
3.11583154475087e-38,1.13927359084344,0.357,0.153,9.25620076999141e-34,"9","PIK3CD"
4.53848777245882e-38,1.37649883677972,0.39,0.191,1.34824856256434e-33,"9","RAB11A"
5.40638126909037e-38,0.901136650904584,0.451,0.213,1.60607368360868e-33,"9","PACS1"
1.56537036986792e-37,1.20587161117486,0.267,0.097,4.65024575776662e-33,"9","CUX1"
1.9021372073039e-37,1.20556915431975,0.3,0.118,5.65067900173769e-33,"9","SIDT1"
2.35919256506887e-37,1.41786988209799,0.262,0.096,7.00845335305008e-33,"9","ASB3"
2.5944504559966e-37,1.33644087083276,0.302,0.121,7.7073339696291e-33,"9","USP33"
2.90854818328165e-37,1.00846370349371,0.4,0.178,8.64042408807481e-33,"9","TRAPPC9"
3.31726856921767e-37,1.26683510221749,0.302,0.121,9.85460973857492e-33,"9","MYO9B"
3.82893880444571e-37,1.40186178533338,0.256,0.095,1.13746285063669e-32,"9","GNPTAB"
4.44197722693067e-37,1.17176820999745,0.406,0.199,1.31957817480429e-32,"9","LUC7L2"
5.38478066485757e-37,1.21841903425222,0.293,0.114,1.59965679210924e-32,"9","DIP2B"
1.36493399073749e-36,1.28207618429735,0.343,0.153,4.05480940628386e-32,"9","UBE3A"
1.79125128900484e-36,1.25299929296834,0.374,0.176,5.32127020424667e-32,"9","WDR33"
2.07948034111993e-36,0.976374557425364,0.416,0.197,6.17751224936498e-32,"9","FBXW7"
2.37827742190392e-36,1.18122528213657,0.348,0.152,7.06514873724998e-32,"9","SGMS1"
3.13396341450209e-36,1.27358133792442,0.352,0.16,9.31006511546137e-32,"9","PPM1B"
3.3460322499242e-36,1.32183174800066,0.276,0.106,9.94005800484983e-32,"9","ITPKB"
3.58809885933611e-36,0.977905303433215,0.312,0.123,1.06591652814298e-31,"9","AC068587.4"
3.60269677708232e-36,1.20920358234338,0.321,0.134,1.07025313156785e-31,"9","USP9X"
4.03332657310518e-36,0.969287396095492,0.392,0.177,1.19818032507236e-31,"9","XRN1"
4.90141988783552e-36,1.21856907376767,0.289,0.113,1.4560648060793e-31,"9","ATG7"
6.04578517105739e-36,1.10289599756771,0.324,0.134,1.79602140076602e-31,"9","VPS13D"
6.88520544238644e-36,1.16792364252336,0.421,0.213,2.04538798076974e-31,"9","ABI1"
9.77337078008999e-36,1.19392608314604,0.34,0.147,2.90337525764133e-31,"9","RFX3"
1.05309140653088e-35,1.12967835276839,0.328,0.138,3.12841864138129e-31,"9","SCAF8"
1.30995591250903e-35,1.22091600546349,0.281,0.108,3.89148602929059e-31,"9","SPATA5"
1.56953163723579e-35,0.983181871733658,0.406,0.188,4.66260763473636e-31,"9","SPIDR"
1.71242967863569e-35,1.23269047881548,0.328,0.142,5.08711484632303e-31,"9","LCOR"
4.16045699579808e-35,1.13442698132198,0.319,0.134,1.23594695974174e-30,"9","TRIM33"
4.25991629334942e-35,1.19997219491902,0.341,0.152,1.26549333326531e-30,"9","STIM2"
5.08593941354335e-35,1.263879458576,0.322,0.14,1.51088002158132e-30,"9","PPP4R3B"
5.84657027632108e-35,1.32736758782764,0.258,0.097,1.7368406319867e-30,"9","ARMH3"
1.43319556992081e-34,1.11204365365912,0.282,0.11,4.25759407956374e-30,"9","SEPTIN9"
1.81274684116887e-34,1.26363642160314,0.279,0.112,5.38512704106035e-30,"9","ACYP2"
2.572987385919e-34,0.966416420255988,0.428,0.211,7.64357362734957e-30,"9","TTC17"
2.65392266496118e-34,0.935534191847439,0.412,0.195,7.88400806080018e-30,"9","FUT8"
2.83477265303238e-34,1.32798212422887,0.263,0.103,8.42125912036329e-30,"9","SFI1"
3.06881410175326e-34,1.29940964426377,0.262,0.101,9.11652605207841e-30,"9","MAP2K5"
3.27853856064424e-34,1.01223505323924,0.345,0.151,9.73955450210584e-30,"9","DIAPH2"
3.49517200664891e-34,1.07533852716672,0.352,0.159,1.03831074801519e-29,"9","LRRC8C"
3.84394862087945e-34,1.1262615979233,0.279,0.109,1.14192181680466e-29,"9","LARP4B"
4.96189318158894e-34,1.01661688218002,0.34,0.148,1.47402960745463e-29,"9","TMEM131L"
5.93777839144381e-34,0.973612820094649,0.419,0.209,1.76393582674621e-29,"9","CCM2"
6.57594738016921e-34,1.28646629291577,0.281,0.114,1.95351668822687e-29,"9","NIN"
6.94179800806018e-34,1.0445103091071,0.412,0.207,2.06219993425444e-29,"9","GOLGA4"
8.22872150480142e-34,1.05419415989849,0.34,0.149,2.44450629743136e-29,"9","STK39"
1.33419865186655e-33,1.19599688005274,0.281,0.112,3.96350393509995e-29,"9","TMEM131"
1.570448118418e-33,1.30565460471839,0.265,0.105,4.66533022538434e-29,"9","MAPK14"
2.05455527195247e-33,1.15383547239326,0.319,0.138,6.10346734638919e-29,"9","COMMD10"
2.60987828450357e-33,1.08272964158753,0.331,0.144,7.75316541977476e-29,"9","CREBBP"
2.88782266004559e-33,0.799389323484137,0.411,0.194,8.57885477619744e-29,"9","PRKCQ"
4.58728098247908e-33,1.23111057683635,0.362,0.175,1.36274356146506e-28,"9","SAMHD1"
4.78591478043602e-33,1.35298614261787,0.286,0.12,1.42175170382413e-28,"9","CUL5"
7.67391069566559e-33,0.964648489903968,0.348,0.155,2.27968865036138e-28,"9","WWP1"
8.21118723388161e-33,1.14227535706031,0.303,0.129,2.43929739156921e-28,"9","RC3H1"
8.45137958227506e-33,1.32597243006624,0.27,0.11,2.51065133250645e-28,"9","R3HDM1"
9.60530070321827e-33,0.980959397196102,0.426,0.219,2.85344667990505e-28,"9","ZNF292"
1.13930553587267e-32,0.964636118122015,0.39,0.19,3.38453495541695e-28,"9","KDM2A"
1.25960912382997e-32,0.978320769230491,0.409,0.203,3.74192082416168e-28,"9","GLG1"
1.98980207077473e-32,0.774740824668424,0.633,0.428,5.91110501165049e-28,"9","FYB1"
2.22605472296809e-32,0.965694101784579,0.473,0.263,6.61294076552131e-28,"9","CHD2"
2.24498621263422e-32,1.16946207600381,0.343,0.157,6.66918054187249e-28,"9","SMG1"
3.05409131409574e-32,1.16771671172114,0.416,0.222,9.07278906678422e-28,"9","ATP2B1"
3.25736810401417e-32,0.881160235278759,0.529,0.309,9.67666342659489e-28,"9","ANKRD11"
3.47664997081096e-32,1.02538755551146,0.409,0.208,1.03280840682881e-27,"9","BRAF"
3.82519044966274e-32,0.976384372078656,0.515,0.312,1.13634932688131e-27,"9","WIPF1"
5.55129502768981e-32,0.707514125746512,0.679,0.471,1.64912321387581e-27,"9","FYN"
5.85898918855721e-32,1.08277083629768,0.321,0.141,1.74052991824469e-27,"9","ANKRD36"
6.17853669358825e-32,1.07978807571522,0.326,0.145,1.83545789556426e-27,"9","SMARCC1"
6.64764509637771e-32,1.16310475767125,0.27,0.109,1.97481592878093e-27,"9","UBR3"
8.45272085149126e-32,1.04867808144073,0.286,0.117,2.51104978335251e-27,"9","WDR7"
9.6359925366506e-32,1.03896928154908,0.367,0.176,2.86256430286279e-27,"9","ZNF644"
9.73118910232113e-32,1.24262370624699,0.253,0.098,2.89084434662654e-27,"9","FAM120B"
1.44220758629151e-31,1.00310217027638,0.34,0.152,4.28436607659617e-27,"9","UBR5"
1.62045901830898e-31,1.17431986025206,0.27,0.11,4.8138976056905e-27,"9","XPO6"
1.77557633148663e-31,1.08669697270321,0.333,0.152,5.27470460794734e-27,"9","EHMT1"
2.16173015414329e-31,0.854194951031442,0.631,0.457,6.42185176891347e-27,"9","PPP2R5C"
2.50960581885231e-31,0.831909672720011,0.678,0.527,7.45528600606455e-27,"9","CD44"
3.12652108780815e-31,1.51577796970221,0.258,0.108,9.28795619555168e-27,"9","SFXN1"
3.22891353847527e-31,1.20853031177453,0.319,0.143,9.59213344874849e-27,"9","ST6GAL1"
3.29795580360969e-31,0.806675209199229,0.489,0.266,9.79723730578329e-27,"9","KANSL1"
3.7206871147028e-31,0.877573946693755,0.336,0.148,1.10530452116476e-26,"9","RASA1"
4.19286913254319e-31,1.25884205947855,0.35,0.171,1.24557563320461e-26,"9","RAB8B"
4.34047311694152e-31,1.15936404724562,0.302,0.133,1.28942434884982e-26,"9","SORL1"
4.50568193371865e-31,0.997900444137069,0.31,0.134,1.3385029320498e-26,"9","TRPM7"
5.67411010183419e-31,1.00752436074136,0.414,0.214,1.68560788795188e-26,"9","PIAS1"
6.02721618737039e-31,0.881689088658973,0.395,0.193,1.79050511278212e-26,"9","ITFG1"
7.12533625676971e-31,1.28717449379085,0.251,0.101,2.11672364179858e-26,"9","INO80D"
8.44543991398442e-31,1.06429218753576,0.369,0.178,2.50888683524735e-26,"9","NCOA3"
9.40222069498395e-31,1.47192366319429,0.253,0.104,2.79311770185888e-26,"9","SS18"
9.76424960342938e-31,1.18288217741907,0.289,0.124,2.90066562969076e-26,"9","PPP3CB"
1.5514399895551e-30,1.15628497202294,0.258,0.104,4.60886277697134e-26,"9","NPEPPS"
1.69363790741346e-30,1.23461764764367,0.269,0.112,5.03129013155316e-26,"9","RABEP1"
2.31354738736535e-30,1.26783152110564,0.385,0.206,6.87285522364626e-26,"9","PIK3R1"
2.42406156632326e-30,1.00766068302608,0.369,0.181,7.20115969507652e-26,"9","DIAPH1"
3.08858112696515e-30,0.915251117743533,0.338,0.154,9.17524795387538e-26,"9","ASCC3"
3.68844039107415e-30,1.20430723796439,0.262,0.108,1.0957249869764e-25,"9","SENP5"
3.69221678833134e-30,1.09290960978446,0.343,0.162,1.09684684130959e-25,"9","BRWD1"
3.97086544257263e-30,1.27117642134038,0.296,0.133,1.17962499702505e-25,"9","WDR26"
4.10471560190131e-30,1.2577208323459,0.284,0.124,1.21938786385682e-25,"9","SNX14"
4.16793821174174e-30,1.11963467526398,0.328,0.153,1.23816940456212e-25,"9","RBM33"
4.20996928300694e-30,1.03670864411095,0.383,0.193,1.25065557490287e-25,"9","TENT2"
4.44405611574941e-30,1.16448380106997,0.315,0.147,1.32019575030568e-25,"9","FUBP1"
7.34557186579389e-30,1.22313153511588,0.289,0.127,2.18214903417139e-25,"9","CHD6"
7.80719703289853e-30,1.03908433476084,0.296,0.129,2.31928402256317e-25,"9","MEF2A"
8.08667547961644e-30,1.00329431293816,0.454,0.251,2.40230868472966e-25,"9","PPP3CA"
1.22677149549549e-29,0.616288814112834,0.666,0.454,3.64437008166844e-25,"9","CDC42SE2"
1.31969761104256e-29,0.986466013560944,0.354,0.172,3.92042569312413e-25,"9","USP47"
1.72601355452818e-29,0.991178833985131,0.334,0.156,5.12746846643685e-25,"9","SETX"
2.67878181610929e-29,1.23084943857855,0.255,0.105,7.95785714111588e-25,"9","ATF6"
3.11730259401106e-29,0.914925435486236,0.388,0.194,9.26057081602866e-25,"9","ERBIN"
3.64303686673424e-29,0.909995828195408,0.359,0.175,1.08223696200074e-24,"9","JARID2"
4.37520085989261e-29,1.12023050514168,0.376,0.199,1.2997409194483e-24,"9","NAP1L4"
4.55722798268007e-29,1.13490646977341,0.312,0.14,1.35381571681477e-24,"9","AFF1"
5.78777152157957e-29,1.00745223839881,0.289,0.125,1.71937328591564e-24,"9","USP24"
6.38353299225638e-29,1.46133514476299,0.253,0.109,1.8963561460096e-24,"9","MAPRE2"
7.19906488842314e-29,1.06320761365573,0.279,0.118,2.13862620640386e-24,"9","CCNY"
8.28182883209008e-29,0.769284919063689,0.536,0.336,2.460282891149e-24,"9","SP100"
8.5014900499177e-29,1.15496614160988,0.286,0.126,2.52553764912905e-24,"9","CBFA2T2"
1.13521148248472e-28,0.957020113049933,0.288,0.123,3.37237275101736e-24,"9","SCFD2"
1.60702388542735e-28,0.984990090502624,0.308,0.138,4.77398585643902e-24,"9","FTO"
1.61474856462303e-28,0.937600578271442,0.258,0.104,4.79693356092564e-24,"9","MRTFA"
1.99650548373348e-28,0.950618849018123,0.355,0.174,5.93101884052704e-24,"9","SENP6"
2.34582273220908e-28,0.813092779161115,0.579,0.392,6.96873559057351e-24,"9","N4BP2L2"
5.79792597329943e-28,0.637154619117825,0.591,0.369,1.72238986888806e-23,"9","SYNE2"
5.94432136825283e-28,1.20498598907542,0.253,0.106,1.76587954886687e-23,"9","EFR3A"
7.94435726331094e-28,0.943573066695356,0.385,0.201,2.36003021221178e-23,"9","GPATCH8"
8.75036178076979e-28,1.06339374155175,0.282,0.124,2.59946997421328e-23,"9","BICRAL"
9.18639798375821e-28,1.02610468577892,0.347,0.172,2.72900324903505e-23,"9","ATP2B4"
9.7741377522742e-28,0.972273052925886,0.307,0.138,2.9036031020681e-23,"9","SMG6"
9.80189266379755e-28,1.14631899573334,0.274,0.119,2.91184825363434e-23,"9","SMURF2"
1.1840410000609e-27,1.08088587346106,0.302,0.137,3.51743059888093e-23,"9","AGO3"
1.28469922496859e-27,0.933061513846675,0.435,0.247,3.81645598761418e-23,"9","CYTH1"
1.54396882965728e-27,0.980766345757209,0.34,0.164,4.58666820226289e-23,"9","RPS6KA5"
1.79946538562998e-27,0.932728470978574,0.331,0.157,5.34567182109097e-23,"9","MAP4"
2.67218485407479e-27,0.887782400434274,0.35,0.17,7.93825954599997e-23,"9","MAP4K4"
2.82071948086431e-27,1.03940464790693,0.291,0.13,8.37951136180361e-23,"9","DENND4C"
2.97501526472957e-27,1.03302131998228,0.373,0.198,8.83787784693212e-23,"9","PPP3CC"
3.20477475430179e-27,1.2326946339898,0.282,0.13,9.52042436260434e-23,"9","RNF13"
5.18137517849362e-27,1.03183405651479,0.416,0.236,1.5392311242751e-22,"9","BBX"
6.3679280853944e-27,0.944515381729497,0.371,0.19,1.89172039632811e-22,"9","ZNF638"
7.91699370217706e-27,1.13767463471492,0.286,0.132,2.35190131910574e-22,"9","CRLF3"
8.51721565881838e-27,1.01934928931482,0.272,0.119,2.53020925576518e-22,"9","ZNRF2"
1.09443999030281e-26,1.07858318262519,0.315,0.154,3.25125287919256e-22,"9","SEMA4D"
1.39731890526933e-26,0.920380202048616,0.435,0.248,4.15101527188361e-22,"9","BPTF"
1.63935307981014e-26,1.08266643357105,0.322,0.159,4.87002619419198e-22,"9","KDM5A"
2.10205643519167e-26,1.0732760150214,0.284,0.13,6.24457905202388e-22,"9","REV3L"
2.14140887362803e-26,1.02800501606109,0.34,0.17,6.36148334088679e-22,"9","HELZ"
2.22835647549972e-26,1.12794296426248,0.258,0.112,6.61977858176703e-22,"9","SPG11"
2.31466721807852e-26,1.2382459407229,0.265,0.119,6.87618190474585e-22,"9","SMAD2"
2.44828965018751e-26,0.492346648820596,0.438,0.223,7.27313406381204e-22,"9","ANK3"
2.52060802151345e-26,1.1593776467309,0.347,0.186,7.48797024951e-22,"9","ZFAND6"
2.9717749198423e-26,0.711908766576649,0.497,0.292,8.82825175437553e-22,"9","USP15"
2.99878359422315e-26,1.00295764868495,0.343,0.17,8.90848642335872e-22,"9","PDS5A"
7.07420766232168e-26,1.07992604264186,0.276,0.125,2.1015348702459e-21,"9","PDS5B"
8.65937043743298e-26,0.780263107985164,0.582,0.412,2.57243917584822e-21,"9","KMT2E"
8.76805761929582e-26,0.803580059105416,0.324,0.154,2.60472687696421e-21,"9","GNAQ"
1.23523683207161e-25,0.922234931689175,0.381,0.204,3.66951805703514e-21,"9","GNB1"
1.23785822799283e-25,1.15483279585084,0.265,0.12,3.6773054378983e-21,"9","TM9SF3"
1.25431445166279e-25,1.1292343824292,0.328,0.167,3.72619194155467e-21,"9","MDM4"
1.97201349075685e-25,1.16512178949465,0.314,0.158,5.85826047699138e-21,"9","NEMF"
2.22070513490759e-25,0.645916651904188,0.556,0.369,6.59704874426998e-21,"9","CCND3"
2.49701103077494e-25,1.06337453066021,0.27,0.121,7.4178706691231e-21,"9","FBXL20"
2.50137255442944e-25,0.900331776153029,0.291,0.134,7.43082744744354e-21,"9","ASAP1"
3.5982561483557e-25,0.730293635178117,0.435,0.246,1.06893395399203e-20,"9","RBM6"
4.18595329491433e-25,0.945456298510878,0.341,0.175,1.2435211453202e-20,"9","PTPN4"
4.29587229095284e-25,1.02512026312903,0.267,0.119,1.27617478147336e-20,"9","LRCH3"
8.50929394415172e-25,0.915139847474451,0.364,0.193,2.52785595198915e-20,"9","RALGAPA1"
8.75637895703981e-25,1.20056555641488,0.279,0.133,2.60125749676782e-20,"9","ETNK1"
9.07370911630444e-25,0.9108940977021,0.315,0.155,2.69552676718056e-20,"9","TAF15"
1.02707190956517e-24,1.07877817944824,0.284,0.135,3.05112252174525e-20,"9","SP3"
1.20022049841495e-24,1.08201016828083,0.319,0.163,3.56549503464129e-20,"9","TTC3"
1.38541254785747e-24,1.14170527968354,0.251,0.111,4.11564505592018e-20,"9","ACBD6"
1.68960313917813e-24,1.02776240158329,0.296,0.141,5.01930404555648e-20,"9","RNGTT"
2.22943708481013e-24,0.574780388887465,0.572,0.359,6.62298874784544e-20,"9","SMCHD1"
2.50888756850925e-24,0.768414023027423,0.326,0.156,7.45315229977044e-20,"9","SEPTIN6"
2.98524597820166e-24,0.91687963805307,0.324,0.162,8.86827022744368e-20,"9","NSMCE2"
3.01700682598965e-24,0.956636330917507,0.348,0.18,8.96262217796747e-20,"9","SETD2"
3.28493668005416e-24,1.01033470155498,0.307,0.15,9.75856139543689e-20,"9","MED13"
3.73739705431029e-24,1.02481451601037,0.291,0.139,1.11026854292396e-19,"9","PTBP3"
3.73769461629362e-24,0.909180405110879,0.328,0.166,1.11035693966234e-19,"9","PSPC1"
5.01701191160812e-24,0.907091694028491,0.366,0.197,1.49040372858142e-19,"9","UBE2K"
5.11028789980653e-24,0.911871708664448,0.411,0.237,1.51811322639553e-19,"9","IQGAP1"
5.12043145313415e-24,0.961209308720671,0.31,0.152,1.52112657178256e-19,"9","SETD5"
5.40869253020423e-24,0.822492194537977,0.348,0.177,1.60676028994777e-19,"9","ARID2"
1.27837585485487e-23,0.94522828063296,0.402,0.232,3.79767115201736e-19,"9","ROCK1"
1.5744517662014e-23,1.09081497252552,0.274,0.13,4.67722386185451e-19,"9","ADNP"
1.65104590780823e-23,0.934080633851141,0.352,0.188,4.90476207832591e-19,"9","SYNRG"
2.25064176176396e-23,0.972385390830485,0.354,0.193,6.6859814816722e-19,"9","ITSN2"
2.67413081589645e-23,0.778115220438371,0.435,0.253,7.94404041478359e-19,"9","OGA"
2.9513283369289e-23,0.938030687208384,0.272,0.125,8.76751109051469e-19,"9","RNF111"
3.68931416332676e-23,0.846865715272548,0.322,0.161,1.09598455849948e-18,"9","FNDC3A"
4.24491342456566e-23,0.728439830109879,0.433,0.249,1.26103643103572e-18,"9","GLS"
4.78703932059994e-23,0.732777531636199,0.312,0.153,1.42208577097063e-18,"9","SERINC5"
7.14584837230431e-23,1.1528507175595,0.305,0.159,2.12281717596044e-18,"9","CNOT4"
7.81094565536238e-23,0.808175534419793,0.321,0.161,2.3203976258385e-18,"9","FLI1"
7.90857355343217e-23,0.865750130285435,0.381,0.216,2.34939994551809e-18,"9","PHIP"
8.51960863053143e-23,0.829133550020087,0.411,0.239,2.53092013587197e-18,"9","TAOK3"
1.29429368584094e-22,0.819199802253139,0.288,0.136,3.84495825252769e-18,"9","PIBF1"
1.64866486341289e-22,0.703675865432792,0.386,0.211,4.89768870974067e-18,"9","NEK7"
1.90713448821917e-22,0.983897124128535,0.258,0.12,5.66552442415269e-18,"9","GATAD2A"
2.33489361534873e-22,0.923048605467968,0.25,0.112,6.93626846311648e-18,"9","SUMF1"
2.70069911223506e-22,0.927434022626322,0.282,0.135,8.0229668527167e-18,"9","ANKIB1"
2.83389620243283e-22,1.02869716520588,0.277,0.134,8.4186554485672e-18,"9","CEP350"
2.93112496990103e-22,1.01496862943627,0.27,0.129,8.70749294808498e-18,"9","UHRF2"
3.06876644341134e-22,1.01118298664911,0.305,0.154,9.11638447344208e-18,"9","KAT6B"
3.08225489873769e-22,1.08860433802187,0.314,0.167,9.15645462768007e-18,"9","DNAJB14"
4.6333795325557e-22,0.776193248645257,0.395,0.22,1.37643805773632e-17,"9","MSI2"
5.46841524857936e-22,0.681854831409502,0.373,0.195,1.62450211789547e-17,"9","COG5"
7.61728250484497e-22,1.09397324058086,0.265,0.129,2.2628661137143e-17,"9","TMOD3"
7.7027770159964e-22,0.978691518547634,0.256,0.119,2.28826396814205e-17,"9","NBAS"
7.8890457200479e-22,0.696989440503268,0.355,0.184,2.34359881205463e-17,"9","SLFN12L"
1.05264700213891e-21,0.907728299250181,0.341,0.185,3.12709844925406e-17,"9","KMT2A"
1.16127607982718e-21,0.685032114336771,0.534,0.355,3.44980285034261e-17,"9","CLEC2D"
1.33282509776168e-21,1.03388211595484,0.274,0.135,3.95942351792062e-17,"9","PCGF5"
1.61934063222886e-21,0.821200816711036,0.425,0.254,4.81057521616226e-17,"9","RNF19A"
2.25740596149115e-21,0.768837655009076,0.355,0.196,6.70607588980175e-17,"9","CELF1"
2.74401505451309e-21,0.747146616506089,0.458,0.288,8.15164552244204e-17,"9","ATRX"
2.96242021957505e-21,0.752719895438844,0.34,0.179,8.80046174629159e-17,"9","MLLT3"
3.12014844325151e-21,1.00979474325759,0.3,0.156,9.26902498036725e-17,"9","PPP2R5E"
3.34149252784374e-21,1.00604545134209,0.36,0.209,9.9265718524654e-17,"9","AHNAK"
3.43387501247185e-21,1.10685515131292,0.265,0.132,1.02010124995501e-16,"9","RNF115"
6.14270843124317e-21,0.890567029538185,0.307,0.158,1.82481439366941e-16,"9","NSD1"
7.18898759674832e-21,1.01881539813762,0.322,0.176,2.13563254536602e-16,"9","MECP2"
9.95053391745506e-21,0.851630432763741,0.362,0.206,2.95600511085838e-16,"9","LCP2"
1.02364451747871e-20,0.8070521453208,0.272,0.13,3.040940768074e-16,"9","RFX7"
1.43869047599206e-20,0.945841327919207,0.269,0.132,4.27391779702963e-16,"9","UVRAG"
1.53953395261319e-20,0.789185905875977,0.565,0.428,4.57349351302799e-16,"9","STK4"
2.1748719076628e-20,0.934582982321381,0.256,0.124,6.46089197609387e-16,"9","UBR1"
2.5915886625352e-20,0.935684767255523,0.319,0.171,7.69883243979332e-16,"9","MARK3"
4.47118086112095e-20,0.829243805115844,0.537,0.404,1.3282536984132e-15,"9","ELF1"
6.21600247067364e-20,0.980214415746548,0.256,0.125,1.84658785396302e-15,"9","UMAD1"
7.63538123700115e-20,0.896313069795318,0.25,0.12,2.26824270407593e-15,"9","GIGYF2"
7.9770325528889e-20,0.755247002930406,0.468,0.309,2.36973706048671e-15,"9","JAK1"
8.04070562997415e-20,0.980096971972201,0.281,0.145,2.38865242149642e-15,"9","STX8"
1.44447017235109e-19,0.859183996737104,0.258,0.125,4.29108754100339e-15,"9","STRN3"
1.50960440847834e-19,0.875023203399581,0.326,0.176,4.4845818162666e-15,"9","RERE"
1.75936053270757e-19,0.844934794510189,0.326,0.177,5.22653233451438e-15,"9","DENND1B"
1.78116118373418e-19,0.884725129648448,0.289,0.149,5.29129552851912e-15,"9","RAP1GDS1"
2.09189992248706e-19,1.01892773120396,0.256,0.128,6.21440709973231e-15,"9","RNF216"
2.23416885983371e-19,0.758599323416034,0.445,0.283,6.637045431908e-15,"9","NR3C1"
2.30066293283673e-19,0.874893984451916,0.272,0.136,6.83457937457808e-15,"9","XPO1"
2.42214685710564e-19,0.873073934329937,0.31,0.167,7.19547166840371e-15,"9","BABAM2"
3.00339548859878e-19,1.02252178967068,0.274,0.143,8.9221869779804e-15,"9","MICU2"
3.26888970798326e-19,0.973452987411642,0.255,0.127,9.71089065550586e-15,"9","CNOT1"
4.32184733929209e-19,0.66080277321331,0.373,0.213,1.2838911890835e-14,"9","STK10"
7.10779773482545e-19,0.973115893938618,0.303,0.17,2.1115134730846e-14,"9","PTPN22"
8.26895629346712e-19,0.83654658089124,0.371,0.221,2.45645884610028e-14,"9","PAFAH1B1"
1.05950611073262e-18,0.816507207854996,0.291,0.153,3.14747480315338e-14,"9","CAB39"
1.1922913514637e-18,0.768538303638285,0.38,0.224,3.54193991779322e-14,"9","ITK"
1.29558889985077e-18,0.735352521597215,0.35,0.195,3.84880594478668e-14,"9","SLC4A7"
2.26484516439929e-18,0.936804664118544,0.267,0.139,6.72817552988098e-14,"9","COA1"
2.33145702319949e-18,0.873928868747238,0.376,0.237,6.92605937881872e-14,"9","KTN1"
2.46005191512467e-18,0.99527152372059,0.26,0.136,7.30807622426086e-14,"9","PPP4R3A"
3.45829251549716e-18,0.918273609340766,0.253,0.126,1.02735495757874e-13,"9","TAOK1"
3.52243852372142e-18,0.93175572133703,0.347,0.207,1.04641081224192e-13,"9","SMAP2"
3.91202813704416e-18,0.83680775204439,0.27,0.139,1.16214619867171e-13,"9","TGFBR2"
4.34089051186998e-18,0.849821330647828,0.329,0.19,1.28954834436122e-13,"9","CNOT2"
4.77038537882457e-18,0.94826253352669,0.25,0.125,1.41713838448742e-13,"9","HECTD1"
6.84935479668499e-18,0.886867220234481,0.362,0.222,2.03473782945121e-13,"9","RSF1"
7.03468107270549e-18,0.877445271769812,0.34,0.199,2.08979270626862e-13,"9","ANKRD28"
1.07416658635772e-17,0.732105202695459,0.289,0.153,3.19102667809289e-13,"9","DOCK11"
1.34637674351844e-17,0.277503741939486,0.43,0.252,3.99968139197023e-13,"9","TOX"
1.53477985425111e-17,0.745528315764564,0.43,0.288,4.55937051302376e-13,"9","NCOR1"
2.91801561234958e-17,0.463770040486769,0.62,0.466,8.66854897960689e-13,"9","ANKRD12"
3.38423658267558e-17,1.00453955037727,0.262,0.14,1.00535516161544e-12,"9","KIAA2026"
3.57884537257595e-17,0.740343407032628,0.338,0.196,1.06316759483114e-12,"9","RBL2"
5.15174559729144e-17,0.926065637689072,0.27,0.146,1.53042906458737e-12,"9","ZFR"
6.51352738877108e-17,0.813205713143765,0.409,0.271,1.93497358138223e-12,"9","NKTR"
8.3620015937312e-17,0.363548438414968,0.584,0.405,2.48409981344973e-12,"9","FOXP1"
9.17990642387925e-17,1.09786530266332,0.255,0.139,2.72707480134181e-12,"9","CHIC2"
1.20765972227382e-16,0.611242869611915,0.506,0.37,3.58759473695884e-12,"9","FAM49B"
1.25452888418231e-16,0.69794070156151,0.314,0.176,3.72682895624038e-12,"9","INPP5D"
1.31368112546254e-16,0.827508038836897,0.34,0.202,3.90255251941156e-12,"9","OSBPL8"
1.60908231886586e-16,0.801676144110686,0.447,0.328,4.78010084465481e-12,"9","PRRC2C"
1.83409445166571e-16,0.783586131557181,0.25,0.128,5.44854438756332e-12,"9","ANKH"
2.11467755991665e-16,0.839444800164283,0.357,0.228,6.2820726272444e-12,"9","RUNX3"
2.72147425383135e-16,0.9169729529075,0.277,0.155,8.0846835658568e-12,"9","MIER1"
3.38890292081813e-16,0.703254916407448,0.272,0.144,1.00674139068744e-11,"9","MLLT10"
4.86896035017711e-16,0.608829358498316,0.314,0.173,1.44642205122711e-11,"9","EIF4G3"
4.88952211239506e-16,0.73734337474258,0.286,0.158,1.4525303339292e-11,"9","URI1"
5.28800565901707e-16,0.887784324898501,0.281,0.159,1.5709078411242e-11,"9","ZRANB2"
7.47852012710045e-16,0.772581551485942,0.303,0.175,2.22164397415773e-11,"9","CCDC88C"
7.6969984890763e-16,0.71222432239942,0.272,0.147,2.2865473411499e-11,"9","SND1"
7.87024930509737e-16,0.816513340027763,0.27,0.148,2.33801496106528e-11,"9","KIF2A"
1.05213613875931e-15,0.897501747153115,0.256,0.138,3.12558082741229e-11,"9","ST8SIA4"
1.26695690908735e-15,0.692258812384571,0.284,0.156,3.7637488898258e-11,"9","THADA"
1.80544935674008e-15,0.756013152629013,0.286,0.16,5.36344840406775e-11,"9","ADAM10"
3.41844670879635e-15,0.649599080753131,0.421,0.282,1.01551796378213e-10,"9","EPC1"
3.45193993041586e-15,0.84916631792256,0.272,0.152,1.02546779512864e-10,"9","IFNAR2"
6.36563927243137e-15,1.0297044445726,0.25,0.14,1.89104045866119e-10,"9","AC114760.2"
6.72701852994326e-15,0.591046788455767,0.293,0.162,1.99839539469024e-10,"9","TAB2"
1.1592974782311e-14,0.864404894396453,0.281,0.163,3.44392501858112e-10,"9","PTEN"
1.27368964420605e-14,0.909562839257906,0.279,0.164,3.78374982604291e-10,"9","YAF2"
1.78679999663785e-14,0.753968722102245,0.251,0.137,5.30804675001205e-10,"9","NLRP1"
1.80765275784722e-14,0.644304531183747,0.352,0.221,5.36999404773674e-10,"9","MYO1F"
2.21797220102537e-14,0.565825186937563,0.31,0.178,6.58893001758608e-10,"9","GPRIN3"
3.35709896856988e-14,0.681614885985696,0.364,0.237,9.97293390593053e-10,"9","LSM14A"
5.42893755188357e-14,0.902092996838423,0.274,0.162,1.61277447853805e-09,"9","ELOVL5"
6.625226412337e-14,0.476053300946774,0.605,0.477,1.96815601031295e-09,"9","HNRNPH1"
9.74365354433558e-14,0.641130182997899,0.53,0.432,2.89454715841577e-09,"9","HNRNPC"
1.20054076726659e-13,0.484468409442767,0.343,0.206,3.56644645731886e-09,"9","SYNE1"
1.26045110747708e-13,0.524109692147352,0.334,0.2,3.74442210498217e-09,"9","GLCCI1"
2.88891224596792e-13,0.963433475839339,0.279,0.175,8.5820916090969e-09,"9","KPNB1"
3.68607747623465e-13,0.583442386555929,0.315,0.188,1.09502303586503e-08,"9","NFAT5"
5.53639856931297e-13,0.788316446624151,0.354,0.241,1.6446979229858e-08,"9","SCAF11"
5.64400819054602e-13,0.785839282550168,0.289,0.18,1.67666551316551e-08,"9","PHF20"
5.79560995452444e-13,0.485467545163517,0.317,0.187,1.72170184919058e-08,"9","HIVEP2"
6.65545319506489e-13,0.923555162725356,0.277,0.173,1.97713548065793e-08,"9","YTHDC1"
1.3066742078444e-12,0.564512631059503,0.466,0.35,3.88173706924336e-08,"9","RAP1A"
1.96778037166722e-12,0.662740038305039,0.478,0.373,5.84568515011182e-08,"9","ARID4B"
2.68624637441655e-12,0.649906930739765,0.47,0.361,7.98003210447925e-08,"9","RAP1B"
2.99562230266399e-12,0.806606408559217,0.312,0.204,8.8990951745239e-08,"9","CAST"
3.73310440013659e-12,0.90034894878243,0.286,0.185,1.10899332414858e-07,"9","PPHLN1"
3.90600546435713e-12,0.460889424124281,0.298,0.176,1.16035704329657e-07,"9","CAMK1D"
4.70294643182658e-12,0.849121476500819,0.279,0.176,1.39710429650272e-07,"9","SRSF4"
4.99343574212255e-12,0.487471829655042,0.374,0.243,1.48339995591235e-07,"9","SRPK2"
6.56685171840223e-12,0.869054524367381,0.302,0.198,1.95081463998575e-07,"9","PRMT2"
7.5826808807192e-12,0.851478994019173,0.289,0.186,2.25258700923525e-07,"9","THRAP3"
1.02811926100338e-11,0.836297587687792,0.256,0.155,3.05423388866274e-07,"9","MARCH7"
1.21569219023055e-11,0.765606106273183,0.302,0.198,3.61145678951788e-07,"9","RBPJ"
1.47136464101618e-11,0.569404322808048,0.295,0.181,4.37098293906676e-07,"9","RASGRP1"
1.61131610842139e-11,0.701951707444332,0.314,0.206,4.78673676328743e-07,"9","AKNA"
1.69663659317423e-11,0.781294930454845,0.289,0.183,5.04019832734267e-07,"9","TMC8"
2.07172093436345e-11,0.450486662729287,0.308,0.188,6.15446137971351e-07,"9","ETV6"
2.1697199918478e-11,0.675499176990623,0.38,0.278,6.44558717978227e-07,"9","PDCD4"
3.22836073135591e-11,0.302590917398148,0.373,0.235,9.590491224639e-07,"9","FOXO1"
5.58520976488213e-11,0.677523150263789,0.4,0.298,1.65919826485353e-06,"9","LRRFIP1"
6.84551118103428e-11,0.441651994099994,0.402,0.279,2.03359600654985e-06,"9","TNFAIP8"
1.06328440148055e-10,0.330495315833762,0.326,0.201,3.15869897147828e-06,"9","PAM"
1.08694895411128e-10,0.817042634442828,0.265,0.17,3.22899925797839e-06,"9","HNRNPD"
1.30222651738369e-10,0.970770298959676,0.25,0.162,3.86852431519172e-06,"9","TCF7"
1.43822727214676e-10,0.772261910047271,0.263,0.167,4.27254175736638e-06,"9","CASP8"
1.84880812609934e-10,0.821879544083175,0.298,0.203,5.49225430020332e-06,"9","RAB2A"
2.25613156903876e-10,0.68356308751477,0.262,0.165,6.70229005214345e-06,"9","FNBP4"
2.53036063483005e-10,0.872202592450318,0.276,0.187,7.51694233788964e-06,"9","FNIP1"
3.12341430611946e-10,0.618520278642555,0.334,0.233,9.27872687918909e-06,"9","FAM107B"
3.89734870963797e-10,0.571742096129951,0.253,0.154,1.15778538117215e-05,"9","ZNF831"
4.93566945822557e-10,0.716010938800496,0.288,0.192,1.46623932595507e-05,"9","DNAJC1"
5.71305781314739e-10,0.47435498733597,0.364,0.254,1.6971780845517e-05,"9","AC245297.3"
6.92670081159933e-10,0.415372577367411,0.262,0.159,2.05771501010181e-05,"9","MAN1A2"
7.41281640350039e-10,0.429923151187043,0.367,0.251,2.20212536898786e-05,"9","STAT4"
1.58815882588713e-09,0.361141547268728,0.336,0.219,4.71794342406291e-05,"9","ATF7IP"
3.52556920318322e-09,0.646838015999914,0.274,0.184,0.000104734084318964,"9","UPF2"
3.75670208987638e-09,0.643663468996781,0.343,0.251,0.000111600348983957,"9","ARIH1"
3.88158465096156e-09,0.709802529502347,0.326,0.237,0.000115310235226115,"9","ACTR2"
5.12072552841908e-09,0.710989436853796,0.276,0.189,0.000152121393272746,"9","BCLAF1"
5.94029540184523e-09,0.599387990494144,0.334,0.243,0.000176468355502616,"9","TRA2A"
7.37986714004391e-09,0.856885874567981,0.284,0.203,0.000219233713129284,"9","TLE4"
7.47089771498959e-09,0.610699096246317,0.281,0.19,0.000221937958419196,"9","DDX6"
8.37106612020055e-09,0.605675557414365,0.445,0.372,0.000248679261232798,"9","STK17A"
8.62548752405351e-09,0.734876172605099,0.251,0.168,0.000256237357877058,"9","GRB2"
1.30835277282919e-08,0.61003574983478,0.345,0.252,0.000388672358224366,"9","CFLAR"
1.68082080919021e-08,0.284464216537704,0.303,0.2,0.000499321437786136,"9","ITGAL"
2.03540730628339e-08,0.374484815413804,0.267,0.173,0.000604658448477605,"9","PDE4D"
2.83447290700226e-08,0.890327184663233,0.277,0.203,0.000842036866483162,"9","NUCKS1"
3.8686049892061e-08,0.682093777197488,0.312,0.228,0.00114924648414346,"9","ZNF207"
3.99714917172505e-08,0.422442500583055,0.289,0.191,0.00118743310444436,"9","MDFIC"
2.44429132518111e-07,0.487976921664329,0.302,0.216,0.00726125623971553,"9","LYST"
2.82552740122546e-07,0.394813738091773,0.286,0.196,0.00839379425082047,"9","ARHGEF3"
5.18588515648344e-07,0.283848473429313,0.454,0.369,0.0154057090343654,"9","RNF213"
5.55074274197262e-07,0.578225311682814,0.269,0.193,0.0164895914635781,"9","GCC2"
6.10266030914498e-07,0.665941728323805,0.296,0.224,0.018129172980377,"9","XRCC5"
6.70284525867321e-07,0.404118606695574,0.31,0.221,0.0199121424099405,"9","TLK1"
6.7831425049729e-07,0.674835576135512,0.286,0.211,0.020150681439523,"9","CHD1"
1.22016688468455e-06,0.346300327957533,0.397,0.314,0.036247497643324,"9","RHOH"
1.70489005377745e-06,0.324410615953113,0.253,0.169,0.0506471688275668,"9","MYO5A"
1.96519034575726e-06,0.573112483129832,0.359,0.293,0.0583799096014108,"9","LUC7L3"
2.22189294684927e-06,0.533022334854651,0.331,0.259,0.0660057737720514,"9","AKAP9"
2.40265537789937e-06,0.595812655820631,0.281,0.213,0.0713756833112566,"9","DHX36"
2.40601301903979e-06,0.711511030534604,0.25,0.182,0.071475428756615,"9","RAB1A"
2.52640034510731e-06,0.445794343460155,0.397,0.329,0.0750517750521027,"9","SRSF11"
3.68048099675123e-06,0.338361873651843,0.355,0.267,0.109336048970489,"9","APBB1IP"
6.30925701939369e-06,0.457532661610602,0.298,0.225,0.187429098275128,"9","CCNH"
1.04112334304714e-05,0.601820806518967,0.315,0.258,0.309286511519014,"9","CSNK1A1"
1.33752959456833e-05,0.35101396342295,0.25,0.175,0.397339916658413,"9","NCK2"
2.23306838324627e-05,0.515326714303656,0.262,0.198,0.663377624610969,"9","CYLD"
2.27149960007075e-05,0.398974069053497,0.305,0.234,0.674794386193017,"9","TANK"
7.02003940287617e-05,0.537755702902416,0.3,0.241,1,"9","NSD3"
9.86919488511984e-05,0.333907442705129,0.397,0.335,1,"9","ARID5B"
0.000230074295773943,0.500525677679557,0.331,0.293,1,"9","UBE2D2"
0.000414013056930555,0.357488847121652,0.395,0.348,1,"9","ARGLU1"
0.000629401187452444,0.252970410851239,0.383,0.323,1,"9","SH3KBP1"
0.000789779910926077,0.500520495915138,0.312,0.27,1,"9","PNISR"
0.0014483361256069,0.516528102506745,0.317,0.28,1,"9","GNAS"
0.0020366697115617,0.349769350415517,0.345,0.308,1,"9","GPBP1"
0.00317536357088684,0.493328940577179,0.253,0.219,1,"9","TAX1BP1"
0.00452945021518147,0.429317035925485,0.276,0.242,1,"9","SF3B1"
0.00902714753106941,0.353744162797958,0.265,0.234,1,"9","SRRM2"
0,3.56405490265592,0.589,0.082,0,"10","MCTP2"
0,4.87187744153141,0.51,0.03,0,"10","ATP8B4"
0,5.86210339173881,0.439,0.018,0,"10","NCAM1"
0,4.26462042518445,0.413,0.044,0,"10","AFF3"
0,4.56375331890892,0.347,0.024,0,"10","MAML3"
8.34853524445211e-225,3.20479602378374,0.487,0.09,2.48009936506939e-220,"10","RIN3"
2.27319277652332e-218,2.54425858843908,0.672,0.178,6.75297378121781e-214,"10","NCALD"
2.60500793890265e-218,3.46528707811534,0.342,0.043,7.73869708409812e-214,"10","GAS7"
1.37299590868724e-200,2.60612186357975,0.522,0.109,4.07875894593719e-196,"10","PLCB1"
1.15031392433916e-199,3.18255889004252,0.45,0.085,3.41723757503433e-195,"10","TXK"
1.97018291291822e-195,3.77672110319135,0.293,0.035,5.85282237940615e-191,"10","PLCG2"
1.92376488846444e-192,3.708970499684,0.325,0.045,5.71492835416131e-188,"10","PTPN12"
2.96701540038053e-169,3.46107397021839,0.289,0.039,8.81411264991043e-165,"10","LRMDA"
6.20641764557534e-164,2.93155824389897,0.325,0.05,1.84374048997107e-159,"10","KCNQ5"
5.61798381497034e-161,2.96673938510026,0.363,0.065,1.66893445191324e-156,"10","LINC00299"
5.34846263333671e-146,2.13310902737643,0.54,0.151,1.58886779448534e-141,"10","VAV3"
2.89741434133558e-145,2.44754557433522,0.508,0.138,8.60734878380561e-141,"10","AOAH"
2.74787149627031e-123,2.89812782024043,0.305,0.058,8.16310185397022e-119,"10","AC008014.1"
1.46833216565438e-119,2.02727503543618,0.621,0.247,4.36197436450946e-115,"10","SAMD3"
6.53318227398306e-110,2.36415589698453,0.399,0.106,1.94081245813215e-105,"10","AUTS2"
1.23903231544781e-97,2.03140635489177,0.471,0.156,3.68079329950081e-93,"10","SFMBT2"
2.14496335135863e-94,1.63964147842481,0.649,0.288,6.37204262788108e-90,"10","DOCK10"
4.16386267951563e-92,1.57388833321921,0.617,0.257,1.23695868620371e-87,"10","SMYD3"
4.39175671748339e-90,1.31818735746757,0.753,0.388,1.30465916806279e-85,"10","RABGAP1L"
5.70779281170904e-89,1.91118870917592,0.467,0.163,1.6956140105744e-84,"10","PLCL2"
1.43378286644951e-88,2.59968412985589,0.36,0.105,4.25933876136155e-84,"10","SSBP2"
1.83140320620031e-87,2.36420771247201,0.319,0.083,5.44054950465927e-83,"10","HIP1"
2.47880905847865e-85,2.22448488588018,0.273,0.062,7.36379807002252e-81,"10","KLRK1"
1.02825106092669e-83,1.43662868860155,0.697,0.344,3.05462542669493e-79,"10","UTRN"
1.46377958790706e-81,1.03868337328245,0.871,0.519,4.34845002179551e-77,"10","MBNL1"
4.43301339672132e-74,1.49521595203126,0.584,0.268,1.316915289764e-69,"10","LPP"
7.51748927375668e-74,1.79815117797725,0.48,0.193,2.2332205385549e-69,"10","CARD11"
1.93793426940889e-73,1.95299762183055,0.37,0.121,5.75702133413299e-69,"10","FNDC3B"
2.99239682136284e-73,2.09157532636207,0.374,0.126,8.88951323722258e-69,"10","MEF2A"
3.46579741618831e-72,1.36499438394413,0.593,0.266,1.02958443842706e-67,"10","AKT3"
9.15227839245072e-72,1.51260631775667,0.545,0.238,2.71886734204534e-67,"10","MED13L"
2.61420559757319e-69,2.14076884385809,0.381,0.133,7.76602056871066e-65,"10","BACH2"
5.0947529942763e-69,1.98153916842376,0.335,0.104,1.51349827200966e-64,"10","XYLT1"
7.92241005683217e-69,1.28804663615778,0.697,0.429,2.35351035558313e-64,"10","PIP4K2A"
9.13061313121744e-69,1.88749550701887,0.4,0.146,2.71243124289076e-64,"10","STK39"
1.77437475264047e-66,1.29613029390253,0.577,0.268,5.27113507766906e-62,"10","ZFAND3"
2.64478868171649e-64,1.98853341764859,0.298,0.09,7.85687373677518e-60,"10","C22orf34"
3.23174124072452e-64,1.25375879481731,0.647,0.345,9.60053370382034e-60,"10","PARP8"
4.72317919353607e-64,1.67955810560065,0.519,0.248,1.40311484302376e-59,"10","PPP3CA"
2.68296382326764e-63,1.42404114435661,0.529,0.248,7.97028062978119e-59,"10","RASA2"
4.54946589506672e-63,1.25421313793522,0.695,0.444,1.35150983344747e-58,"10","CELF2"
5.72916458276223e-61,1.84345289763403,0.409,0.163,1.70196292260118e-56,"10","MGAT5"
1.0903169095764e-60,1.1899371245621,0.681,0.405,3.23900444327862e-56,"10","PRKCH"
7.50938926974367e-60,1.37240252399371,0.575,0.301,2.23081427036275e-55,"10","IQGAP2"
1.39449137146769e-59,1.79172213559857,0.42,0.173,4.14261551721908e-55,"10","JARID2"
7.29636656502513e-59,0.897326860769537,0.785,0.461,2.16753161547202e-54,"10","SKAP1"
1.01539543254047e-58,1.27309972503827,0.533,0.248,3.01643521144798e-54,"10","EXOC4"
1.10271010429612e-56,1.44324238072694,0.45,0.194,3.27582090683249e-52,"10","ARHGAP26"
4.51323404465305e-56,1.06063952680502,0.665,0.36,1.34074643764508e-51,"10","FOXN3"
2.27894478944128e-54,1.85204017838508,0.296,0.097,6.77006128599321e-50,"10","UST"
1.72934605243068e-53,1.22271154170314,0.561,0.276,5.13736831795583e-49,"10","DPYD"
2.41589958804111e-53,1.19357208773165,0.564,0.282,7.17691290619372e-49,"10","FTX"
2.43511688792589e-53,1.62751718157775,0.425,0.182,7.23400173896143e-49,"10","IMMP2L"
3.65112328111125e-53,1.62511891351145,0.395,0.162,1.08463919311972e-48,"10","CLASP1"
4.87739590772029e-53,1.05398110238782,0.637,0.351,1.44892800230647e-48,"10","CBLB"
5.16957541115073e-53,0.991780487957851,0.693,0.406,1.53572576739055e-48,"10","ANKRD44"
9.13283411554538e-53,1.36386572883331,0.538,0.284,2.71309103070507e-48,"10","ATM"
8.32677979401048e-52,1.24304349426213,0.511,0.245,2.47363647340669e-47,"10","VPS13B"
1.76198535764727e-51,1.56722022786819,0.573,0.368,5.23432990196274e-47,"10","FAM49B"
1.60849353636238e-50,1.51671414107509,0.36,0.141,4.77835174847173e-46,"10","ZNF609"
1.77188652524988e-50,1.92968762370652,0.272,0.09,5.26374330055981e-46,"10","CDYL"
6.28746214253831e-50,2.0309724080441,0.257,0.083,1.86781637868386e-45,"10","TSPOAP1-AS1"
6.79820513113833e-49,2.09356066667719,0.256,0.084,2.01954279830726e-44,"10","MYBL1"
6.29529341356037e-48,1.1370372036752,0.55,0.288,1.87014281436638e-43,"10","BIRC6"
1.44578321198913e-47,1.43095509421332,0.4,0.175,4.2949881878561e-43,"10","STIM1"
3.09621097837629e-47,1.40564870901996,0.409,0.182,9.19791395346243e-43,"10","ITGA4"
4.13048987883359e-47,1.17511756986377,0.526,0.271,1.22704462830509e-42,"10","PICALM"
5.78217721745785e-47,1.3836792296179,0.422,0.188,1.7177113859902e-42,"10","SPIDR"
1.36266670408891e-46,1.54142217060362,0.427,0.203,4.04807397783693e-42,"10","SYNE1"
1.74629317984415e-46,1.10541656632712,0.564,0.301,5.18771314936301e-42,"10","SSH2"
1.88568177064853e-46,1.13395914467494,0.526,0.266,5.60179483606559e-42,"10","FAM172A"
1.5700768789318e-45,1.22032005720639,0.489,0.244,4.66422738424271e-41,"10","DOCK2"
8.54254964850281e-45,1.20564403214708,0.524,0.282,2.53773522408073e-40,"10","PAN3"
3.57091593749702e-44,1.09141786873241,0.513,0.259,1.06081199755224e-39,"10","SIK3"
5.67936753932963e-44,1.5800321783512,0.429,0.218,1.68716971490865e-39,"10","MYO1F"
9.74725509427709e-44,1.58773429463427,0.395,0.186,2.8956170708569e-39,"10","PREX1"
1.04599526130941e-43,1.06378357560621,0.563,0.316,3.10733812277187e-39,"10","CHST11"
1.4266856395592e-43,1.27730139705095,0.513,0.285,4.23825502943851e-39,"10","MACF1"
1.5635388436868e-43,1.42086883466524,0.414,0.191,4.64480484294038e-39,"10","BCAS3"
1.76628174401599e-43,2.09397860344396,0.27,0.1,5.24709317694831e-39,"10","TGFBR3"
1.76912291891086e-43,1.67852871141039,0.305,0.118,5.25553345520848e-39,"10","RALGAPA2"
2.37219636125571e-43,1.46450801745829,0.34,0.139,7.04708373038234e-39,"10","SEPTIN7"
3.78761066989238e-43,2.01073280387734,0.353,0.16,1.12518550170493e-38,"10","ZEB2"
5.83011892623681e-43,0.597680933302358,0.825,0.519,1.73195342941717e-38,"10","ARHGAP15"
5.90085738013416e-43,1.570857469305,0.293,0.11,1.75296770191646e-38,"10","AGTPBP1"
1.65636166948067e-42,1.89434662947377,0.28,0.106,4.92055361152624e-38,"10","RUNX2"
8.39632293172643e-42,0.961962750700602,0.651,0.417,2.49429565332797e-37,"10","TNRC6B"
8.96658366846016e-42,1.43877922141476,0.478,0.273,2.66370301038946e-37,"10","MBP"
2.14969365976814e-41,1.25402870420964,0.457,0.227,6.38609495507323e-37,"10","NCOA1"
2.3868519177363e-41,1.27760123784624,0.379,0.167,7.09062099201921e-37,"10","FCHSD2"
2.43356829708635e-41,1.10499730617053,0.547,0.294,7.22940134015443e-37,"10","MAML2"
7.56781933691955e-41,1.40181114247105,0.464,0.247,2.24817209041869e-36,"10","STAT4"
2.33949144574697e-40,1.51263366692547,0.346,0.153,6.94992723788052e-36,"10","KAT6B"
3.48483084030338e-40,1.3299969740516,0.425,0.211,1.03523869772893e-35,"10","NCOA2"
5.47581535040644e-40,0.85539213284727,0.651,0.405,1.62670046614524e-35,"10","ZBTB20"
4.39025874454877e-39,1.52544589301065,0.303,0.122,1.3042141652431e-34,"10","SCFD2"
7.55726917708617e-39,1.27053664320809,0.436,0.225,2.24503795443699e-34,"10","NFATC3"
9.4145452765957e-39,1.18428529042986,0.453,0.236,2.79677896531828e-34,"10","KMT2C"
1.29840318954675e-38,1.11433995192344,0.496,0.266,3.85716635518653e-34,"10","STAG1"
1.98324453133186e-38,1.40212154479935,0.446,0.241,5.89162452922756e-34,"10","RPS6KA3"
2.49672631380465e-38,1.03566217848031,0.547,0.317,7.41702486041948e-34,"10","PITPNC1"
2.52200167507028e-38,1.50112174876203,0.344,0.153,7.49211037613129e-34,"10","GNAQ"
3.10470909130703e-38,1.17267433943439,0.427,0.207,9.22315929754579e-34,"10","SOS1"
4.54672705493523e-38,1.25361462042195,0.363,0.163,1.35069620620961e-33,"10","ATP8A1"
4.8398070788761e-38,1.40834722507273,0.4,0.196,1.43776148892172e-33,"10","FUT8"
6.32881603372187e-38,1.34060506378737,0.381,0.179,1.88010137913776e-33,"10","TRAPPC9"
6.48038155117581e-38,1.25744218661565,0.404,0.193,1.9251269474078e-33,"10","TBC1D22A"
6.50643565108076e-38,0.659733134167063,0.827,0.699,1.93286683886656e-33,"10","PTPRC"
7.06195189555794e-38,1.00131750693806,0.596,0.363,2.0978940496134e-33,"10","RIPOR2"
8.64545340474312e-38,1.42400625235966,0.363,0.163,2.56830484294704e-33,"10","RAD51B"
1.24196809678493e-37,1.21053584999177,0.561,0.369,3.68951462511899e-33,"10","CCND3"
1.28369479481077e-37,1.69026801200632,0.263,0.101,3.81347212694437e-33,"10","BAZ2B"
1.50480028247413e-37,1.4835493227731,0.362,0.171,4.4703101991459e-33,"10","CHD9"
3.55557040525251e-37,1.18859651486462,0.441,0.223,1.05625330028836e-32,"10","JAZF1"
3.92633151847774e-37,1.70799112552554,0.302,0.129,1.16639530419418e-32,"10","DIP2A"
5.27756466718601e-37,1.38883643481974,0.365,0.171,1.56780613568095e-32,"10","EIF4G3"
5.82323572716347e-37,1.14345278655534,0.444,0.227,1.72990863746845e-32,"10","TBC1D5"
1.38628395669818e-36,1.00114838361437,0.504,0.268,4.11823375016329e-32,"10","KLF12"
1.63441093375861e-36,1.49690458255579,0.333,0.153,4.8553445609167e-32,"10","EHMT1"
2.26203569657794e-36,1.31355186087849,0.388,0.188,6.71982944382409e-32,"10","KDM4C"
2.50488614477844e-36,1.79444019567036,0.293,0.125,7.4412652702933e-32,"10","TRG-AS1"
3.44347888545629e-36,1.42495871540282,0.429,0.239,1.0229542725025e-31,"10","TAOK3"
5.17306661640004e-36,1.72251269141126,0.265,0.106,1.53676289973396e-31,"10","QKI"
6.66564881906675e-36,1.04240123960001,0.541,0.326,1.98016429468016e-31,"10","DOCK8"
1.08643797145201e-35,1.43659199646613,0.273,0.107,3.22748128179248e-31,"10","LINC01138"
1.39485510659106e-35,1.42659552839887,0.407,0.214,4.14369606515005e-31,"10","ARAP2"
1.55093449643123e-35,1.40969131716112,0.381,0.183,4.60736110854825e-31,"10","SIPA1L1"
1.60214952144615e-35,1.1240067876558,0.485,0.274,4.75950558336007e-31,"10","USP34"
1.82862521071623e-35,1.56448035128062,0.272,0.108,5.43229691347471e-31,"10","WDPCP"
7.48972116329324e-35,1.51809304152677,0.339,0.161,2.22497146597952e-30,"10","FLI1"
5.44295479776473e-34,1.5476959595955,0.545,0.408,1.61693858177197e-29,"10","CD247"
2.50955889035758e-33,1.29388895761833,0.328,0.149,7.45514659558525e-29,"10","RASA1"
2.69312929111805e-33,1.08986861884978,0.436,0.231,8.00047918512438e-29,"10","FAF1"
3.42955490881863e-33,1.09513843612646,0.439,0.231,1.01881787676275e-28,"10","CDKAL1"
5.7042218164466e-33,1.16881652843228,0.466,0.267,1.69455317501179e-28,"10","KANSL1"
7.02224166409825e-33,1.54958698143142,0.275,0.115,2.08609733115367e-28,"10","GMDS-DT"
8.69905323822271e-33,1.30414976477107,0.381,0.194,2.58422774547882e-28,"10","ERBIN"
2.40923193143342e-32,1.52326262944047,0.257,0.104,7.15710529870927e-28,"10","PBX3"
2.52482271221027e-32,1.21035921321044,0.436,0.246,7.50049083116306e-28,"10","RBMS1"
4.8294308879917e-32,0.816429211721194,0.563,0.324,1.43467903389569e-27,"10","LRBA"
7.75377947765467e-32,2.21830840591,0.252,0.109,2.30341526942687e-27,"10","KLRF1"
1.01358670734025e-31,1.21506591517331,0.381,0.193,3.01106203149568e-27,"10","FRYL"
1.34460275781011e-31,1.75023111472149,0.309,0.15,3.99441141262649e-27,"10","SYTL3"
1.48612855389928e-31,1.41048308002916,0.349,0.175,4.41484209506858e-27,"10","INPP5D"
2.51931544507573e-31,1.16931511400215,0.393,0.204,7.48413039268648e-27,"10","DYRK1A"
5.38425965071579e-31,1.44966261964562,0.284,0.125,1.59950201443814e-26,"10","CLASP2"
6.01641667389013e-31,1.07857727350393,0.42,0.222,1.78729690131254e-26,"10","VTI1A"
6.5253986946176e-31,1.62988596496539,0.27,0.117,1.93850019021005e-26,"10","CD226"
1.29669340906909e-30,1.17386234418226,0.411,0.224,3.85208711032153e-26,"10","ZCCHC7"
1.83278775454966e-30,1.49468269577356,0.273,0.119,5.44466258244068e-26,"10","SMURF2"
3.76105898566044e-30,1.26451582843719,0.349,0.175,1.11729779287015e-25,"10","RERE"
4.31379398857934e-30,1.30314831630465,0.333,0.162,1.28149878018726e-25,"10","PHF21A"
5.41163771575527e-30,1.4086805268729,0.289,0.131,1.60763521621942e-25,"10","DENND4C"
5.81638283114964e-30,0.891795822963951,0.536,0.333,1.72787284764962e-25,"10","ARID1B"
7.60812750790103e-30,1.27563672371817,0.303,0.139,2.26014643877216e-25,"10","GMDS"
9.30609199567007e-30,1.47705493505567,0.273,0.119,2.76456074915371e-25,"10","SIDT1"
1.21271929827499e-29,0.949899273226687,0.617,0.474,3.60262521938552e-25,"10","FYN"
1.32260644767742e-29,1.50052269146608,0.252,0.106,3.92906697411532e-25,"10","TRAPPC10"
1.93086904491623e-29,1.25806615535494,0.346,0.172,5.73603267173265e-25,"10","SCAPER"
1.98809046136275e-29,1.15631035056122,0.381,0.199,5.90602033357033e-25,"10","ANKRD17"
3.09233622575164e-29,1.25623688587329,0.386,0.212,9.1864032258404e-25,"10","STK10"
6.0380007423902e-29,1.41190005178473,0.317,0.155,1.79370888054186e-24,"10","PIK3CD"
6.2783793880059e-29,1.36014086652987,0.365,0.198,1.86511816479491e-24,"10","ITGAL"
8.16251863859336e-29,1.5979598927375,0.257,0.114,2.42483941196693e-24,"10","RNF125"
1.55035971754566e-28,1.02828307070988,0.4,0.211,4.60565361291289e-24,"10","BTBD9"
1.6018057636422e-28,1.37975140222586,0.293,0.137,4.75848438205188e-24,"10","CMIP"
2.44045706063443e-28,1.54733366962999,0.261,0.117,7.24986579002671e-24,"10","MNAT1"
2.95128646984133e-28,1.12091287945136,0.42,0.235,8.76738671595765e-24,"10","MBD5"
3.16923967528337e-28,1.47534687626839,0.298,0.143,9.41486030336432e-24,"10","STAU2"
6.31829390235264e-28,0.97087967768116,0.413,0.223,1.8769755695719e-23,"10","FBXL17"
6.66688234978088e-28,1.06953970766703,0.43,0.253,1.98053073964941e-23,"10","NIPBL"
8.06918115423019e-28,1.0146616007025,0.43,0.238,2.39711164548716e-23,"10","TCF12"
1.28273225675571e-27,1.42042335909242,0.314,0.159,3.81061271514417e-23,"10","ADAM10"
1.69127061073882e-27,1.20600678003068,0.342,0.173,5.0242576033218e-23,"10","WWOX"
3.49196335971692e-27,1.19447437395227,0.356,0.186,1.03735755527111e-22,"10","ETV6"
5.25527829609372e-27,1.09448886657541,0.379,0.205,1.56118552342056e-22,"10","PUM2"
6.15160902442872e-27,1.39762022594215,0.295,0.143,1.82745849288704e-22,"10","ITCH"
6.31439763284113e-27,1.34246349845246,0.333,0.172,1.87581810478811e-22,"10","ESYT2"
1.3859186990089e-26,1.04803195137962,0.478,0.311,4.11714867914573e-22,"10","ANKRD11"
1.43213282107333e-26,1.2548071348916,0.372,0.211,4.25443697156254e-22,"10","SUCLG2"
4.2049497448292e-26,1.31741413666719,0.272,0.125,1.24916442069641e-21,"10","SNHG14"
4.42511037565886e-26,1.32036594326111,0.332,0.176,1.31456753929698e-21,"10","CDK17"
5.04285419168613e-26,1.20549406711454,0.404,0.242,1.4980806947242e-21,"10","SRPK2"
5.80967122292393e-26,1.27254732666708,0.332,0.175,1.72587903019401e-21,"10","PTPN4"
6.3012023728745e-26,1.22429029698991,0.393,0.238,1.87189818890983e-21,"10","IQGAP1"
6.491221296134e-26,1.18175470022708,0.319,0.159,1.92834711044253e-21,"10","TRERF1"
6.84680920394835e-26,0.991793086763966,0.39,0.209,2.03398161021694e-21,"10","LINC01619"
6.98338976257178e-26,1.28663139646385,0.317,0.162,2.0745555967672e-21,"10","TRIP12"
8.0887551064861e-26,1.37670317357085,0.28,0.134,2.40292647948383e-21,"10","INPP4A"
1.32808817501883e-25,1.41067280126019,0.291,0.144,3.94535154152845e-21,"10","ATAD2B"
1.46311948656417e-25,1.12893182838689,0.395,0.226,4.34648905873619e-21,"10","DENND4A"
3.23766912974998e-25,1.00665534866814,0.416,0.241,9.61814368374826e-21,"10","TNIK"
1.25101710929728e-24,1.08127169457279,0.358,0.192,3.71639652658943e-20,"10","KDM6A"
1.9960904703714e-24,1.37559769659916,0.256,0.119,5.92978596033233e-20,"10","CCNY"
2.28679318869469e-24,1.58710864171344,0.257,0.125,6.79337652565531e-20,"10","PTK2B"
3.50043394294119e-24,0.864680506767686,0.471,0.282,1.03987391142954e-19,"10","CASK"
4.22055703244801e-24,0.844833534985511,0.416,0.231,1.25380087762933e-19,"10","ARL15"
4.76070416536419e-24,1.3122553663132,0.257,0.119,1.41426238640474e-19,"10","XKR6"
4.98926561677392e-24,1.22618255794388,0.402,0.253,1.48216113677503e-19,"10","AC245297.3"
5.44839762512271e-24,1.20080191499432,0.34,0.186,1.6185554824952e-19,"10","FBXO11"
6.08464579997431e-24,1.24881813505109,0.312,0.164,1.80756572779837e-19,"10","AP3B1"
7.7555678041935e-24,1.24871319969853,0.279,0.136,2.30394652759176e-19,"10","ANKIB1"
9.73444410280764e-24,1.34915421389592,0.272,0.133,2.89181130962107e-19,"10","PPP2R2B"
1.09702123987601e-23,1.28855259426384,0.289,0.146,3.25892099729965e-19,"10","CREBBP"
1.23571189649198e-23,1.06200682042656,0.362,0.202,3.67092933090872e-19,"10","COP1"
1.5271326815036e-23,1.47827705833294,0.252,0.12,4.53665305694274e-19,"10","GATAD2A"
5.61180712164758e-23,1.1782257635584,0.344,0.195,1.66709954162785e-18,"10","TENT2"
5.80566311048803e-23,1.06914849578136,0.36,0.204,1.72468834023268e-18,"10","R3HDM2"
7.56869779745248e-23,0.99701498209279,0.406,0.247,2.24843305468921e-18,"10","RBM6"
9.28217971768486e-23,1.15208155865521,0.365,0.213,2.75745712873264e-18,"10","KLRD1"
1.15719670012885e-22,1.18145106788058,0.309,0.162,3.43768423707279e-18,"10","NSMCE2"
1.46161238697495e-22,1.53303735917748,0.254,0.126,4.34201191798649e-18,"10","ELF2"
1.51232365407446e-22,1.2429292458257,0.296,0.154,4.492659879159e-18,"10","MON2"
1.69176223422847e-22,1.06632742725872,0.307,0.157,5.02571806922252e-18,"10","SEPTIN6"
1.92779461829825e-22,0.971165626026118,0.49,0.35,5.7268994725786e-18,"10","IKZF1"
2.0394441483528e-22,1.13532754944139,0.282,0.14,6.05857673151165e-18,"10","RAPGEF1"
2.12916131685982e-22,1.4358444675822,0.254,0.125,6.32509952399547e-18,"10","SNX14"
3.50873311740645e-22,1.30936525521554,0.312,0.173,1.04233934718793e-17,"10","USP47"
6.77346555984846e-22,1.19899106742165,0.321,0.177,2.01219341386418e-17,"10","PTPRA"
1.05734704869592e-21,1.03466576699755,0.379,0.228,3.14106087756097e-17,"10","CDK13"
1.18618344589214e-21,1.43515603078231,0.263,0.134,3.52379516271177e-17,"10","SORL1"
3.28024726281074e-21,1.37443773402603,0.265,0.136,9.74463054363186e-17,"10","TRIM33"
3.47939762539948e-21,0.752059336561138,0.429,0.253,1.03362465257742e-16,"10","TOX"
3.71412300743231e-21,1.10548200359243,0.351,0.205,1.10335452181792e-16,"10","PPP6R3"
5.92114982176613e-21,1.22236087320039,0.277,0.144,1.75899597755206e-16,"10","LCOR"
7.16056014665014e-21,1.23245554480157,0.351,0.214,2.12718760276536e-16,"10","LYST"
7.60676773087774e-21,1.04319896657811,0.347,0.2,2.25974248981185e-16,"10","RICTOR"
7.72127966882599e-21,1.15401396917945,0.302,0.162,2.29376055121814e-16,"10","DYM"
1.26468426980526e-20,1.1859405077583,0.277,0.142,3.75699756031049e-16,"10","AFF1"
1.38564644321124e-20,0.928520995295533,0.466,0.308,4.11633988884762e-16,"10","ASH1L"
1.45475281747001e-20,0.786310490768402,0.443,0.272,4.32163419485817e-16,"10","ELMO1"
3.05541655226601e-20,1.19420544646034,0.314,0.178,9.07672595181663e-16,"10","DENND1B"
3.55851030774411e-20,1.23998269936366,0.314,0.178,1.05712665712154e-15,"10","ZNF644"
3.74645257077336e-20,1.22501923708039,0.307,0.171,1.11295866519964e-15,"10","HELZ"
6.92907664328458e-20,1.03096082798212,0.356,0.212,2.05842079842055e-15,"10","NEK7"
1.07413687758049e-19,1.20168713252745,0.298,0.165,3.19093842222836e-15,"10","ATP11B"
1.24864586975007e-19,0.910745568367774,0.473,0.339,3.70935228526653e-15,"10","SP100"
2.69719530740893e-19,0.798514345826361,0.354,0.202,8.0125580997197e-15,"10","DLEU2"
2.83763833779497e-19,1.07531457507288,0.34,0.199,8.42977221008751e-15,"10","GLCCI1"
3.17997302717547e-19,1.00413270317874,0.455,0.327,9.44674587183018e-15,"10","CD96"
3.40786645725642e-19,1.11490043941292,0.305,0.171,1.01237488845717e-14,"10","PUM1"
3.54702118324155e-19,1.20415343731043,0.277,0.149,1.05371358290557e-14,"10","RAP1GDS1"
4.6611794015952e-19,1.07671527798674,0.339,0.202,1.38469656483189e-14,"10","OSBPL8"
5.76625282516744e-19,0.966655622497916,0.333,0.188,1.71298072677249e-14,"10","XIST"
6.11763461336964e-19,1.15712322972115,0.256,0.132,1.81736571459372e-14,"10","KAT2B"
8.39772031499198e-19,1.03577586058532,0.326,0.189,2.49471077397467e-14,"10","GSK3B"
1.57612110829668e-18,1.12382580550561,0.265,0.14,4.68218297641695e-14,"10","WDR70"
2.30505248742233e-18,1.0534413189842,0.33,0.196,6.8476194243855e-14,"10","ZNF148"
2.71652703755952e-18,1.06418703420694,0.328,0.191,8.06998687047806e-14,"10","ITPR2"
3.57637574539165e-18,1.15593956215202,0.332,0.203,1.0624339426835e-13,"10","GPATCH8"
3.99931707488828e-18,1.02597337797261,0.383,0.25,1.18807712343706e-13,"10","BPTF"
6.07768270849763e-18,1.02706894958872,0.349,0.214,1.80549720221339e-13,"10","TTC17"
6.27775334679719e-18,0.989488683312161,0.351,0.216,1.86493218673304e-13,"10","VPS13C"
6.72535616676968e-18,0.839217811427089,0.451,0.321,1.99790155646227e-13,"10","DDX17"
7.6050245678256e-18,0.997144822781866,0.383,0.247,2.25922464836395e-13,"10","PRKCB"
9.77676932707062e-18,0.933562630856019,0.303,0.171,2.90438486399287e-13,"10","PPP1R16B"
9.98287512691453e-18,1.11966351315286,0.31,0.181,2.9656127139525e-13,"10","TUT4"
1.01789671638642e-17,0.831798854530059,0.346,0.203,3.02386577536914e-13,"10","RAPGEF6"
1.03778853367914e-17,1.2429955048842,0.256,0.137,3.08295839700063e-13,"10","ZNF652"
1.3666897850098e-17,0.956336121924015,0.293,0.162,4.06002534432861e-13,"10","FNDC3A"
1.62119376234853e-17,1.15269387072585,0.28,0.158,4.81608030980877e-13,"10","LNPEP"
1.75465819370546e-17,1.26914577721909,0.272,0.156,5.2125630960408e-13,"10","SEMA4D"
1.82175112863381e-17,1.06008601388551,0.289,0.163,5.41187607783247e-13,"10","TNRC6C"
1.98854982389681e-17,0.88577375286836,0.369,0.224,5.90738496185024e-13,"10","ZEB1"
2.32639655775323e-17,1.06486763044386,0.309,0.181,6.91102625411753e-13,"10","XRN1"
2.49645400165705e-17,1.05942794512827,0.335,0.206,7.4162159027226e-13,"10","GNB1"
3.0648437490115e-17,1.02251971619648,0.302,0.176,9.10473132518846e-13,"10","ARFGEF1"
3.35238039763309e-17,1.10294619869351,0.273,0.15,9.95891644724863e-13,"10","TMEM131L"
3.38542620807939e-17,0.98875755570286,0.333,0.2,1.00570856363414e-12,"10","FBXW7"
3.49172570348887e-17,1.01870762404648,0.317,0.188,1.03728695473544e-12,"10","ACAP2"
4.91364116635026e-17,1.06158853539676,0.319,0.192,1.45969538128767e-12,"10","ZNF638"
5.96556564025756e-17,1.0413452695545,0.314,0.187,1.77219058475131e-12,"10","OGT"
6.38644660468102e-17,1.16854060492645,0.287,0.168,1.89722169285259e-12,"10","BABAM2"
7.59982383700059e-17,0.993410859171841,0.384,0.248,2.25767966725776e-12,"10","BCL2"
8.99057733238579e-17,0.928968163232333,0.287,0.161,2.67083080813185e-12,"10","UBR2"
9.28114769713774e-17,0.615194115077694,0.545,0.407,2.75715054638871e-12,"10","FOXP1"
1.18344284563063e-16,1.20979502071855,0.291,0.174,3.51565366151492e-12,"10","RAB8B"
1.34345280245614e-16,1.15047272609759,0.275,0.157,3.99099524025645e-12,"10","PPP2R5E"
1.47069252286474e-16,0.885962133205352,0.423,0.29,4.36898627767428e-12,"10","JMJD1C"
1.6733776992791e-16,1.1460577774986,0.252,0.136,4.97110313124841e-12,"10","ASAP1"
1.91487275031661e-16,1.12502748801668,0.282,0.165,5.68851247936554e-12,"10","BRWD1"
1.92912034511023e-16,0.966755135403142,0.3,0.172,5.73083780921895e-12,"10","USP25"
1.94666528049233e-16,0.96775404243969,0.261,0.14,5.78295854875858e-12,"10","SMG6"
1.9817037734985e-16,1.19973732769452,0.263,0.147,5.887047399932e-12,"10","SND1"
2.02346249538015e-16,1.21230225614198,0.273,0.157,6.01110003502581e-12,"10","PPP3R1"
2.11160811260542e-16,1.07236352552521,0.302,0.179,6.27295422011692e-12,"10","CUL3"
4.2875759393364e-16,0.889884800897376,0.351,0.215,1.27371018429866e-11,"10","PTPRJ"
4.53705416763222e-16,0.981633691734952,0.27,0.15,1.3478226815785e-11,"10","ERC1"
4.81016466388128e-16,1.03059754753587,0.254,0.137,1.42895561669921e-11,"10","PIBF1"
8.48733080772998e-16,1.01432011395007,0.303,0.183,2.52133136305234e-11,"10","DIAPH1"
8.86824539013665e-16,0.933278952526397,0.326,0.197,2.63448965804789e-11,"10","PRKCQ"
1.05063067093161e-15,1.03905821547734,0.39,0.279,3.12110853413653e-11,"10","PPP1R12A"
1.21745755839015e-15,1.10304317795278,0.31,0.193,3.61670116870961e-11,"10","KDM2A"
3.07833834701043e-15,0.905599934474481,0.414,0.295,9.14481972746389e-11,"10","USP15"
4.44342182789159e-15,0.96721584183045,0.302,0.182,1.32000732241176e-10,"10","SETD2"
5.38073905119524e-15,0.966493227559434,0.302,0.183,1.59845614993857e-10,"10","GATAD2B"
5.48254281043549e-15,0.861891847708687,0.365,0.24,1.62869899269607e-10,"10","TBL1XR1"
8.24164269175992e-15,0.765591345203113,0.326,0.197,2.44834479444112e-10,"10","COG5"
9.204901753755e-15,0.761160937155298,0.349,0.217,2.734500163988e-10,"10","PACS1"
1.07882651930306e-14,1.03288332967329,0.272,0.16,3.20486994089361e-10,"10","SMG1"
1.26250426536306e-14,0.931198269085759,0.3,0.183,3.75052142111403e-10,"10","MKLN1"
2.21041425435857e-14,0.958796406701174,0.286,0.173,6.56647762542301e-10,"10","PDS5A"
2.44032337341899e-14,0.948085594294481,0.259,0.149,7.24946864541579e-10,"10","PPP6R2"
2.93273072589833e-14,0.968188573293948,0.326,0.211,8.71226316742617e-10,"10","BRAF"
3.18348733468914e-14,0.717305085854102,0.489,0.387,9.45718582516103e-10,"10","FNBP1"
5.3844275237048e-14,1.09436506277194,0.31,0.204,1.59955188446699e-09,"10","UBAC2"
7.44764575512246e-14,0.952189484699966,0.27,0.159,2.21247212447423e-09,"10","MAP4"
8.11806457797293e-14,0.925157411376638,0.277,0.166,2.41163344417842e-09,"10","PRRC2B"
1.1097617658265e-13,0.824685772133072,0.257,0.146,3.29676927774079e-09,"10","ZNF407"
1.27374269656378e-13,0.941390281034205,0.252,0.146,3.78390742868203e-09,"10","ST6GAL1"
1.81818780493455e-13,1.01580288359097,0.25,0.145,5.40129051211907e-09,"10","TNKS"
1.83366431346005e-13,1.20562753133912,0.296,0.198,5.44726657599578e-09,"10","PRMT2"
1.90105695701995e-13,0.791207427663728,0.349,0.231,5.64746990221917e-09,"10","HERC4"
3.69725031172627e-13,0.928480848663094,0.325,0.213,1.09834215010452e-08,"10","CCM2"
3.87220592676499e-13,1.0927255175481,0.256,0.155,1.15031621466408e-08,"10","SETD5"
4.07652809993704e-13,0.877705769829727,0.3,0.189,1.2110142026483e-08,"10","NFAT5"
4.92881902102792e-13,0.810772638162905,0.351,0.233,1.46420426657676e-08,"10","HERC1"
5.85632530692862e-13,1.04795101112408,0.263,0.16,1.73973855892929e-08,"10","NSD1"
8.89849005021007e-13,1.35395026549111,0.317,0.229,2.6434744392159e-08,"10","RUNX3"
1.20705212713895e-12,0.902238380253512,0.282,0.174,3.58578975409167e-08,"10","CAMK2D"
1.24545190788053e-12,0.902790383691787,0.402,0.312,3.69986398274068e-08,"10","JAK1"
1.34979369951201e-12,0.553835195525441,0.407,0.273,4.00983214314032e-08,"10","PCNX1"
1.43127998533686e-12,0.800407159282817,0.289,0.176,4.25190345244022e-08,"10","CAMK1D"
1.54503112159387e-12,0.864763249411214,0.273,0.163,4.5898239529189e-08,"10","CAMKMT"
1.7168385140353e-12,0.770698982474768,0.337,0.222,5.10021217364466e-08,"10","NLRC5"
1.95311659607626e-12,1.01796302321676,0.275,0.173,5.80212347196376e-08,"10","SMARCA2"
2.26152109686399e-12,0.931977936808589,0.284,0.179,6.71830072245387e-08,"10","ARID2"
2.40501316086151e-12,0.826107830644014,0.316,0.207,7.14457259697129e-08,"10","ZMYM2"
3.54130061011369e-12,0.869605846411753,0.295,0.186,1.05201417224647e-07,"10","SLFN12L"
4.15647309863373e-12,0.978256266254071,0.257,0.159,1.23476346341112e-07,"10","SETX"
4.86706179298516e-12,0.905402364359869,0.353,0.25,1.4458580468421e-07,"10","CYTH1"
6.47894034668026e-12,0.987608619387264,0.252,0.156,1.9246988087883e-07,"10","STIM2"
7.12348975174623e-12,0.970148893123516,0.25,0.153,2.11617510055125e-07,"10","MED13"
9.12546440510884e-12,0.8184004890159,0.284,0.179,2.71090171082568e-07,"10","SENP7"
1.13246887423505e-11,0.614250095574876,0.39,0.271,3.36422528469008e-07,"10","PDE7A"
1.28176568749581e-11,0.64362820837452,0.372,0.249,3.80774132784382e-07,"10","PCED1B"
1.31917766582524e-11,0.609837182711472,0.496,0.403,3.91888109186705e-07,"10","AKAP13"
1.38485450894481e-11,0.967674301044501,0.265,0.167,4.11398728972234e-07,"10","RPS6KA5"
1.60449220768748e-11,0.97285429663421,0.27,0.173,4.76646500137719e-07,"10","MARK3"
1.81963673788635e-11,0.864641767749287,0.427,0.362,5.40559485723897e-07,"10","RAP1B"
1.93912336054489e-11,0.888978987378803,0.265,0.164,5.7605537671707e-07,"10","PKN2"
2.1531239402908e-11,0.715151717297069,0.393,0.284,6.39628528942188e-07,"10","CCDC91"
2.23628292358915e-11,0.702328999254642,0.474,0.396,6.64332568110628e-07,"10","N4BP2L2"
2.75400621729161e-11,1.01363376449228,0.254,0.162,8.18132626970818e-07,"10","KDM5A"
2.97944478094323e-11,0.884750045986885,0.332,0.234,8.85103661074804e-07,"10","WAC"
3.8597372621651e-11,0.561342124897948,0.305,0.192,1.14661214847139e-06,"10","AC079793.1"
3.92064733173394e-11,0.820854547456439,0.335,0.234,1.1647067028382e-06,"10","PCM1"
5.26239451150267e-11,1.08853730730856,0.282,0.192,1.5632995375321e-06,"10","DNAJC1"
5.39678701125551e-11,0.831639441667378,0.298,0.196,1.60322351743367e-06,"10","ITFG1"
5.69223194995939e-11,0.87935473033345,0.27,0.173,1.69099134537443e-06,"10","KIAA1109"
5.69667750492843e-11,0.727600610230908,0.31,0.205,1.69231198638909e-06,"10","ADK"
6.74435307838594e-11,0.655961843434603,0.418,0.316,2.00354496899611e-06,"10","MYCBP2"
9.22693143258201e-11,0.991539033393321,0.254,0.163,2.74104452067714e-06,"10","PRKACB"
1.16348911867569e-10,1.00278463228494,0.282,0.19,3.45637712484987e-06,"10","SYNRG"
1.23683718822028e-10,0.792538891223073,0.277,0.178,3.67427223504598e-06,"10","PHC3"
2.03195514810393e-10,0.952771568936378,0.272,0.184,6.03632915847234e-06,"10","TMC8"
2.55461908443104e-10,0.867744266831577,0.309,0.219,7.5890069141193e-06,"10","PHIP"
2.79463690344773e-10,0.920307717837832,0.261,0.17,8.30202784907216e-06,"10","RBM26"
3.0163692080431e-10,0.541300530134319,0.541,0.479,8.96072800633363e-06,"10","HNRNPH1"
3.577953106534e-10,0.808729473622479,0.354,0.268,1.06290252935806e-05,"10","CHD2"
5.14972868305585e-10,0.79581746579991,0.346,0.252,1.5298298998754e-05,"10","GLS"
5.77319568732623e-10,0.95271964354709,0.287,0.2,1.715043242834e-05,"10","UBE2K"
6.37625779052353e-10,0.701168941424334,0.265,0.169,1.89419490183082e-05,"10","MYO5A"
1.37191080471582e-09,0.77429537074478,0.261,0.168,4.07553542756928e-05,"10","DLG1"
1.37545653815414e-09,0.764113187388708,0.37,0.286,4.08606873789449e-05,"10","NR3C1"
1.73712139979966e-09,0.910931950073458,0.259,0.176,5.16046654238486e-05,"10","CCDC88C"
1.97135924219212e-09,0.897314537516736,0.284,0.199,5.85631690078013e-05,"10","CELF1"
2.16165380541896e-09,0.999762669360995,0.282,0.201,6.42162495975811e-05,"10","PPP3CC"
3.12231040666991e-09,0.756211399417825,0.298,0.207,9.27544752509431e-05,"10","GLG1"
5.41868371093021e-09,0.761826306245548,0.259,0.173,0.000160972837000604,"10","PDE4D"
5.45441456353959e-09,0.530803724066619,0.3,0.202,0.000162034293439071,"10","PAM"
5.8853602098351e-09,0.872893905358643,0.289,0.209,0.000174836395753571,"10","LCP2"
5.99527384804635e-09,0.6362712673439,0.437,0.37,0.000178101600203913,"10","RNF213"
6.48196727519077e-09,1.23855152195704,0.265,0.19,0.000192559801844092,"10","PYHIN1"
1.08694641618924e-08,0.849063829953659,0.302,0.218,0.000322899171857338,"10","PIAS1"
1.21721613485902e-08,0.738644775740635,0.307,0.224,0.000361598397182568,"10","ZNF292"
1.28422531992326e-08,0.848781993394468,0.261,0.178,0.000381504815789604,"10","TNRC6A"
1.83014832121264e-08,0.737552596925513,0.284,0.2,0.000543682161782639,"10","STAG2"
1.85436091599664e-08,0.59049411204201,0.33,0.241,0.000550874997315121,"10","EPS15"
1.88001459264137e-08,0.931325543244286,0.273,0.192,0.000558495935035973,"10","MDFIC"
1.9483893758082e-08,0.893500501768671,0.277,0.197,0.000578808031871341,"10","ARHGEF3"
2.51116509945477e-08,0.864675613153802,0.273,0.196,0.000745991816095029,"10","RALGAPA1"
2.55774880264656e-08,0.805284534351339,0.328,0.253,0.000759830436802213,"10","CFLAR"
7.09001878700583e-08,0.760544253912038,0.257,0.177,0.00210623188105582,"10","SENP6"
1.83064925563221e-07,0.954715712465221,0.275,0.21,0.00543830974370659,"10","PIK3R1"
1.97050439727536e-07,0.854114277514401,0.266,0.196,0.00585377741298592,"10","ITSN2"
2.44466178842754e-07,0.753203324169376,0.526,0.532,0.00726235677488169,"10","CD44"
2.92693617869394e-07,0.709253983832014,0.257,0.18,0.00869504930604609,"10","GPRIN3"
4.32801467508016e-07,0.868029977101444,0.291,0.224,0.0128572331952606,"10","PAFAH1B1"
4.84037863377594e-07,0.37725289660562,0.451,0.364,0.0143793128073582,"10","SMCHD1"
5.09246997363039e-07,0.684048109663094,0.337,0.268,0.0151282005506638,"10","APBB1IP"
5.6280095899988e-07,0.734843493376303,0.256,0.182,0.0167191280890094,"10","MLLT3"
7.12414205011814e-07,0.679207478495619,0.323,0.257,0.021163688788286,"10","OGA"
8.12770447117458e-07,0.798910791908357,0.259,0.193,0.0241449716725183,"10","CNOT2"
9.31582522448423e-07,0.485802262922508,0.319,0.237,0.0276745219943753,"10","EPB41"
1.02603162989901e-06,0.616466499726593,0.277,0.203,0.0304803216294098,"10","KAT6A"
1.27889836164318e-06,0.736338068417413,0.254,0.183,0.037992233629334,"10","ANKHD1"
1.55528182453631e-06,0.53922673662283,0.42,0.359,0.0462027571615002,"10","CLEC2D"
1.56573106831778e-06,0.579908159639732,0.256,0.182,0.0465131728465162,"10","NCOA3"
1.83533639154562e-06,0.541628379191754,0.469,0.434,0.0545223381836457,"10","FYB1"
1.94140197567769e-06,0.611984423742803,0.295,0.221,0.0576732284914571,"10","ATF7IP"
2.28753297665649e-06,0.593148322005528,0.347,0.281,0.0679557421375344,"10","TNFAIP8"
2.64206270278757e-06,0.633764107253233,0.372,0.317,0.0784877567117103,"10","WIPF1"
3.02554387216935e-06,1.13620494072994,0.252,0.201,0.089879831810535,"10","ADGRE5"
3.76986834374789e-06,0.392369414752615,0.503,0.46,0.111991478887718,"10","CDC42SE2"
8.86523612618358e-06,0.544855127173643,0.256,0.186,0.263359569600536,"10","PRKCA"
9.35311470639879e-06,0.756749278410093,0.272,0.212,0.277852978582989,"10","GOLGA4"
2.0186221786784e-05,0.705361268878473,0.257,0.199,0.599672090619991,"10","RBL2"
2.12774540137975e-05,0.618688772495971,0.277,0.215,0.632089326387882,"10","USP3"
3.50136785000998e-05,0.607769271602635,0.436,0.417,1,"10","KMT2E"
9.70211750313807e-05,0.806811479624136,0.25,0.205,1,"10","RAB2A"
0.000175817574758184,0.746572268398084,0.27,0.226,1,"10","RSF1"
0.000237971459016796,0.597688184649394,0.266,0.218,1,"10","ABI1"
0.000314958148064211,0.356768273672023,0.328,0.267,1,"10","RUNX1"
0.000636190040240838,0.469563263943418,0.303,0.258,1,"10","RNF19A"
0.000715160090874099,0.725033316317736,0.261,0.226,1,"10","CCNH"
0.000946950040759713,0.784260010440371,0.369,0.375,1,"10","STK17A"
0.00120297744131808,0.336798978084868,0.277,0.225,1,"10","MSI2"
0.00176101068984441,0.671622948447888,0.268,0.237,1,"10","ROCK1"
0.00191991873690691,0.574160377152398,0.316,0.286,1,"10","EPC1"
0.00227664267826518,0.776709628775894,0.272,0.246,1,"10","TRA2A"
0.00288823540314485,0.456037738546962,0.39,0.377,1,"10","ARID4B"
0.00346736452340328,0.607475980877622,0.272,0.241,1,"10","BBX"
0.00369171057376287,0.33709942814011,0.28,0.237,1,"10","CEP85L"
0.00420936740989205,0.640241334080058,0.312,0.293,1,"10","ATRX"
0.00534626456304089,0.591537406886268,0.261,0.229,1,"10","SLC38A1"
0.00713247016438729,0.513273481408681,0.303,0.279,1,"10","EMB"
6.7361372559851e-305,4.11303319534968,0.509,0.066,2.00110429463549e-300,"11","KIAA1551"
1.11400987247455e-218,2.30422724578729,0.986,0.649,3.30938912816014e-214,"11","MT-ATP6"
1.09561084803924e-177,1.78215908287838,0.969,0.537,3.25473114627017e-173,"11","TPT1"
2.35204907791105e-176,1.8853284980086,0.945,0.517,6.98723219575034e-172,"11","RPL7A"
2.17668361389929e-169,1.902919470468,0.951,0.619,6.46627401181063e-165,"11","MT-ND3"
1.45632509562137e-166,1.94445755409188,0.899,0.487,4.3263049615624e-162,"11","VIM"
9.26668773791399e-165,1.55857178740253,0.996,0.752,2.75285492630211e-160,"11","MT-CO2"
5.76449182997502e-147,1.35548790775162,0.992,0.597,1.71245758793068e-142,"11","RPL28"
3.04373669963726e-143,1.5972796345752,0.977,0.683,9.0420286136124e-139,"11","MT-CYB"
5.97556845012747e-142,1.86008363834651,0.916,0.539,1.77516211947937e-137,"11","MT-ND1"
2.8009920432292e-134,1.39245480024795,0.963,0.561,8.32090706282099e-130,"11","RPL30"
7.72981234113493e-131,1.43611305808918,0.94,0.561,2.29629535218095e-126,"11","RPS24"
8.64314414975366e-127,1.62019297517009,0.897,0.479,2.56761883256732e-122,"11","NACA"
6.36636875946777e-126,3.47659099502099,0.296,0.049,1.89125716737509e-121,"11","PPP1R14B"
4.50568462317993e-122,2.3708850178766,0.616,0.229,1.33850373100806e-117,"11","JUND"
1.03204999609859e-114,2.47523202702013,0.337,0.066,3.06591092341009e-110,"11","CD81"
3.29216067565186e-113,1.55713726961486,0.867,0.481,9.78002171915899e-109,"11","SH3BGRL3"
4.55143004956226e-113,2.27155202243665,0.538,0.169,1.35209332482346e-108,"11","GIMAP7"
1.46101134246453e-104,1.53676462857592,0.809,0.437,4.34022639505939e-100,"11","MYL12A"
3.61619768006416e-102,1.2287488872995,0.951,0.522,1.07426384481666e-97,"11","RPL29"
6.58803629210209e-96,1.09632849944247,0.984,0.55,1.95710794129477e-91,"11","RPS12"
7.43751466973264e-94,1.06939280219382,0.996,0.782,2.20946248293748e-89,"11","MT-CO1"
2.695471689316e-93,1.09785741011305,0.979,0.544,8.00743774745105e-89,"11","RPS23"
3.2806632989842e-93,1.12887792997224,0.947,0.555,9.74586646229237e-89,"11","RPL18"
5.1843207992491e-92,1.07692947834871,0.984,0.587,1.54010617983293e-87,"11","TMSB10"
4.02450786567281e-91,1.1975439461572,0.897,0.514,1.19556055165542e-86,"11","RPL24"
1.16951176233263e-90,1.19488236558165,0.961,0.657,3.47426859236156e-86,"11","MT-ND4"
3.05382569829744e-89,1.55870126797184,0.745,0.386,9.0720000019322e-85,"11","RPL36AL"
5.31938924370284e-87,1.4864368670666,0.752,0.355,1.5802309626268e-82,"11","CD3D"
2.89544266995056e-86,1.8364529458272,0.713,0.371,8.60149153962213e-82,"11","SRSF7"
3.12116390698372e-86,1.44961923316995,0.852,0.544,9.27204161847653e-82,"11","S100A4"
1.52550085224808e-85,1.72523873281832,0.655,0.317,4.53180538177338e-81,"11","MYL12B"
2.04937469856197e-85,1.24277960449093,0.875,0.53,6.08807741701805e-81,"11","ACTG1"
1.01816897750446e-81,1.04031741999721,0.947,0.54,3.02467458147251e-77,"11","RPS7"
3.58791360119274e-81,1.02891267644727,0.975,0.725,1.06586149350633e-76,"11","MT-CO3"
4.72066326079946e-80,1.89795993939409,0.567,0.247,1.40236743488569e-75,"11","S100A11"
4.22395365883264e-77,1.25546175873591,0.842,0.54,1.25480991342941e-72,"11","S100A6"
2.56893116735646e-76,0.963944386116775,0.979,0.547,7.63152381886583e-72,"11","RPL19"
5.05676983581569e-76,1.23496771626474,0.819,0.498,1.50221461512577e-71,"11","CALM1"
1.69678874756385e-72,1.58639414225392,0.651,0.34,5.04065033238793e-68,"11","CLIC1"
1.0891146304398e-71,1.66939774912159,0.628,0.297,3.23543283264753e-67,"11","LTB"
5.11735542708354e-71,1.43307406810904,0.71,0.406,1.52021277672371e-66,"11","PPIA"
1.14771683036592e-70,1.85191703643754,0.593,0.28,3.40952238796804e-66,"11","GZMA"
1.56226040458256e-70,2.25714044198905,0.429,0.154,4.64100698389342e-66,"11","GZMK"
6.82863373829457e-70,1.04387142801924,0.893,0.533,2.02858222463517e-65,"11","RPL14"
1.60389684787868e-67,1.82421615643046,0.493,0.196,4.76469636599319e-63,"11","CD3G"
1.51217488837104e-66,0.856885094665718,0.986,0.572,4.49221794088384e-62,"11","RPL13"
9.82570433013154e-66,1.46726027931274,0.708,0.411,2.91892198535218e-61,"11","MT-ND5"
1.93752812075181e-65,0.894601387510336,0.94,0.563,5.7558147883174e-61,"11","FAU"
1.92587597004535e-63,0.909715870303501,0.928,0.53,5.72119974421372e-59,"11","RPS9"
5.23124473067052e-63,1.33459932132295,0.69,0.376,1.55404587214029e-58,"11","HCST"
2.2973769861975e-60,0.773213054532443,0.977,0.715,6.8248178128969e-56,"11","HLA-B"
4.22898918595151e-60,2.06431765593258,0.339,0.109,1.25630581747061e-55,"11","GIMAP4"
7.13807084768168e-60,1.01255760136232,0.85,0.53,2.1205067067208e-55,"11","RPL5"
1.17913842361988e-59,1.33149208544306,0.692,0.399,3.50286651504758e-55,"11","CORO1A"
3.56082293587967e-59,1.90675252344089,0.427,0.169,1.05781366956177e-54,"11","MZT2B"
2.73448256965475e-57,1.62178979955643,0.538,0.26,8.12332736967335e-53,"11","YWHAB"
6.22274671287092e-57,0.800814491185958,0.963,0.576,1.84859136599257e-52,"11","RPL11"
1.22090290587318e-56,1.30227561372502,0.713,0.412,3.62693626247747e-52,"11","EEF1B2"
2.18930892983168e-55,1.10212586900391,0.778,0.483,6.50378003785098e-51,"11","CYBA"
8.09482279955731e-55,1.5036561532133,0.483,0.206,2.40472900906449e-50,"11","AHNAK"
1.90056910979324e-54,1.21957276069893,0.698,0.449,5.64602065446278e-50,"11","HNRNPA2B1"
2.16708584683545e-54,1.9743213114403,0.417,0.171,6.43776192519409e-50,"11","AES"
3.6744015133235e-53,0.777885551704054,0.955,0.532,1.09155445756301e-48,"11","RPL26"
5.51301822339105e-53,1.96653915305061,0.413,0.172,1.63775232362278e-48,"11","ISG15"
1.15667119648109e-52,1.06429238136625,0.877,0.634,3.43612312338639e-48,"11","MT-ND2"
1.26444198855152e-52,2.17417600710418,0.331,0.116,3.75627781539e-48,"11","MT-ND4L"
5.19588620424619e-52,1.09787881769613,0.733,0.461,1.54354191469542e-47,"11","ATP5F1E"
5.74074387852783e-52,1.3712214510376,0.626,0.349,1.70540278399426e-47,"11","TRBC2"
6.54145630480967e-52,1.36211133041257,0.637,0.374,1.94327042446981e-47,"11","S100A10"
8.01198491519274e-52,0.770494250532614,0.975,0.545,2.38012035875631e-47,"11","RPS3"
9.17585800391703e-51,1.32213312599186,0.667,0.411,2.72587213722363e-46,"11","TXNIP"
2.61395839279299e-50,0.701700196963267,0.996,0.604,7.76528619747013e-46,"11","RPLP1"
9.82431862989314e-50,0.850298629036079,0.864,0.57,2.91851033538235e-45,"11","BTG1"
1.06463586255294e-49,0.677092723111357,0.858,0.52,3.16271375688603e-45,"11","IL32"
7.11736733534864e-49,1.72177465017913,0.452,0.213,2.11435631431202e-44,"11","SEPT7"
1.86526009608387e-48,1.86557624854327,0.347,0.13,5.54112816743634e-44,"11","CCDC107"
6.97697433404522e-48,1.6099175465271,0.46,0.214,2.07264976541481e-43,"11","PPIB"
1.66888256135268e-47,1.51555473199648,0.497,0.253,4.95774942501042e-43,"11","ARL6IP5"
1.70187900436594e-47,0.710805626982077,0.979,0.564,5.0557719582699e-43,"11","RPS27A"
1.08311914085359e-46,1.79434884967884,0.326,0.118,3.21762203173375e-42,"11","GNAI2"
1.08361557957391e-46,0.710257485246633,0.928,0.532,3.21909680224023e-42,"11","RPL9"
1.55255433391903e-45,1.25081368249031,0.616,0.369,4.61217315977325e-41,"11","HINT1"
1.93829158475637e-45,0.687659938039004,0.969,0.535,5.75808281083574e-41,"11","RPS15A"
1.99814433139632e-45,0.87950054898849,0.813,0.495,5.93588736527906e-41,"11","PFDN5"
2.51604568135718e-45,1.33529430050282,0.534,0.274,7.47441690560778e-41,"11","GNAS"
1.53378057318165e-44,1.5626716850432,0.444,0.213,4.55640194875074e-40,"11","TSPO"
2.47017808191799e-44,1.88493181818626,0.351,0.142,7.33815802795376e-40,"11","CCDC85B"
3.17836764776031e-44,0.652295858514886,0.986,0.543,9.44197677120156e-40,"11","RPS18"
4.26966952099192e-44,1.45173928346048,0.552,0.313,1.26839072460107e-39,"11","LGALS1"
6.8610944760241e-44,1.35111045401549,0.534,0.284,2.03822533599248e-39,"11","ACAP1"
1.18781679365508e-42,0.61822688024391,0.996,0.606,3.52864734891114e-38,"11","TMSB4X"
1.56268355610832e-41,1.16486507767752,0.591,0.344,4.64226404013099e-37,"11","CHCHD2"
2.92317207162428e-41,1.78521426365036,0.326,0.13,8.68386727317425e-37,"11","BST2"
5.31224177231893e-41,0.63072509490335,0.955,0.677,1.57810766330279e-36,"11","HLA-A"
7.41628432847134e-41,0.648917546037824,0.91,0.54,2.20315558545898e-36,"11","RPL36"
1.25929396143943e-40,1.3484519637371,0.52,0.288,3.74098457124813e-36,"11","EDF1"
1.43902756573675e-40,1.87295557592541,0.388,0.173,4.27491918953416e-36,"11","ITM2A"
1.61015601220096e-40,1.4744017199773,0.398,0.177,4.7832904654454e-36,"11","ARL4C"
2.0259790733423e-40,1.08825537134018,0.659,0.427,6.01857603317798e-36,"11","H3F3A"
4.78093630102126e-40,1.09952140759078,0.653,0.418,1.42027274694438e-35,"11","CD2"
5.73561859584117e-40,1.7319072611061,0.355,0.148,1.70388021626654e-35,"11","FLNA"
1.35057289126258e-39,1.64657989051655,0.421,0.208,4.01214688807375e-35,"11","LY6E"
1.37440552880012e-39,1.14941228845759,0.632,0.389,4.08294650440653e-35,"11","CCL5"
2.73671475649461e-39,1.24582886721713,0.53,0.3,8.12995852711855e-35,"11","NDUFA4"
8.16777242925945e-39,0.604385577085499,0.94,0.565,2.42640015556011e-34,"11","RPS8"
5.05982470474714e-38,1.85092055118722,0.285,0.106,1.50312212503923e-33,"11","BLOC1S1"
1.18510226808735e-37,1.23054801199758,0.542,0.322,3.5205833078071e-33,"11","RAC2"
1.83106797512865e-37,1.69385768457433,0.255,0.088,5.43955363371468e-33,"11","NBEAL1"
3.58845778262836e-37,0.658135858699527,0.906,0.542,1.06602315348541e-32,"11","RPL8"
9.02739021224753e-37,1.38554005192748,0.335,0.132,2.68176681035237e-32,"11","SLFN5"
1.17042171981324e-36,0.553069205246239,0.979,0.634,3.47697180304919e-32,"11","EEF1A1"
5.21722840868841e-36,1.04427414679655,0.624,0.389,1.54988204336907e-31,"11","SRP14"
1.36833283924996e-35,0.684238278626232,0.825,0.516,4.06490636555985e-31,"11","RPS21"
1.75445384391029e-35,0.711678740534659,0.819,0.515,5.2119560341043e-31,"11","RACK1"
2.08249083292867e-35,1.24923244457074,0.483,0.261,6.1864555173812e-31,"11","PSMB9"
2.89376996447009e-35,0.56855360602626,0.992,0.598,8.59652243345128e-31,"11","RPL10"
4.81859694419764e-35,1.35807291835033,0.394,0.186,1.43146059421279e-30,"11","TBC1D10C"
6.54785024278142e-35,0.85510223003147,0.762,0.564,1.94516987162308e-30,"11","HLA-E"
9.1892263430694e-35,0.589224838229449,0.932,0.54,2.72984346973563e-30,"11","RPS4X"
1.12974853630579e-34,0.935864738773463,0.739,0.509,3.35614397680361e-30,"11","ZFP36L2"
2.28864249004069e-34,1.66985569246655,0.329,0.146,6.79887024516389e-30,"11","VPS28"
2.8128720551926e-34,1.52066600590126,0.398,0.2,8.35619901436066e-30,"11","C9orf16"
4.7836123305507e-34,1.11090863928513,0.536,0.309,1.4210677150367e-29,"11","CD63"
1.82190387171884e-33,1.41211870400898,0.433,0.228,5.41232983171516e-29,"11","APRT"
5.58333883859475e-33,1.30499858753671,0.476,0.27,1.65864246878134e-28,"11","CD48"
5.83616654324003e-33,0.568061796059683,0.949,0.561,1.73374999500031e-28,"11","RPS15"
6.22144010375191e-33,1.7350758027273,0.349,0.164,1.84820321162158e-28,"11","GZMM"
7.13569957124369e-33,2.2806427328199,0.263,0.104,2.11980227162936e-28,"11","TNF"
8.09048847769597e-33,1.17055375585887,0.507,0.287,2.40344141206914e-28,"11","GMFG"
8.80639331675591e-33,1.13192289181256,0.561,0.356,2.61611526260868e-28,"11","ARPC3"
2.92720861770422e-32,0.689306718609401,0.77,0.5,8.69585864061392e-28,"11","CFL1"
3.03863356265094e-32,1.48809356879543,0.378,0.188,9.02686872456715e-28,"11","DRAP1"
3.56644199302388e-32,1.26952741102029,0.466,0.257,1.0594829228676e-27,"11","GUK1"
6.16652390991495e-32,0.677229473669359,0.782,0.49,1.83188925791843e-27,"11","EEF1D"
8.20041074472051e-32,1.73088935274792,0.251,0.095,2.43609601993412e-27,"11","ABHD17A"
3.39840533024254e-31,0.704302494372874,0.719,0.463,1.00956427145515e-26,"11","CD52"
3.50918199352383e-31,1.20160347393138,0.509,0.307,1.04247269481613e-26,"11","SSR4"
3.85617749557389e-31,1.77944523111574,0.308,0.139,1.14555464861014e-26,"11","SEPT1"
4.31865399239631e-31,1.56102790813495,0.357,0.173,1.28294254152117e-26,"11","EID1"
4.72642083945828e-31,0.906681237309808,0.653,0.462,1.40407783877787e-26,"11","HMGB1"
6.71548165050516e-31,0.479427709769987,0.971,0.554,1.99496813391557e-26,"11","RPL32"
6.85178406755083e-31,0.653228516420356,0.791,0.503,2.03545949294733e-26,"11","RPSA"
7.68641251862703e-31,0.784961943649386,0.723,0.482,2.28340256690853e-26,"11","MYL6"
9.08689617057019e-31,0.766549408712065,0.762,0.496,2.69944424539129e-26,"11","GAPDH"
2.7411864764985e-30,0.54959380202828,0.883,0.528,8.1432426657341e-26,"11","RPS3A"
4.02357384143763e-30,1.16435574428523,0.52,0.314,1.19528308107588e-25,"11","EMP3"
4.16064697511351e-30,1.60166263765269,0.326,0.153,1.23600339689697e-25,"11","ABRACL"
4.99002715187726e-30,0.591755095248143,0.834,0.509,1.48238736600818e-25,"11","UBA52"
1.14084144740246e-29,1.11608450978534,0.48,0.282,3.3890976877985e-25,"11","PSMA7"
1.28395776346937e-29,1.49485309709682,0.357,0.176,3.81425332793845e-25,"11","PLP2"
3.80296619109547e-29,1.41246468291885,0.337,0.161,1.12974716638873e-24,"11","ATP5IF1"
4.07278880154624e-29,1.38614385783166,0.353,0.173,1.20990336927534e-24,"11","ARPC5"
4.75206720283076e-29,1.06222556902321,0.493,0.286,1.41169660394493e-24,"11","LCP1"
5.19828579533842e-29,1.32494412257601,0.396,0.207,1.54425476122119e-24,"11","DAD1"
6.33771813654562e-29,1.67114525041221,0.298,0.134,1.88274592682361e-24,"11","SEPT9"
3.33697768949678e-28,1.52767099721988,0.331,0.16,9.91315962218809e-24,"11","PAXX"
4.60090621845137e-28,1.54943611166571,0.347,0.171,1.36679121031535e-23,"11","GPX4"
4.81216492760112e-28,0.538544593322194,0.879,0.54,1.42954983504246e-23,"11","RPL6"
6.46419189593019e-28,0.770797977910749,0.719,0.495,1.92031748652398e-23,"11","SERF2"
1.04684264100136e-27,0.469500374303069,0.982,0.551,3.10985543362273e-23,"11","RPS19"
1.40325651850418e-27,1.60876632016198,0.324,0.156,4.16865413952038e-23,"11","APOBEC3G"
5.40254793678172e-27,1.57839889099933,0.306,0.143,1.60493491557975e-22,"11","SMDT1"
6.07566845280336e-27,0.588837396897497,0.764,0.493,1.80489882727429e-22,"11","RPL22"
1.28874918577995e-26,1.71428821446601,0.277,0.126,3.82848720619651e-22,"11","TSTD1"
5.98458564043965e-26,0.505526982693713,0.873,0.543,1.77784085620541e-21,"11","RPL37"
7.28011762702586e-26,1.39749608068257,0.345,0.177,2.16270454346057e-21,"11","RPS27L"
3.27144796406072e-25,1.13202485192365,0.55,0.372,9.71849046683519e-21,"11","FOSB"
3.99747727273501e-25,0.438892124303143,0.943,0.548,1.18753057341139e-20,"11","RPL3"
6.16881046061886e-25,1.06970150195988,0.452,0.262,1.83256852353605e-20,"11","CD3E"
7.71994976760181e-25,0.6723403200088,0.749,0.519,2.29336547746147e-20,"11","HSP90AA1"
2.03809096821617e-24,1.41009246629234,0.329,0.169,6.05455683927978e-20,"11","MZT2A"
4.70370906709279e-24,1.10862472755701,0.411,0.229,1.39733085256125e-19,"11","SRRM2"
4.76365897261979e-24,1.52804247625624,0.277,0.128,1.41514017099616e-19,"11","TOMM20"
5.03519443281146e-24,1.49369429795008,0.294,0.143,1.4958052101553e-19,"11","SELENOH"
6.62472449220442e-24,0.460793552418285,0.889,0.545,1.96800690489917e-19,"11","RPL12"
8.09797176873772e-24,1.33943943957477,0.374,0.208,2.40566447333892e-19,"11","HLA-F"
1.50087805827909e-23,1.19890965025728,0.513,0.345,4.45865844772969e-19,"11","IL7R"
1.94862769645395e-23,1.07735987529621,0.468,0.293,5.78878829785576e-19,"11","COX6C"
2.14265706541408e-23,0.500839927468865,0.791,0.5,6.36519134422561e-19,"11","RPLP0"
2.16167913254519e-23,0.99067809778473,0.505,0.327,6.42170019905198e-19,"11","SRSF5"
2.35532285909528e-23,0.758820101186759,0.618,0.409,6.99695761751434e-19,"11","IER2"
3.12240173244663e-23,1.14208574379305,0.429,0.254,9.2757188265792e-19,"11","ITGB2"
3.71214240224594e-23,1.33532800080161,0.345,0.188,1.1027661434352e-18,"11","ATP5PF"
4.07796521837492e-23,0.831259171403218,0.593,0.404,1.21144112742264e-18,"11","TMA7"
4.5970264873219e-23,0.683238738164032,0.661,0.459,1.36563865858872e-18,"11","FOS"
4.64385621323521e-23,1.33562555921459,0.277,0.129,1.37955036526578e-18,"11","LSM8"
7.45300053648791e-23,0.829651662071645,0.618,0.451,2.21406286937446e-18,"11","ITM2B"
1.19364419138413e-22,0.972742067550462,0.466,0.279,3.54595879934484e-18,"11","LIMD2"
2.49255694496284e-22,0.401739512933951,0.963,0.552,7.40463891640112e-18,"11","RPS14"
2.58358504201237e-22,1.15180831027281,0.409,0.241,7.67505608430615e-18,"11","NDUFS5"
3.0343060756628e-22,0.440371050398443,0.998,0.828,9.01401305897149e-18,"11","B2M"
4.17925690767873e-22,1.64959833246805,0.265,0.127,1.24153184956412e-17,"11","NDUFB10"
8.0042713967506e-22,1.30896817708924,0.306,0.155,2.3778289038327e-17,"11","PSMB8"
8.91788799660238e-22,1.30071018080529,0.312,0.162,2.64923698715067e-17,"11","ANP32B"
1.3105244845177e-21,1.41785509023145,0.267,0.127,3.89317508615672e-17,"11","NDUFS6"
2.78866899721866e-21,1.39735560427311,0.251,0.116,8.28429899003748e-17,"11","RGS10"
3.1246749095786e-21,0.656559334508455,0.577,0.376,9.28247175388516e-17,"11","TRAC"
4.6344427471641e-21,0.658848098243907,0.645,0.435,1.37675390690004e-16,"11","OAZ1"
6.39174379921496e-21,1.35243916350949,0.279,0.138,1.89879533043279e-16,"11","SELENOW"
6.79558669267107e-21,1.37437806440417,0.329,0.178,2.0187649387918e-16,"11","SOCS1"
9.59262648632018e-21,1.21969476132743,0.324,0.174,2.84968155029113e-16,"11","ATP5MC3"
9.61214551160048e-21,1.46680329743956,0.265,0.129,2.85548006713115e-16,"11","GNG5"
1.77823013153373e-20,0.326537224162655,0.938,0.573,5.28258825174726e-16,"11","RPL39"
2.0470271702346e-20,0.890994906221683,0.52,0.347,6.08110361461594e-16,"11","OST4"
2.15462621085454e-20,0.966657419695127,0.548,0.401,6.40074808458558e-16,"11","FUS"
2.59333691586021e-20,1.20333839767836,0.343,0.19,7.70402597594594e-16,"11","TXN"
2.65670156838718e-20,1.56675420247404,0.259,0.124,7.89226334920778e-16,"11","GABPB1-AS1"
2.81670270129234e-20,1.31613300690649,0.255,0.12,8.36757871472915e-16,"11","TYMP"
6.35287514483254e-20,1.21167512298447,0.308,0.162,1.8872486192754e-15,"11","DEK"
6.89328088339418e-20,1.21069494251541,0.351,0.202,2.04778695202991e-15,"11","SPCS1"
9.86064321167891e-20,0.369462403017444,0.901,0.541,2.92930127889345e-15,"11","RPL35A"
1.2735552467598e-19,0.715142501680694,0.522,0.336,3.78335057154935e-15,"11","DDIT4"
2.23524288528544e-19,0.394388248620473,0.928,0.538,6.64023603931745e-15,"11","RPL15"
2.65847885015988e-19,1.09168990625823,0.341,0.191,7.89754312016994e-15,"11","PTP4A2"
3.59957907828194e-19,1.3822825434161,0.257,0.125,1.06932695678522e-14,"11","LGALS3"
4.03013237563195e-19,0.477577056050777,0.565,0.381,1.19723142482898e-14,"11","ANXA1"
5.21033406365007e-19,0.885490756660191,0.487,0.33,1.54783394028853e-14,"11","ATP5MC2"
5.7257696143047e-19,0.317651858612996,0.912,0.532,1.7009543793215e-14,"11","RPS25"
6.38329579644782e-19,0.944929819969714,0.372,0.213,1.89628568225075e-14,"11","CTSC"
7.5300099781379e-19,1.41508264069435,0.259,0.13,2.23694006420543e-14,"11","SRSF9"
8.27217207582913e-19,0.301902259278208,0.834,0.515,2.45741415856656e-14,"11","UBC"
1.04570792289502e-18,1.14756437241106,0.376,0.23,3.10648452654425e-14,"11","NEDD8"
1.26309861590469e-18,0.972515906236211,0.439,0.287,3.75228705826806e-14,"11","UBL5"
2.52049742863683e-18,0.866051359162529,0.491,0.331,7.48764171125143e-14,"11","ZFAS1"
3.14635489475109e-18,0.565383862667836,0.632,0.428,9.34687648583707e-14,"11","COX4I1"
3.79212594003524e-18,1.3683071841398,0.304,0.17,1.12652685300627e-13,"11","RABAC1"
3.82135994274698e-18,1.19783463657725,0.32,0.182,1.13521139819185e-13,"11","C19orf53"
4.89362441025253e-18,0.325473588172871,0.858,0.534,1.45374900355372e-13,"11","RPS13"
5.14630967543982e-18,0.938658889451533,0.472,0.317,1.52881421528291e-13,"11","EIF3K"
5.78860007636929e-18,1.17340708367991,0.314,0.176,1.71961942468703e-13,"11","CSTB"
8.08478851386695e-18,0.956271571990233,0.456,0.308,2.40174812381445e-13,"11","TPM3"
8.12133906175509e-18,1.22496105665706,0.318,0.18,2.41260619507558e-13,"11","DBI"
1.05381127281817e-17,1.1178075252605,0.357,0.217,3.13055714816092e-13,"11","COX5B"
1.71923180338228e-17,1.3690835771033,0.257,0.133,5.10732191830775e-13,"11","NDUFB7"
2.309689258637e-17,0.926183133719685,0.499,0.349,6.86139388063295e-13,"11","LAPTM5"
2.44710440407416e-17,1.25010904900063,0.292,0.159,7.26961305318312e-13,"11","CTSD"
3.37955206803538e-17,1.21977391601297,0.304,0.172,1.00396353285127e-12,"11","REX1BD"
5.96601016404502e-17,1.11303649378456,0.361,0.224,1.77232263943285e-12,"11","PARK7"
6.21761744454194e-17,0.329603487616209,0.813,0.506,1.84706761425007e-12,"11","RPS5"
7.15686136194749e-17,0.897961343732656,0.427,0.277,2.12608880479374e-12,"11","TRIR"
7.87391983028786e-17,0.329388618706945,0.828,0.506,2.33910536398362e-12,"11","RPL27"
1.13892489016095e-16,1.07547403051485,0.32,0.185,3.38340417120115e-12,"11","PEBP1"
1.16082192249856e-16,0.872117031734026,0.46,0.31,3.44845368516648e-12,"11","CD37"
1.63878576878125e-16,1.21917449307215,0.345,0.212,4.86834088331847e-12,"11","ATP5F1D"
2.75315438853824e-16,0.557106663367182,0.606,0.435,8.17879574203054e-12,"11","NPM1"
6.09198246342816e-16,0.346234300603427,0.842,0.606,1.8097452304106e-11,"11","HLA-C"
6.31800479068581e-16,0.261790810241685,0.926,0.538,1.87688968316903e-11,"11","RPL18A"
7.02919729858337e-16,1.29679014475246,0.402,0.276,2.08816364149016e-11,"11","CCL4"
8.04775043866128e-16,1.4421027049749,0.255,0.137,2.39074522281311e-11,"11","CD27"
8.68173776129203e-16,0.286576874655791,0.856,0.517,2.57908383674702e-11,"11","RPL10A"
1.18228453371112e-15,1.14255837627262,0.351,0.218,3.51221266429562e-11,"11","EIF3G"
1.2927202384206e-15,1.11045938257005,0.32,0.192,3.84028401227608e-11,"11","C12orf57"
1.62292181177909e-15,0.840071444098386,0.429,0.286,4.82121382625213e-11,"11","ATP6V0E1"
1.63938411916309e-15,0.566501773910856,0.626,0.449,4.8701184027978e-11,"11","BTF3"
1.9635293868999e-15,1.02635529826457,0.386,0.255,5.83305674966353e-11,"11","NCL"
2.6960829557215e-15,1.15821556728533,0.32,0.192,8.00925363656185e-11,"11","HSP90B1"
3.67852451708791e-15,1.21034910213082,0.31,0.185,1.09277927829131e-10,"11","PPP1R10"
3.92778181925881e-15,0.840953161637477,0.431,0.296,1.16682614504721e-10,"11","PNRC1"
6.00736752134731e-15,1.13744595333186,0.281,0.158,1.78460866956665e-10,"11","REEP5"
6.26039675826673e-15,1.19876245480962,0.29,0.17,1.8597760649783e-10,"11","SF3B5"
7.06196791712441e-15,0.88114884976635,0.275,0.146,2.09789880914015e-10,"11","TRIM22"
9.12800954218455e-15,0.707081842290265,0.515,0.369,2.71165779469676e-10,"11","SRSF3"
9.25685299487835e-15,1.20305268065038,0.279,0.16,2.74993331918851e-10,"11","UQCR10"
9.41998300786298e-15,1.18082336981768,0.335,0.207,2.79839435214586e-10,"11","HLA-DRB1"
1.03727689109676e-14,1.06901201189491,0.259,0.14,3.08143846038114e-10,"11","CCND2"
1.08829784132779e-14,0.961417353418649,0.448,0.316,3.23300639723246e-10,"11","DDX3X"
1.11014481153838e-14,0.596996089374192,0.532,0.371,3.29790719163706e-10,"11","COMMD6"
1.44752128499905e-14,1.0553177189439,0.326,0.197,4.30015148134667e-10,"11","NDUFB8"
1.49357853192634e-14,1.27028322379332,0.261,0.148,4.43697374479357e-10,"11","PRELID1"
2.12758977762047e-14,1.28414895087258,0.255,0.142,6.32043095237713e-10,"11","DPP7"
5.45726337332203e-14,0.984114931726207,0.345,0.221,1.62118923031278e-09,"11","PRDX1"
6.4210180725896e-14,1.13091138495957,0.281,0.166,1.90749183882419e-09,"11","ERP29"
9.14327604418741e-14,1.04092822405378,0.29,0.17,2.71619301444675e-09,"11","CLEC2B"
1.44288891275581e-13,0.893448457424052,0.378,0.25,4.28639009312369e-09,"11","SLC25A3"
1.52021559563491e-13,0.751074586321731,0.509,0.381,4.51610446995263e-09,"11","RSRP1"
1.575026347477e-13,0.791233726146984,0.429,0.297,4.67893077044992e-09,"11","COX7A2"
1.83201660987702e-13,0.542365084443501,0.585,0.429,5.44237174296166e-09,"11","TOMM7"
1.84384328765297e-13,0.888785847437622,0.318,0.193,5.47750525463069e-09,"11","LAT"
2.39626462781276e-13,0.98827041146713,0.37,0.245,7.11858332984335e-09,"11","GSTK1"
2.51365445919243e-13,1.10013507760713,0.294,0.177,7.46731330192295e-09,"11","VAMP8"
6.14399871568816e-13,0.83684001807521,0.343,0.218,1.82519769846948e-08,"11","MPHOSPH8"
6.33123019149232e-13,0.627241835582305,0.556,0.42,1.88081855298662e-08,"11","ATP5MG"
7.55453232056195e-13,0.643036415102027,0.505,0.375,2.24422491646934e-08,"11","EIF4A2"
9.44794975482683e-13,1.00278335858608,0.312,0.194,2.80670243366641e-08,"11","SET"
1.29382666363512e-12,1.00769381781909,0.353,0.237,3.84357086966085e-08,"11","HMGN1"
2.41722535143049e-12,0.932684423220003,0.269,0.156,7.18085135149457e-08,"11","ORMDL1"
2.90036354821954e-12,1.09967384803158,0.304,0.195,8.61610999269578e-08,"11","UBXN1"
3.17688446096218e-12,0.535159867250069,0.606,0.459,9.43757066818035e-08,"11","ARHGDIB"
3.48112064428765e-12,0.943344277245544,0.302,0.186,1.03413650979853e-07,"11","SSBP1"
3.57462763148161e-12,0.829036803345085,0.32,0.203,1.06191463048424e-07,"11","SEC11A"
4.18258912960724e-12,0.748183616473099,0.279,0.16,1.24252175273242e-07,"11","HP1BP3"
4.82456703127793e-12,0.964396802830489,0.281,0.171,1.43323412798174e-07,"11","RBX1"
9.50682339813687e-12,0.918957007840966,0.318,0.203,2.82419202688452e-07,"11","ALOX5AP"
1.19087340939766e-11,0.701626627028934,0.444,0.318,3.53772763729763e-07,"11","UQCRB"
1.220130352706e-11,0.892287586212539,0.374,0.259,3.6246412387837e-07,"11","CIB1"
1.23631823593059e-11,0.517072338567611,0.546,0.408,3.67273058347901e-07,"11","EVL"
1.61487789126988e-11,1.06592749665507,0.269,0.166,4.79731775159544e-07,"11","OCIAD2"
1.722858245425e-11,1.18241015731678,0.255,0.155,5.11809498968404e-07,"11","MINOS1"
1.9681140152574e-11,0.89731766507528,0.345,0.233,5.84667630512517e-07,"11","PSME2"
2.05726123297245e-11,0.758658050015106,0.363,0.24,6.11150594479125e-07,"11","SF3B1"
3.19341503640793e-11,0.908700348132042,0.283,0.174,9.48667804865704e-07,"11","CBX3"
3.72284104566228e-11,0.794578999903561,0.4,0.285,1.10594438943489e-06,"11","ELOB"
4.45501484487064e-11,0.807136340657379,0.4,0.29,1.32345125996572e-06,"11","SUMO2"
4.85199410719825e-11,0.967056272765089,0.386,0.272,1.44138188942538e-06,"11","CST7"
5.13229343904586e-11,0.618194996904487,0.361,0.234,1.52465041193735e-06,"11","TRAF3IP3"
5.45111060894799e-11,0.82324957289471,0.4,0.289,1.61936142860018e-06,"11","TMBIM6"
5.63991163893879e-11,1.00698545386237,0.312,0.209,1.67544855057955e-06,"11","COX8A"
7.08100036994074e-11,1.09451140734903,0.298,0.193,2.1035527798983e-06,"11","NDUFB11"
1.20823895927567e-10,0.791411470461399,0.386,0.272,3.58931547632022e-06,"11","CKLF"
1.37462687322725e-10,0.735285011046543,0.337,0.227,4.08360405229618e-06,"11","TUBA4A"
1.48736468124297e-10,0.795981699436648,0.294,0.18,4.41851425856849e-06,"11","TMBIM4"
1.78445404811049e-10,0.999102441870042,0.324,0.225,5.30107764072185e-06,"11","TRMT112"
3.08580361679869e-10,0.735761023665918,0.265,0.159,9.16699680442387e-06,"11","TPR"
4.49361595075461e-10,0.894523154687336,0.331,0.229,1.33491849049067e-05,"11","CALR"
4.54162989845664e-10,0.780193188840348,0.277,0.172,1.34918199393451e-05,"11","TGFB1"
4.89772080637463e-10,0.601521450934185,0.322,0.205,1.45496591994971e-05,"11","MYH9"
5.36296152578746e-10,0.658557155493301,0.392,0.28,1.59317498046568e-05,"11","SOD1"
5.98584115624623e-10,1.07761946141601,0.255,0.162,1.77821383228607e-05,"11","PRDX5"
6.66181541599185e-10,0.923766556939512,0.304,0.203,1.9790255056287e-05,"11","ICAM3"
7.12754035640149e-10,0.660218971896841,0.483,0.388,2.11737841367619e-05,"11","RPS4Y1"
9.25032192874451e-10,0.642022205646014,0.452,0.345,2.74799313537213e-05,"11","SUB1"
1.17526441140167e-09,0.886660586675343,0.251,0.153,3.49135798695094e-05,"11","PNN"
1.45044416251646e-09,1.05420168295056,0.302,0.206,4.30883447358763e-05,"11","GYPC"
1.47065418716716e-09,1.04067065689029,0.279,0.183,4.36887239381749e-05,"11","PCBP1"
1.80186211418328e-09,0.898443460752536,0.292,0.196,5.35279178260427e-05,"11","PSMB1"
2.04158968311691e-09,0.62361688215204,0.417,0.3,6.06495047163542e-05,"11","COTL1"
2.53254844878395e-09,0.81425873415654,0.279,0.181,7.52344167680249e-05,"11","PTPN7"
2.78420883478937e-09,0.777415487727727,0.331,0.228,8.27104918550879e-05,"11","TAPBP"
4.76127987085394e-09,0.844628965189499,0.304,0.205,0.000141443341123458,"11","GPSM3"
7.17035376680688e-09,0.865117579666069,0.302,0.206,0.000213009699350532,"11","ANXA2"
7.78810317177744e-09,0.841052266596631,0.275,0.181,0.000231361180923992,"11","ARPC4"
9.9481467740515e-09,0.738370566657598,0.322,0.225,0.000295529596216748,"11","ATP6V1G1"
1.00742225020345e-08,0.758276973026723,0.31,0.213,0.000299274927867939,"11","NDUFB2"
1.19022539473105e-08,0.737621715040868,0.292,0.197,0.000353580258012753,"11","KLRB1"
1.58256136938824e-08,0.691641415009723,0.363,0.266,0.000470131506004164,"11","HNRNPA3"
1.75228840864654e-08,0.878224564796159,0.3,0.209,0.000520552317556627,"11","BTG2"
1.97151412695052e-08,0.899197859360353,0.296,0.207,0.000585677701693191,"11","ARF6"
2.22793677861076e-08,0.7528568927704,0.265,0.173,0.000661853178821899,"11","SEM1"
2.33753808118087e-08,0.616382637347613,0.359,0.256,0.0006944124377764,"11","PTGES3"
2.87520254887129e-08,0.8318581457766,0.359,0.275,0.000854136421193194,"11","HSPA1A"
3.08599485977341e-08,0.412275893815512,0.565,0.456,0.000916756492992888,"11","ARPC2"
3.37751863561145e-08,0.874300381264004,0.292,0.204,0.00100335946108109,"11","COPE"
3.52232568069072e-08,0.672685833246543,0.425,0.334,0.00104637728996279,"11","ZFP36L1"
3.66305070824529e-08,0.367518966795513,0.538,0.413,0.00108818247389843,"11","COX7C"
4.44014814328604e-08,0.788186245838971,0.283,0.192,0.00131903480892598,"11","TAF1D"
4.61556885839985e-08,0.779239454363557,0.378,0.288,0.00137114704076484,"11","COX6B1"
4.7326390922403e-08,0.566691453952898,0.4,0.303,0.00140592509513182,"11","CCNI"
5.13416276907647e-08,0.583669884805424,0.388,0.283,0.00152520573380955,"11","CTSW"
5.85391940834388e-08,0.825007387174046,0.273,0.187,0.00173902383863672,"11","TMEM50A"
6.51693108230332e-08,0.927395600809371,0.314,0.23,0.00193598471661985,"11","CUTA"
6.56579888992472e-08,0.681289022267139,0.339,0.244,0.00195050187622994,"11","TMEM59"
1.11858822814527e-07,0.782498333714245,0.277,0.188,0.00332299004935115,"11","SLA"
1.14774279663865e-07,0.6220974019367,0.384,0.295,0.00340959952597443,"11","RHOA"
1.27932013173217e-07,0.877499960693192,0.273,0.187,0.00380047631533676,"11","ATP5MD"
1.53985319421825e-07,0.589132800770732,0.287,0.188,0.00457444188406416,"11","KMT2A"
1.56876942399453e-07,0.828175733738165,0.257,0.173,0.00466034332786054,"11","ERH"
1.77583121595846e-07,0.82516484410999,0.283,0.193,0.00527546179324779,"11","GCC2"
2.08717058757674e-07,0.678743733106344,0.339,0.25,0.00620035766451421,"11","DDX24"
2.84470761697526e-07,0.52328776180841,0.446,0.357,0.0084507729177484,"11","SRSF2"
3.06423051833244e-07,0.841161597820928,0.261,0.18,0.00910290960081019,"11","WDR83OS"
3.07731167509704e-07,0.743402222785272,0.294,0.212,0.00914176979321078,"11","GSTP1"
1.01842012721408e-06,0.812801202568132,0.261,0.182,0.0302542067191485,"11","H2AFV"
1.03644471025165e-06,0.587911281328224,0.37,0.285,0.0307896630074458,"11","UQCR11"
1.50237717544737e-06,0.669228789551588,0.3,0.217,0.044631118751015,"11","C11orf58"
1.60397111183494e-06,0.497847726571969,0.37,0.273,0.0476491698192807,"11","NKTR"
2.70366887096463e-06,0.708708492678257,0.283,0.204,0.0803178911497463,"11","SPCS2"
2.99350507291087e-06,0.607738333112218,0.302,0.223,0.0889280552009632,"11","SEC61G"
3.20691920212377e-06,0.792710828237321,0.275,0.202,0.0952679487374908,"11","RARRES3"
4.15596559983416e-06,0.627110080130525,0.351,0.272,0.123461270074274,"11","SSR2"
4.2948741274693e-06,0.734524772063215,0.312,0.235,0.12758782570473,"11","ARL6IP4"
4.827141342181e-06,0.673045776878008,0.31,0.236,0.143399887852171,"11","CAP1"
5.74957744511347e-06,0.514793942261362,0.415,0.331,0.170802697161986,"11","PSME1"
5.91796301403181e-06,0.806730500591349,0.269,0.199,0.175804927257843,"11","HIGD2A"
6.03525937749327e-06,0.457173228801254,0.4,0.313,0.179289450327193,"11","ARPC1B"
6.81804425684597e-06,0.902547835184082,0.271,0.203,0.202543640738123,"11","HLA-DPA1"
7.41370693168538e-06,0.317288523732588,0.47,0.371,0.220238991819578,"11","GADD45B"
7.66496608347441e-06,0.460010543949316,0.304,0.221,0.227703147441774,"11","MSN"
7.77042534123422e-06,0.370913379129808,0.419,0.329,0.230836025612045,"11","PRRC2C"
8.08485058417823e-06,0.264151834862239,0.466,0.369,0.240176656304183,"11","RNF213"
9.40400517357477e-06,0.456770199236911,0.493,0.419,0.279364781691386,"11","CIRBP"
1.07859385034487e-05,0.689377563510798,0.273,0.204,0.320417875121951,"11","SNU13"
1.62376125819017e-05,0.71812999683626,0.273,0.205,0.482370756970554,"11","COX7B"
1.66512832366244e-05,0.642636161892372,0.345,0.274,0.494659671110401,"11","RBM3"
1.7070591373577e-05,0.678057172206954,0.294,0.224,0.507116057934853,"11","LAMTOR4"
1.73775162506874e-05,0.658484033911298,0.306,0.24,0.51623387525917,"11","SEC61B"
2.00334232901081e-05,0.274046374090082,0.298,0.222,0.595132905679242,"11","HSPA1B"
3.07900362749621e-05,0.415840049516622,0.441,0.367,0.914679607620298,"11","CDC42"
3.28509492931918e-05,0.621248171341281,0.349,0.285,0.975903150652849,"11","SFPQ"
4.00801112025599e-05,0.407143706667756,0.556,0.486,1,"11","KLF6"
6.01356336073914e-05,0.690475384425702,0.279,0.217,1,"11","SNRPB"
7.30383829076268e-05,0.517140250069112,0.316,0.25,1,"11","NDUFA13"
8.46950159605108e-05,0.618933578385419,0.341,0.281,1,"11","HLA-DPB1"
9.13896795740105e-05,0.480922336302914,0.257,0.189,1,"11","ACTN4"
9.79566663766706e-05,0.463150478990144,0.343,0.27,1,"11","PNISR"
0.000152314274817515,0.485151817324108,0.398,0.337,1,"11","HNRNPK"
0.000159088318001651,0.626871484569872,0.267,0.205,1,"11","RSRC2"
0.000164532716021061,0.599466532578345,0.304,0.246,1,"11","RAN"
0.000176964767305648,0.340856071857953,0.433,0.356,1,"11","NOP53"
0.000191007533314962,0.419198503324512,0.409,0.344,1,"11","TUBA1B"
0.00022910822598655,0.390440650378008,0.368,0.301,1,"11","MCL1"
0.000236006147095719,0.310532956115638,0.349,0.278,1,"11","HSPE1"
0.000308238176505041,0.447109541798449,0.324,0.262,1,"11","TRBC1"
0.000310035422187439,0.558233327907834,0.275,0.215,1,"11","SRRM1"
0.000327208950654506,0.494533043712409,0.357,0.302,1,"11","SNRPD2"
0.00036992562888011,0.610878193670083,0.261,0.206,1,"11","TERF2IP"
0.000378322060501223,0.580726763131086,0.292,0.236,1,"11","NDUFA1"
0.000391700779148894,0.613357179183396,0.292,0.234,1,"11","POLR2L"
0.000558659654957539,0.29295167685647,0.439,0.37,1,"11","IFITM2"
0.000593599450245756,0.564782656592747,0.3,0.251,1,"11","PKM"
0.000759459126578239,0.258595052944262,0.446,0.374,1,"11","SLC25A6"
0.000766462384624757,0.511075780019676,0.355,0.302,1,"11","HNRNPU"
0.000786741820004726,0.366325199813551,0.454,0.399,1,"11","CD99"
0.00103823399192017,0.478154518789813,0.331,0.284,1,"11","UQCRH"
0.00139195356698834,0.409340815552178,0.37,0.318,1,"11","NAP1L1"
0.00146772438462086,0.581646125810504,0.277,0.232,1,"11","EIF4G2"
0.00163877860852612,0.480582066764894,0.253,0.201,1,"11","TMEM258"
0.00171638784452619,0.354478218395723,0.446,0.402,1,"11","SON"
0.00194703114053449,0.473376695207972,0.277,0.226,1,"11","HMGN2"
0.00237855854399144,0.347569008764117,0.32,0.263,1,"11","CNBP"
0.00302757232770215,0.328849171886851,0.253,0.198,1,"11","HCLS1"
0.00371344072602651,0.397426911347161,0.261,0.21,1,"11","HNRNPF"
0.00392381364426939,0.562828690865421,0.306,0.267,1,"11","EIF3F"
0.00410604219880784,0.323457095922702,0.273,0.224,1,"11","TBCA"
0.00439026593614102,0.381565855499264,0.277,0.229,1,"11","TCF25"
0.00449158733314234,0.349634510933594,0.281,0.231,1,"11","RUNX3"
0.00809828661124815,0.469267345451154,0.277,0.237,1,"11","EIF5"
2.11222499622876e-184,4.07120188008438,0.28,0.03,6.27478679629677e-180,"12","EBF1"
1.68925401978923e-154,3.69810739509069,0.286,0.038,5.01826691658785e-150,"12","PTPN13"
1.2864345168363e-122,3.36994854469163,0.294,0.05,3.8216110191656e-118,"12","COL1A1"
6.62514261483069e-119,3.03524597008023,0.346,0.071,1.96813111658775e-114,"12","COL1A2"
9.25111738240635e-119,3.11281576754825,0.34,0.069,2.74822944079146e-114,"12","COL3A1"
3.62979553969264e-94,2.3603458561018,0.354,0.085,1.07830336097649e-89,"12","AL136456.1"
1.51956621843568e-86,2.00196968957087,0.366,0.094,4.51417536510686e-82,"12","LINC02694"
4.50599466973491e-65,1.16984251447176,0.823,0.522,1.33859583653815e-60,"12","MBNL1"
3.10148839314466e-55,1.53338193433707,0.537,0.261,9.21359156951483e-51,"12","RUNX1"
1.3119675538536e-50,1.40921341535783,0.543,0.271,3.89746201223289e-46,"12","LPP"
8.11204302617062e-50,1.02845090281577,0.79,0.521,2.40984462178451e-45,"12","ARHGAP15"
7.74476387736647e-49,1.3566788448865,0.603,0.326,2.30073700504926e-44,"12","INPP4B"
1.26495141720232e-48,1.4100364497057,0.492,0.228,3.75779117508294e-44,"12","THEMIS"
1.99589099154684e-47,1.68644602432536,0.331,0.117,5.92919336858819e-43,"12","PLCB1"
7.07461586513303e-45,1.04406019427582,0.675,0.405,2.10165613505507e-40,"12","ZBTB20"
2.99070062298266e-43,1.80668009541439,0.531,0.32,8.88447434069459e-39,"12","RORA"
4.37864721868815e-43,0.365078470769754,1,0.999,1.30076472925569e-38,"12","MALAT1"
6.67052113303495e-40,1.47356478719646,0.506,0.288,1.98161171299069e-35,"12","JMJD1C"
6.09101561987568e-39,1.52923726970368,0.469,0.246,1.80945801019647e-34,"12","BCL2"
8.20919505881129e-37,1.83436154262198,0.259,0.093,2.43870557612107e-32,"12","EXT1"
1.77725014436351e-36,1.47947660670413,0.352,0.154,5.27967700386067e-32,"12","GNAQ"
8.08016049378416e-36,1.62642439401186,0.449,0.247,2.40037327788846e-31,"12","RBMS1"
2.96891649700626e-35,1.33933067108586,0.572,0.382,8.8197602376565e-31,"12","EML4"
4.70203436318673e-34,1.06317782953799,0.607,0.406,1.39683334827188e-29,"12","FOXP1"
7.63371520575475e-34,1.25979505942751,0.496,0.287,2.26774777617356e-29,"12","MACF1"
7.66869982692816e-33,1.66468851294308,0.298,0.124,2.27814065758555e-28,"12","AC068587.4"
2.05414067429351e-32,1.3557969581746,0.465,0.268,6.10223570112374e-28,"12","KANSL1"
2.79016608848871e-32,1.64653846361438,0.377,0.189,8.28874639907343e-28,"12","MDFIC"
3.2480857042411e-32,1.09226018236774,0.502,0.286,9.64908820158903e-28,"12","FTX"
2.15712152051885e-31,1.38716532545087,0.465,0.269,6.40816090100536e-27,"12","PDE7A"
5.75013184169458e-31,1.30173517612947,0.447,0.252,1.70819166621221e-26,"12","PPP3CA"
1.14334146124486e-30,1.26336820589998,0.381,0.184,3.39652447892012e-26,"12","IMMP2L"
1.23569222972681e-30,1.12954581267264,0.481,0.272,3.67087090684944e-26,"12","ZFAND3"
1.4437229267545e-30,1.39714145938942,0.401,0.209,4.2888676985096e-26,"12","SOS1"
1.9790575161231e-30,1.56159158406767,0.346,0.171,5.87918616314689e-26,"12","PDE4D"
2.71993161852372e-30,0.974009748811402,0.533,0.314,8.08010085914842e-26,"12","ATXN1"
2.77280006220173e-30,1.69771626359105,0.272,0.112,8.23715714478267e-26,"12","AUTS2"
8.13663349936137e-29,1.64256883548122,0.319,0.153,2.41714971365528e-24,"12","DIAPH2"
3.92464231969261e-28,1.62342754972339,0.296,0.135,1.16589349391108e-23,"12","ASAP1"
9.33717007082444e-28,1.03666823640341,0.471,0.271,2.77379311293982e-23,"12","PCNX1"
1.10460796285849e-27,1.03736699998918,0.527,0.334,3.28145887526371e-23,"12","ARID1B"
1.26994913514313e-27,1.31524823395991,0.354,0.174,3.77263789576968e-23,"12","WWOX"
1.0824737439813e-25,1.51896734752883,0.278,0.125,3.21570475124524e-21,"12","FNDC3B"
1.11187445701781e-25,0.967525117931898,0.477,0.28,3.30304544946281e-21,"12","DPYD"
2.14731523086985e-25,1.26336105179704,0.422,0.243,6.37902935634508e-21,"12","CAMK4"
7.62256477577329e-25,1.4684996750912,0.313,0.155,2.26443531793897e-20,"12","SLC9A9"
1.21628161935642e-24,0.922324101455704,0.593,0.411,3.61320780662211e-20,"12","ANKRD44"
1.30198726735298e-24,1.0176676561313,0.453,0.262,3.86781357512549e-20,"12","SIK3"
2.14533594384288e-24,1.57670888359951,0.28,0.132,6.37314948837403e-20,"12","KAT2B"
2.45942508638802e-24,1.2679926199707,0.362,0.191,7.3062141041329e-20,"12","SPIDR"
6.88209961763674e-24,1.49308383815896,0.28,0.132,2.04446533341135e-19,"12","OSBPL3"
1.51147318272902e-23,1.0833444705967,0.418,0.243,4.49013338393309e-19,"12","MED13L"
9.98486279499626e-23,1.42196444985092,0.323,0.166,2.96620319050954e-18,"12","MGAT5"
2.15944425114183e-22,0.873708218596184,0.539,0.351,6.41506103686703e-18,"12","UTRN"
6.98202200049168e-22,1.03748096587012,0.465,0.296,2.07414927568606e-17,"12","DOCK10"
2.14407481247495e-21,1.33507924024713,0.321,0.172,6.36940304541935e-17,"12","MAP4K4"
3.70387767035852e-21,1.4201189990067,0.278,0.137,1.10031093953341e-16,"12","EXOC6B"
5.08395424523122e-21,1.26669190582469,0.354,0.2,1.51029028763084e-16,"12","FBXW7"
6.08358389257339e-21,0.839829967273262,0.578,0.449,1.80725026696678e-16,"12","CELF2"
6.61215519685222e-21,1.26598798077369,0.333,0.184,1.96427294432889e-16,"12","PRKCA"
1.13608140314304e-20,0.986913325410393,0.525,0.386,3.37495702431702e-16,"12","FNBP1"
1.65713330646988e-20,1.23534098707195,0.366,0.217,4.92284591353006e-16,"12","PAG1"
2.23604303014001e-20,0.884021848671762,0.566,0.421,6.64261302963693e-16,"12","TNRC6B"
1.15324223922334e-19,1.01259184145457,0.461,0.309,3.42593672006078e-15,"12","ASH1L"
1.19518683490939e-19,0.962477467797674,0.391,0.229,3.55054153046534e-15,"12","TBC1D5"
1.45668580609824e-19,1.34607041475047,0.294,0.157,4.32737652417604e-15,"12","MAP3K5"
2.24894709895125e-19,1.03318553147666,0.455,0.306,6.68094714685447e-15,"12","BCL11B"
3.31796739045917e-19,0.973303353634548,0.463,0.298,9.85668572683707e-15,"12","MAML2"
4.0962401102687e-19,0.969644888284253,0.399,0.24,1.21687004955752e-14,"12","TCF12"
9.40384505035528e-19,1.22720420421688,0.329,0.186,2.79360024910904e-14,"12","SIPA1L1"
1.49193845679863e-18,0.781321511582197,0.514,0.351,4.43210157361168e-14,"12","PARP8"
1.8323387487187e-18,0.905914998092648,0.37,0.213,5.44332872081863e-14,"12","BTBD9"
2.03374576578867e-18,0.894019882605295,0.416,0.253,6.04164854642842e-14,"12","EXOC4"
3.52413996494145e-18,1.17480502070844,0.315,0.176,1.04691625938516e-13,"12","CAMK1D"
5.36680145987201e-18,0.586022399060967,0.648,0.467,1.59431570968418e-13,"12","SKAP1"
5.97144288994533e-18,1.06837902152917,0.348,0.206,1.77393653931606e-13,"12","PPP6R3"
2.1473499787117e-17,1.06315962897468,0.368,0.226,6.37913258175885e-13,"12","ZCCHC7"
3.03318245507568e-17,1.16151859648437,0.27,0.14,9.01067511929333e-13,"12","FTO"
3.35706188746546e-17,1.15029284337787,0.309,0.178,9.97282374909364e-13,"12","RERE"
3.59351362961426e-17,0.561287702555397,0.572,0.396,1.06752509394951e-12,"12","RABGAP1L"
3.83927167946082e-17,1.03033633275761,0.368,0.225,1.14053243781743e-12,"12","VTI1A"
4.32604509498912e-17,1.13743725730174,0.354,0.22,1.28513821636842e-12,"12","ATF7IP"
4.4865705500239e-17,0.852552612843097,0.512,0.367,1.3328255132956e-12,"12","RIPOR2"
4.80557554270481e-17,0.842238883749937,0.428,0.273,1.42759232647132e-12,"12","ELMO1"
8.33255263790646e-17,0.897299471015997,0.405,0.259,2.47535141214287e-12,"12","PHACTR2"
9.89420665104863e-17,0.954348577035827,0.346,0.203,2.93927196982702e-12,"12","DLEU2"
1.76483286618135e-16,1.04968335297894,0.374,0.236,5.24278899556495e-12,"12","FOXO1"
1.92501548231088e-16,1.12153940590119,0.35,0.216,5.71864349330093e-12,"12","VPS13C"
2.02792157534771e-16,1.36550011634224,0.263,0.143,6.02434662388544e-12,"12","ANKRD36"
3.45917508288473e-16,0.967588117065289,0.383,0.244,1.02761714187257e-11,"12","RPS6KA3"
3.55249497443641e-16,1.03141488823694,0.374,0.24,1.05533968205582e-11,"12","KMT2C"
3.82646880716433e-16,1.17523406440936,0.335,0.204,1.13672908854431e-11,"12","PHTF2"
6.02764866067126e-16,1.16042670647467,0.393,0.271,1.79063358762561e-11,"12","TTC39C"
8.76117083669444e-16,1.2638448663398,0.319,0.196,2.60268102045682e-11,"12","ARHGEF3"
2.0991908187054e-15,1.12759682525331,0.274,0.151,6.23606616512812e-11,"12","ERC1"
2.23230011864036e-15,0.877925402237831,0.354,0.217,6.6314939624449e-11,"12","PACS1"
2.70754565488578e-15,1.09061640271701,0.416,0.3,8.04330587696917e-11,"12","AAK1"
2.76161341120503e-15,0.82903391566155,0.551,0.469,8.20392496066678e-11,"12","ANKRD12"
3.61368145855771e-15,1.22978929580715,0.259,0.143,1.07351635089374e-10,"12","AFF1"
3.7629911864794e-15,0.869764898360945,0.457,0.321,1.11787179176743e-10,"12","PITPNC1"
9.30043108687585e-15,1.28546527989378,0.259,0.146,2.76287906297821e-10,"12","FARS2"
9.56305244710191e-15,0.982970717801928,0.327,0.198,2.84089599046056e-10,"12","COG5"
1.03822790091082e-14,0.612894939422921,0.527,0.366,3.08426362523577e-10,"12","FOXN3"
1.13634504476467e-14,0.846071384178587,0.379,0.245,3.3757402244824e-10,"12","LDLRAD4"
1.1778313896405e-14,0.857438464190029,0.451,0.321,3.49898370920503e-10,"12","CHST11"
1.20944799869044e-14,1.21302773727333,0.286,0.168,3.59290716970969e-10,"12","MYO5A"
1.21022369342722e-14,0.970225913557736,0.364,0.231,3.59521152606425e-10,"12","NCOA1"
1.28584377937736e-14,0.649283753856337,0.381,0.226,3.81985611539634e-10,"12","ANK3"
1.40206687256424e-14,0.8143462239332,0.461,0.33,4.1651200583266e-10,"12","DOCK8"
1.51585468745926e-14,1.05878470814071,0.296,0.174,4.50314952003522e-10,"12","CAMK2D"
1.52271791616255e-14,1.19003358203127,0.302,0.184,4.52353811354408e-10,"12","MKLN1"
1.69485210020022e-14,0.954312322502388,0.323,0.197,5.03489713406478e-10,"12","TBC1D22A"
1.7127661835095e-14,0.919099083533412,0.712,0.747,5.08811450135166e-10,"12","NEAT1"
1.72068599618184e-14,1.13842541520756,0.309,0.189,5.11164188885739e-10,"12","NFAT5"
2.48238722238223e-14,0.937532477874289,0.292,0.166,7.37442772153089e-10,"12","RAD51B"
2.65154936219325e-14,1.28781264833717,0.267,0.155,7.87695769026749e-10,"12","UBR5"
3.20109749334205e-14,0.912856568918007,0.374,0.249,9.50950032347123e-10,"12","DOCK2"
3.77774620986565e-14,0.950846648933655,0.342,0.215,1.12225506656479e-09,"12","NCOA2"
3.87001872393735e-14,0.824028482759261,0.403,0.27,1.14966646232007e-09,"12","STAG1"
5.44576212472513e-14,1.08724800545286,0.321,0.201,1.61777255439209e-09,"12","ANKRD17"
8.30764742069799e-14,0.848010507311668,0.403,0.276,2.46795281926675e-09,"12","PICALM"
8.38698701177636e-14,1.05596700817788,0.366,0.252,2.4915222315884e-09,"12","GLS"
8.98497068867139e-14,1.04574358521188,0.356,0.235,2.66916524248361e-09,"12","FAF1"
9.82140622630229e-14,1.04205966957262,0.426,0.322,2.91764514764762e-09,"12","DDX17"
1.05852991980194e-13,1.14264312481559,0.362,0.249,3.14457483275562e-09,"12","RBM6"
2.15131501202113e-13,0.906512989568292,0.36,0.234,6.39091150621117e-09,"12","ARL15"
4.40209101354897e-13,1.13200102416673,0.257,0.146,1.30772917739499e-08,"12","ST6GAL1"
4.60569093706849e-13,0.866826157750586,0.426,0.307,1.36821260667494e-08,"12","IQGAP2"
5.54938406952433e-13,1.00265455617849,0.321,0.205,1.64855552553359e-08,"12","ADK"
5.56898409866405e-13,1.30419931182507,0.305,0.201,1.65437810619013e-08,"12","ANKRD28"
6.35353140836391e-13,0.943839449576649,0.368,0.252,1.88744357548267e-08,"12","STAT4"
8.42534197087658e-13,0.825540895395579,0.379,0.25,2.50291633928831e-08,"12","VPS13B"
9.29344674675483e-13,1.2159963032112,0.263,0.157,2.76080422505846e-08,"12","PIK3CD"
1.0988149459857e-12,1.22217216980333,0.255,0.15,3.26424956003972e-08,"12","PVT1"
1.18372460410359e-12,1.21771269973311,0.278,0.172,3.51649068141054e-08,"12","HELZ"
2.14665869509384e-12,0.857643827140855,0.533,0.48,6.37707898551528e-08,"12","HNRNPH1"
2.35296720817279e-12,0.977619362655066,0.278,0.168,6.9899596853189e-08,"12","DLG1"
2.43105066514973e-12,1.11514858758479,0.286,0.179,7.22192221096029e-08,"12","GPRIN3"
2.77310043359761e-12,0.943078255829245,0.356,0.243,8.23804945808841e-08,"12","TNIK"
3.54100350049689e-12,0.825239087225665,0.403,0.287,1.05192590989261e-07,"12","PAN3"
9.12514288297e-12,0.958659826637973,0.294,0.183,2.7108061962439e-07,"12","TRAPPC9"
9.33980572097173e-12,1.1534859316885,0.3,0.198,2.77457608552907e-07,"12","RBL2"
9.35213180248743e-12,1.0060998611033,0.29,0.184,2.77823779456494e-07,"12","CDC14A"
1.09244420892548e-11,1.07523612902093,0.298,0.194,3.24532401145493e-07,"12","ZNF638"
1.20478775409612e-11,0.655535662347824,0.432,0.307,3.57906298109334e-07,"12","SSH2"
1.33967818786496e-11,1.05255153658568,0.276,0.172,3.97978199269043e-07,"12","PPP1R16B"
1.79226397213223e-11,0.555237362588819,0.467,0.328,5.3242785820132e-07,"12","LRBA"
1.82684631294912e-11,1.16208996661706,0.253,0.156,5.42701234187795e-07,"12","SERINC5"
2.00029404082608e-11,1.09566452019623,0.27,0.17,5.94227350708203e-07,"12","RBM26"
5.06412373861375e-11,1.11660852025525,0.255,0.158,1.50439923902999e-06,"12","PPP3R1"
6.45580826586584e-11,1.09098018227939,0.259,0.16,1.91782696154077e-06,"12","MAP4"
7.34909419751371e-11,0.949545082461836,0.356,0.256,2.1831954132554e-06,"12","NIPBL"
8.22295876605239e-11,0.835897521468526,0.292,0.188,2.44279436063118e-06,"12","FBXO11"
9.81309357989887e-11,1.02709349564822,0.286,0.187,2.91517570978056e-06,"12","SLFN12L"
1.01447979298888e-10,1.05234430144464,0.261,0.162,3.01371512103207e-06,"12","RNF38"
1.07786273737008e-10,0.95408046250326,0.278,0.175,3.2020068339053e-06,"12","EIF4G3"
1.16109055862087e-10,0.76286676526827,0.387,0.279,3.44925172249502e-06,"12","USP34"
1.36954068906623e-10,0.896990827681435,0.337,0.235,4.06849452500905e-06,"12","CEP85L"
1.58566356193445e-10,1.30513083318193,0.257,0.164,4.71053074343867e-06,"12","FLI1"
2.12190297847854e-10,0.948401902415072,0.315,0.218,6.30353717816621e-06,"12","PIAS1"
2.82983272277185e-10,1.0453975934404,0.272,0.172,8.40658406953834e-06,"12","FCHSD2"
2.88423737651198e-10,0.739358510271038,0.399,0.294,8.56820397440413e-06,"12","BIRC6"
3.05942314865422e-10,0.690556595309546,0.352,0.235,9.08862834770708e-06,"12","CDKAL1"
6.80780330017365e-10,0.732889346053288,0.344,0.238,2.02239412638259e-05,"12","MBD5"
8.30384805054258e-10,1.12459701066043,0.35,0.273,2.46682414037468e-05,"12","NKTR"
9.0510156256896e-10,0.970742259258905,0.29,0.198,2.68878521192361e-05,"12","ERBIN"
9.84410187335366e-10,0.981290730314631,0.276,0.182,2.92438734351717e-05,"12","NCOA3"
1.13562616113958e-09,0.84387633119788,0.399,0.314,3.37360463689735e-05,"12","ANKRD11"
1.28534460000211e-09,0.976266719711709,0.364,0.28,3.81837320322626e-05,"12","TNFAIP8"
1.45014792713827e-09,0.738791840137503,0.335,0.234,4.30795444714966e-05,"12","HERC1"
1.61803873055131e-09,0.896000445266243,0.294,0.201,4.80670765684877e-05,"12","CARD11"
2.18936002288676e-09,0.881983146062756,0.257,0.165,6.50393181998969e-05,"12","PHF21A"
2.47346944513098e-09,0.669933917685478,0.377,0.272,7.34793568065061e-05,"12","FAM172A"
2.77875434444754e-09,0.778393603312342,0.403,0.317,8.25484553105032e-05,"12","MYCBP2"
2.9227184486011e-09,0.799032421664845,0.286,0.189,8.68251969525928e-05,"12","HIVEP2"
3.66412582883319e-09,0.910589703697642,0.298,0.208,0.000108850185997147,"12","ZMYM2"
4.27679556123363e-09,0.938360294176894,0.267,0.178,0.000127050765737567,"12","ARFGEF1"
4.29734283950665e-09,0.742714000733055,0.261,0.164,0.000127661163733224,"12","CAMKMT"
5.25678315096622e-09,0.628251043947998,0.379,0.266,0.000156163257065753,"12","SMYD3"
5.90719922090303e-09,0.762672429684478,0.319,0.224,0.000175485167255366,"12","MSI2"
9.38710840629137e-09,0.934692348249405,0.257,0.168,0.000278862829425698,"12","CLASP1"
9.40857850580331e-09,1.05634005837098,0.257,0.174,0.000279500641671899,"12","MARK3"
1.15896931456364e-08,0.778325537986823,0.374,0.285,0.000344295014277421,"12","CCDC91"
1.22229426922833e-08,0.789580519654527,0.29,0.196,0.00036310695855966,"12","BCAS3"
1.28482290036554e-08,0.875518992141753,0.251,0.164,0.00038168233901159,"12","DYM"
1.43930318245768e-08,0.958211283957919,0.251,0.167,0.000427573796412704,"12","AP3B1"
1.6566411687307e-08,0.820958190054676,0.317,0.226,0.000492138391994828,"12","ZEB1"
2.03971243129608e-08,0.855014105992492,0.284,0.197,0.000605937371965126,"12","FRYL"
2.51489317439329e-08,0.960133821405791,0.251,0.165,0.000747099315317014,"12","TSHZ2"
2.53840032648121e-08,1.05068821437161,0.329,0.256,0.000754082584987774,"12","AC245297.3"
3.4917406917428e-08,0.898208810433941,0.278,0.19,0.00103729140729603,"12","ETV6"
4.21826432368307e-08,0.730702640663998,0.296,0.205,0.00125311978263653,"12","RAPGEF6"
6.74693880055514e-08,0.797229353708289,0.286,0.199,0.00200431310948092,"12","PRKCQ"
6.92031275536473e-08,0.655577197557438,0.325,0.232,0.0020558173102362,"12","HERC4"
8.36703385845997e-08,0.491905633576501,0.383,0.274,0.0024855947483327,"12","AKT3"
8.40905438508915e-08,0.886953032740734,0.276,0.198,0.00249807778617843,"12","SLC4A7"
1.00520096019522e-07,0.986068320916248,0.319,0.243,0.00298615049245195,"12","TAOK3"
1.3449745160567e-07,0.673255350133307,0.453,0.404,0.00399551579484965,"12","AKAP13"
1.46747475731226e-07,0.876836282561655,0.294,0.215,0.00435942726154754,"12","NEK7"
1.85945688960608e-07,0.759923225390854,0.323,0.242,0.0055238885819528,"12","TBL1XR1"
1.93309285123862e-07,0.558189422223811,0.504,0.46,0.00574263893317458,"12","CDC42SE2"
2.37896227154122e-07,0.784548260290288,0.284,0.203,0.00706718322006749,"12","RICTOR"
2.50785630508045e-07,0.97273914460848,0.272,0.194,0.00745008872550248,"12","ITPR2"
3.50042195538623e-07,0.771283593210504,0.315,0.241,0.0103987035028659,"12","EPS15"
3.52239892676307e-07,0.813261679104123,0.403,0.353,0.010463990491735,"12","IKZF1"
4.26312492850774e-07,0.888321887310304,0.253,0.176,0.012664465225118,"12","ATP2B4"
4.33474461867838e-07,0.875599791933666,0.286,0.208,0.0128772258387079,"12","DYRK1A"
4.93583866797794e-07,0.848533698693644,0.251,0.174,0.0146628959309621,"12","KIAA1109"
5.22256598877213e-07,0.853230216038524,0.282,0.207,0.0155146767828454,"12","R3HDM2"
5.60324632726996e-07,0.858053375529302,0.251,0.175,0.0166455638644209,"12","ESYT2"
6.26759600389474e-07,0.90096473523192,0.265,0.191,0.0186191474487701,"12","GSK3B"
6.31978717925982e-07,0.906170057720825,0.27,0.198,0.0187741917734271,"12","TENT2"
6.35432445956587e-07,0.886912902520636,0.317,0.245,0.0188767916720323,"12","SRPK2"
6.54789316531801e-07,1.01917352201264,0.288,0.223,0.0194518262262102,"12","MYO1F"
8.68846069906738e-07,0.55078443044071,0.362,0.274,0.0258108101987195,"12","KLF12"
1.23781863690353e-06,0.918145045800282,0.28,0.213,0.0367718782464931,"12","BRAF"
1.37511392844716e-06,0.687953906571758,0.315,0.237,0.0408505094723797,"12","EPB41"
1.85097595786185e-06,0.778124001034157,0.255,0.181,0.0549869427802019,"12","STIM1"
2.6638701692271e-06,0.927498928976927,0.272,0.206,0.0791355911172295,"12","UBAC2"
5.34226569390269e-06,0.774663020195954,0.265,0.198,0.158702686968767,"12","ITFG1"
6.21405042348045e-06,0.665425491008983,0.28,0.206,0.184600795930334,"12","COP1"
6.24001743910659e-06,0.932495128980905,0.309,0.252,0.185372198063539,"12","CYTH1"
6.32989022944329e-06,0.782676679756625,0.251,0.183,0.188042049046072,"12","ANKHD1"
6.55837742271068e-06,0.480374152443598,0.282,0.203,0.194829718096466,"12","PAM"
7.25830470196977e-06,0.81270594791641,0.272,0.208,0.215622457781416,"12","GLG1"
7.36258494409614e-06,0.700527340264817,0.274,0.204,0.218720310934264,"12","KAT6A"
1.1475047773716e-05,0.828734359337639,0.276,0.217,0.34088924421378,"12","STK10"
1.16980716862569e-05,0.684863657304031,0.321,0.256,0.347514615583634,"12","RASA2"
1.25176811864092e-05,0.754053459611349,0.259,0.193,0.371862755004659,"12","KDM4C"
1.32806731199361e-05,0.748430844058645,0.257,0.191,0.394528956373942,"12","ACAP2"
1.50685768307146e-05,0.682979889137964,0.451,0.435,0.447642211910039,"12","FYB1"
1.56012147495533e-05,0.811270097740926,0.309,0.253,0.463465286564981,"12","BPTF"
1.60806703936515e-05,0.807230563971891,0.337,0.287,0.477708475384204,"12","NR3C1"
1.87055129651837e-05,0.758645177763459,0.292,0.23,0.555684673656712,"12","NFATC3"
2.30220727808965e-05,0.555911852497153,0.457,0.414,0.683916716102092,"12","PRKCH"
2.72784992528855e-05,0.523839544333409,0.302,0.228,0.81036237730547,"12","FBXL17"
3.03284478560432e-05,0.815497979039702,0.259,0.2,0.900967200459475,"12","ARHGAP25"
3.54958981693607e-05,0.648730008021486,0.288,0.218,1,"12","PTPRJ"
3.66460458464116e-05,0.834772295857557,0.265,0.209,1,"12","GNB1"
3.94680405859798e-05,0.780924462082386,0.276,0.217,1,"12","TTC17"
4.91245553467597e-05,0.835912868384892,0.286,0.236,1,"12","WAC"
5.63232859858515e-05,0.678018516160232,0.267,0.209,1,"12","PUM2"
5.98051175264895e-05,0.521324519131653,0.348,0.291,1,"12","ATM"
6.2431594098065e-05,0.357370960768209,0.663,0.705,1,"12","PTPRC"
7.62343250252998e-05,0.652310881222015,0.286,0.228,1,"12","ITK"
8.35132779204114e-05,0.439497228392676,0.418,0.365,1,"12","SMCHD1"
0.000116716475591865,0.515952371849762,0.416,0.376,1,"12","SYNE2"
0.000130172071876601,0.351823770475018,0.327,0.255,1,"12","PDE3B"
0.000138420651967462,0.616801827428883,0.414,0.398,1,"12","N4BP2L2"
0.000359207537579609,0.511899091279745,0.257,0.201,1,"12","ARHGAP26"
0.000455795941168505,0.743276755462455,0.251,0.205,1,"12","OSBPL8"
0.00045809618086857,0.723652650790049,0.261,0.215,1,"12","CCM2"
0.000489472280187431,0.302272784689425,0.212,0.338,1,"12","LCK"
0.000497046897153337,0.446253229796143,0.461,0.438,1,"12","PIP4K2A"
0.00055952856401707,0.718359523216766,0.35,0.324,1,"12","SH3KBP1"
0.000650061231074647,0.438689039039292,0.309,0.252,1,"12","PCED1B"
0.00110290089489563,0.629012942646065,0.27,0.225,1,"12","ZNF292"
0.00118990250863256,0.678835859935957,0.368,0.354,1,"12","RAP1A"
0.00133136351474374,0.409368699183271,0.309,0.257,1,"12","TOX"
0.00139978995122916,0.427536976516905,0.261,0.205,1,"12","NIBAN1"
0.00209367929857146,0.683739738028479,0.255,0.216,1,"12","USP3"
0.00233110187176674,0.553175561088642,0.305,0.265,1,"12","WNK1"
0.00234481116846397,0.354998287312927,0.22,0.331,1,"12","ACTR3"
0.00237174161852646,0.870060143247098,0.257,0.226,1,"12","CCNH"
0.00279183919129658,0.786095556979666,0.27,0.241,1,"12","LSM14A"
0.00297516479385276,0.442775091445152,0.251,0.202,1,"12","FUT8"
0.00301440781871657,0.389405743222873,0.278,0.231,1,"12","DENND4A"
0.00310096275288772,0.280089938959394,0.191,0.288,1,"12","LIMD2"
0.00372068867334196,0.476167448295598,0.274,0.232,1,"12","CDK13"
0.00449365263772603,0.908367816378981,0.284,0.271,1,"12","PNISR"
0.00501746000527503,0.746249908502819,0.282,0.261,1,"12","VMP1"
0.00753564726440687,0.704504935470979,0.282,0.259,1,"12","OGA"
0.00794473699574168,0.754909644914656,0.296,0.282,1,"12","PPP1R12A"
0.00846793325447771,0.47332618789523,0.261,0.228,1,"12","ATP2B1"
0.00926892646179705,0.281430291505588,0.208,0.3,1,"12","RBM25"
0,6.1732906830937,0.735,0.042,0,"13","CXCL13"
0,4.05181496808686,0.642,0.047,0,"13","ICA1"
0,7.68218371461001,0.51,0.005,0,"13","PVALB"
0,4.4560488221065,0.345,0.015,0,"13","SMCO4"
0,5.43287219710631,0.319,0.005,0,"13","GNG4"
6.28751868049506e-304,3.66183031355122,0.535,0.046,1.86783317441467e-299,"13","AC004585.1"
1.06323032106536e-277,3.53119110969066,0.394,0.026,3.15853831478885e-273,"13","DRAIC"
5.39081255098635e-255,3.38447228993696,0.481,0.044,1.60144868452151e-250,"13","PDCD1"
5.90771262765075e-219,3.14821385779399,0.813,0.167,1.75500419029621e-214,"13","ITM2A"
1.96637023556621e-173,2.73663046753499,0.661,0.126,5.84149605879655e-169,"13","CORO1B"
1.4153012212864e-142,3.08593049741756,0.413,0.057,4.2044353380755e-138,"13","PASK"
1.5424942751344e-136,2.90053966776428,0.261,0.023,4.58228774314177e-132,"13","BTLA"
4.06998276332446e-128,2.26544275141333,0.681,0.166,1.2090697795008e-123,"13","TIGIT"
2.6951141843859e-127,2.19152251923407,0.613,0.132,8.00637570755521e-123,"13","CD27"
3.22546755670855e-114,1.75568895697899,0.913,0.356,9.5818964707141e-110,"13","CD3D"
5.80572119547181e-110,2.22759200790364,0.474,0.088,1.72470559553881e-105,"13","CTLA4"
1.16179296657917e-108,1.34525980653723,1,0.608,3.45133836581675e-104,"13","RPLP1"
3.58513418826134e-106,1.80935079484557,0.984,0.523,1.0650358133068e-101,"13","SRGN"
3.62263682984055e-105,3.50743690583837,0.274,0.034,1.07617672304073e-100,"13","NMB"
4.08216867929524e-99,1.83328245529271,0.871,0.372,1.21268984955824e-94,"13","TRAC"
6.6402613494965e-99,1.87218040940151,0.813,0.294,1.97262243909493e-94,"13","COTL1"
5.04950494081084e-95,1.84007144696895,0.613,0.162,1.50005643276668e-90,"13","RNASET2"
2.72099376548108e-93,1.9902000036822,0.655,0.197,8.08325617911463e-89,"13","C9orf16"
5.57447406734277e-91,1.2407886515566,1,0.568,1.65600901118552e-86,"13","RPS8"
2.25165173498792e-89,1.82674576768132,0.903,0.396,6.68898180912862e-85,"13","H2AFZ"
1.62676409453639e-88,1.98827663621115,0.284,0.041,4.83262809563926e-84,"13","TOX2"
2.5416011171502e-85,2.41663176830163,0.487,0.12,7.55033443871809e-81,"13","FABP5"
2.83094240230291e-85,1.49671685109516,0.903,0.432,8.40988059452124e-81,"13","OAZ1"
2.40611566174805e-84,1.61232589139356,0.394,0.077,7.14784779635494e-80,"13","TNFRSF4"
7.80124606138945e-83,1.44520598144934,0.906,0.407,2.31751616745696e-78,"13","COX7C"
4.51244174277893e-82,1.27802265001945,0.968,0.521,1.34051106852734e-77,"13","IL32"
1.02241165550677e-81,2.2069101982827,0.474,0.115,3.03727830501396e-77,"13","SH2D1A"
2.55877006323359e-80,1.18254092371229,0.997,0.504,7.60133822684804e-76,"13","RPL7"
3.74373172008677e-79,1.20484679263688,0.994,0.542,1.11215038208618e-74,"13","RPL6"
7.7025558464475e-79,2.32523069773677,0.29,0.048,2.28819826530416e-74,"13","LY96"
3.84748714852964e-78,1.7044494731129,0.816,0.348,1.1429730072137e-73,"13","TRBC2"
2.79382698534882e-75,2.00622471416377,0.452,0.11,8.29962182537575e-71,"13","PPP1CC"
2.94342448235476e-75,1.78316563625992,0.677,0.239,8.7440311097313e-71,"13","RAN"
1.42329958268212e-74,2.34839029734041,0.252,0.038,4.22819607027379e-70,"13","CHN1"
6.9248420185955e-74,1.30850052641947,0.945,0.496,2.05716281846417e-69,"13","GAPDH"
5.58496803784148e-73,1.63569618341871,0.626,0.199,1.65912645500157e-68,"13","ALOX5AP"
9.08438454787678e-73,1.0957342440937,0.997,0.541,2.69869811763775e-68,"13","RPL15"
1.09259945933823e-72,2.39506094825351,0.261,0.042,3.24578521385607e-68,"13","TMEM70"
3.6471446317271e-72,1.68051195484321,0.552,0.159,1.08345725574717e-67,"13","BATF"
1.08523444618759e-71,1.0796815109563,1,0.548,3.22390596928947e-67,"13","RPS18"
2.29389166062906e-71,1.07261508404064,1,0.597,6.81446395623075e-67,"13","RPS28"
5.55845585019643e-70,1.09492545364878,1,0.61,1.65125047941785e-65,"13","TMSB4X"
6.49196437262349e-70,1.10413229174757,0.99,0.543,1.92856785617526e-65,"13","RPL36"
8.99914584775895e-69,1.06925909721697,0.997,0.535,2.67337625699375e-64,"13","RPS13"
1.0902708810444e-68,1.62417328696009,0.6,0.189,3.2388677063186e-64,"13","LAT"
8.2837669516521e-68,1.21385716067664,0.923,0.445,2.46085864832729e-63,"13","BTF3"
3.78126574875272e-67,1.38200222950227,0.503,0.133,1.12330061598197e-62,"13","LIMS1"
4.41935559540629e-67,1.11660300891309,0.961,0.493,1.31285796672735e-62,"13","RPL22"
7.08305873859481e-67,1.28710811295242,0.874,0.415,2.10416425947436e-62,"13","ATP5MG"
1.13578037573032e-66,1.08541273432697,0.981,0.515,3.37406276218206e-62,"13","RACK1"
5.64628052961222e-66,1.05150644699863,1,0.706,1.6773405569319e-61,"13","ACTB"
2.45597720657318e-65,1.53168025390044,0.703,0.276,7.29597148756694e-61,"13","SOD1"
5.73949397547893e-65,1.16057915239022,0.935,0.479,1.70503147529553e-60,"13","RPL23"
1.92411984000074e-64,1.03143149602479,0.997,0.526,5.71598280869019e-60,"13","RPL29"
2.1619653390651e-64,1.06550671339012,0.99,0.544,6.4225504327607e-60,"13","RPL37"
5.30678239382095e-64,1.01332524273466,0.997,0.579,1.57648584573239e-59,"13","RPL34"
7.61594938741603e-64,1.00906851735873,1,0.576,2.26247008451968e-59,"13","RPL13"
8.71386272464892e-64,1.285256610691,0.858,0.401,2.58862719961146e-59,"13","TMA7"
8.89200432516546e-64,1.34568587659941,0.794,0.343,2.6415477248769e-59,"13","OST4"
2.85379266210081e-63,0.997322457970741,1,0.558,8.47776186130288e-59,"13","RPL32"
6.40728928063532e-63,1.14466165118106,0.929,0.46,1.90341342659833e-58,"13","ATP5F1E"
1.07455923588642e-62,0.995289836787702,1,0.543,3.1921931220478e-58,"13","RPS4X"
1.21382141134128e-62,1.03583835251295,0.997,0.564,3.60589926667153e-58,"13","RPS2"
1.32755227926868e-62,1.60457910124973,0.552,0.172,3.94375955602346e-58,"13","FKBP1A"
1.45317973875165e-62,0.993326830429114,1,0.575,4.31696104990953e-58,"13","RPL39"
1.77582690749901e-62,1.62179420170786,0.529,0.163,5.2754489941073e-58,"13","ATP5MF"
3.04846276344745e-62,1.10135515905498,0.926,0.469,9.05606833137333e-58,"13","RPL4"
3.80644025923916e-62,1.1798039320577,0.923,0.494,1.13077920781218e-57,"13","SERF2"
4.67129476968943e-62,1.26952219526633,0.884,0.427,1.38770153723164e-57,"13","DYNLL1"
4.70817403248648e-62,1.06150260202138,0.965,0.517,1.39865725983076e-57,"13","RPL24"
4.84750060610273e-62,1.00099158471441,0.997,0.546,1.44004700505494e-57,"13","RPL12"
5.99810807397167e-62,1.90807884141691,0.535,0.177,1.78185796553476e-57,"13","RGS2"
6.00073387845921e-62,1.0110852968353,1,0.539,1.78263801327388e-57,"13","RPS15A"
7.09827879318465e-62,1.02384078877618,0.994,0.496,2.10868568109136e-57,"13","RPS20"
7.22811726076484e-62,1.18607864100981,0.906,0.468,2.14725679465541e-57,"13","HNRNPA1"
1.47109763804961e-61,0.990580150200934,0.997,0.535,4.37018975335398e-57,"13","RPS25"
3.63039391732925e-61,1.04659027551426,0.997,0.55,1.078481121021e-56,"13","RPL13A"
3.77211494140102e-61,0.974659339374878,1,0.58,1.120582185642e-56,"13","RPL11"
4.47971398067137e-61,1.01290754139062,0.987,0.518,1.33078863223804e-56,"13","RPL10A"
1.3382998295257e-60,1.38943894965881,0.719,0.29,3.975687303572e-56,"13","COX6C"
2.54919888846367e-60,0.997905749958024,0.99,0.564,7.57290513795902e-56,"13","RPS24"
2.62960740554837e-60,1.57352860442434,0.516,0.157,7.81177471966255e-56,"13","UQCR10"
4.1407715395221e-60,1.05841713270663,0.974,0.542,1.23009900124583e-55,"13","PFN1"
4.21510807738761e-60,0.97499693537554,1,0.541,1.25218215654954e-55,"13","RPL18A"
1.52272346063937e-59,0.909761171627073,1,0.784,4.52355458452138e-55,"13","MT-CO1"
1.60040495592331e-59,0.974323655796995,0.984,0.53,4.75432300256139e-55,"13","RPS3A"
2.17011463376472e-59,0.977484124416984,1,0.564,6.44675954252484e-55,"13","RPS15"
9.05670505368876e-59,0.928616610288558,0.99,0.728,2.69047537029932e-54,"13","MT-CO3"
1.85395578913567e-58,1.02334079215939,0.971,0.505,5.50754646278534e-54,"13","RPS11"
2.45439584247477e-58,0.945186382099623,1,0.539,7.29127372923979e-54,"13","RPS6"
4.92639633715201e-58,0.967936709350121,0.994,0.545,1.46348455987775e-53,"13","RPL8"
9.56275982197933e-58,0.966002506493401,0.994,0.544,2.8408090603154e-53,"13","RPS7"
1.10869580743611e-57,0.999399964191354,0.968,0.475,3.29360263515046e-53,"13","RPS17"
1.52219811187998e-57,1.26665581463125,0.842,0.426,4.52199393096185e-53,"13","H3F3A"
3.64941130936626e-57,1.94950914136316,0.316,0.071,1.08413061767343e-52,"13","CNIH1"
4.31711435621995e-57,0.95007353735282,1,0.552,1.28248516180226e-52,"13","RPL19"
1.11705093151675e-56,1.4556750851044,0.652,0.249,3.31842320225682e-52,"13","ISG20"
1.34961422219348e-56,0.955960138941878,0.99,0.544,4.00929896987017e-52,"13","RPL35A"
1.82134432864693e-56,1.25150056177767,0.723,0.287,5.41066759711144e-52,"13","EDF1"
2.51414258934059e-56,0.975546479181,1,0.636,7.46876339015408e-52,"13","RPL41"
4.87881739709233e-56,0.937291601985122,1,0.549,1.44935028415422e-51,"13","RPS23"
4.90098007281124e-56,1.83742744852137,0.29,0.062,1.45593415023003e-51,"13","PGM2L1"
1.42602902683057e-55,1.01120228163786,0.961,0.5,4.23630443000558e-51,"13","RPLP0"
1.06149442662988e-54,1.21056463232225,0.81,0.388,3.15338149318938e-50,"13","SRP14"
1.33532605169762e-54,0.972952237523938,0.99,0.494,3.96685310177811e-50,"13","RPL31"
3.64304158494768e-54,0.95359720256751,0.994,0.598,1.08223836364041e-49,"13","PTMA"
7.59928196653499e-54,0.882522253269377,0.997,0.679,2.25751869379855e-49,"13","HLA-A"
1.03935008165274e-53,0.930636734980539,0.977,0.558,3.0875972875658e-49,"13","RPL18"
4.88283627696741e-53,1.18918290064701,0.79,0.368,1.45054417279871e-48,"13","SLC25A6"
5.13101377028598e-53,1.328504977151,0.681,0.28,1.52427026073886e-48,"13","UQCR11"
6.34404185956882e-53,1.30512440744123,0.655,0.254,1.88462451522211e-48,"13","CIB1"
1.04206699860455e-52,1.54864583777115,0.645,0.262,3.09566843275452e-48,"13","YPEL5"
1.97338616175609e-52,0.946367124855684,0.977,0.51,5.86233827072882e-48,"13","UBA52"
2.29446078476779e-52,1.00943715562727,0.971,0.516,6.81615465330966e-48,"13","UBC"
3.59333804152295e-52,1.40327758464999,0.568,0.2,1.06747293199522e-47,"13","SPCS1"
5.37562614579971e-52,0.923048377089289,1,0.56,1.59693725913272e-47,"13","RPLP2"
6.63389434051819e-52,0.883563156042162,0.987,0.535,1.97073099173774e-47,"13","RPL9"
1.07670976241405e-51,0.948388784144021,0.939,0.499,3.19858169120341e-47,"13","CFL1"
1.10278204732296e-51,0.956605906268049,0.945,0.496,3.27603462798233e-47,"13","PFDN5"
1.13520294469558e-51,1.39818354369447,0.61,0.233,3.37234738780715e-47,"13","HMGN1"
1.6113872613419e-51,1.39776249065388,0.574,0.204,4.78694813726839e-47,"13","NDUFV2"
4.3206623036757e-51,1.19091953558927,0.7,0.283,1.28353915055294e-46,"13","COX6B1"
5.27327300580623e-51,1.12673234758041,0.823,0.388,1.56653121183486e-46,"13","FXYD5"
9.87473386925139e-51,0.888731008383243,1,0.536,2.93348719053851e-46,"13","RPL26"
1.06395248993109e-50,0.906704407679481,0.984,0.507,3.16068366183829e-46,"13","RPL27"
1.34605878076547e-50,1.36983945173834,0.626,0.25,3.99873682001999e-46,"13","COX6A1"
1.45784591154504e-50,0.890116400703588,1,0.637,4.33082284942684e-46,"13","EEF1A1"
1.94262850643294e-50,1.08480909284989,0.8,0.368,5.77096650406033e-46,"13","HINT1"
4.26979463187817e-50,1.40510104931333,0.442,0.138,1.26842789129205e-45,"13","TNFRSF18"
4.81416018540548e-50,1.41682184742208,0.616,0.245,1.43014256627841e-45,"13","PKM"
5.12690666403492e-50,0.917487174490709,0.994,0.546,1.52305016268485e-45,"13","RPS29"
1.49196197787751e-49,1.11187528807547,0.829,0.413,4.43217144768072e-45,"13","CIRBP"
1.61884135647866e-49,1.91683847846125,0.381,0.108,4.80909201769116e-45,"13","RILPL2"
2.65914535686747e-49,1.20897193479585,0.706,0.299,7.89952311164618e-45,"13","NDUFA4"
3.11692398127467e-49,0.865831596405022,0.974,0.5,9.25944607117266e-45,"13","RPL38"
4.08590628251571e-49,1.41867415098331,0.5,0.169,1.21380017934694e-44,"13","ERH"
9.75866514141534e-49,1.20619568669833,0.655,0.26,2.89900665356025e-44,"13","CD3E"
1.78088439420254e-48,1.51536816388659,0.4,0.114,5.29047326985748e-44,"13","RGS10"
2.33650283646626e-48,1.49361368172992,0.481,0.16,6.94104897629032e-44,"13","ATP5IF1"
4.17407594664165e-48,0.877439935348792,0.987,0.544,1.23999274146883e-43,"13","RPL37A"
6.95255707938843e-48,1.57735603192848,0.271,0.06,2.06539613157392e-43,"13","SIRPG"
8.52707971382046e-48,0.875037224558141,0.948,0.522,2.53313957058465e-43,"13","RPL7A"
8.93092809824785e-48,0.860049885278456,0.997,0.552,2.65311081014649e-43,"13","RPL3"
1.19679904349237e-47,1.14949450453594,0.729,0.321,3.55533091850277e-43,"13","RAC2"
1.42624211246137e-47,1.60307386219588,0.445,0.144,4.236937443489e-43,"13","PRDX2"
1.53191748036587e-47,1.20980064120927,0.716,0.327,4.55086725892289e-43,"13","ATP5MC2"
2.1383809764405e-47,0.863666875097564,0.987,0.533,6.35248836671181e-43,"13","RPS9"
2.33176916508487e-47,0.899272411163341,0.939,0.487,6.92698665871763e-43,"13","RPL36A"
2.4571432314938e-47,1.49848837743066,0.435,0.135,7.29943539779864e-43,"13","TRAPPC1"
2.47141089901174e-47,1.5138529160856,0.439,0.138,7.34182035769419e-43,"13","RANBP1"
4.32842551697988e-47,1.42713613952872,0.51,0.18,1.28584536832921e-42,"13","C19orf53"
4.3379482464826e-47,1.0363237883171,0.839,0.426,1.28867428558259e-42,"13","COX4I1"
5.59702133694728e-47,1.269980558436,0.671,0.286,1.66270712856693e-42,"13","GMFG"
6.1346474649596e-47,0.878933648074029,1,0.532,1.82241972241555e-42,"13","RPL27A"
1.05584642455008e-46,1.44802564067146,0.655,0.304,3.13660297341093e-42,"13","CD7"
1.25864296903268e-46,0.845442368488417,0.997,0.601,3.73905066810539e-42,"13","RPL28"
3.19971443482898e-46,1.66870429984951,0.329,0.087,9.50539167154645e-42,"13","COX14"
3.5256600162125e-46,0.941651438405783,0.919,0.491,1.04736782101625e-41,"13","EEF1D"
4.0740091058403e-46,1.7083157941144,0.587,0.248,1.21026588507198e-41,"13","RGS1"
4.98801894054496e-46,1.49433570575181,0.465,0.158,1.48179078666769e-41,"13","BRK1"
8.48627980527105e-46,1.41222946116649,0.51,0.181,2.52101914175187e-41,"13","UQCRQ"
8.68735445051608e-46,0.869703278026861,0.932,0.483,2.58075238661481e-41,"13","NACA"
1.613578130846e-45,0.852849918845634,0.987,0.533,4.79345655330422e-41,"13","RPS16"
2.78242455602218e-45,0.86556471855351,1,0.556,8.26574862857509e-41,"13","RPS14"
4.77561226550979e-45,0.807133045009792,0.987,0.66,1.41869113571499e-40,"13","MT-ND4"
8.97428606079515e-45,1.04630642494764,0.829,0.432,2.66599116008042e-40,"13","NPM1"
9.29810065559834e-45,0.840145261423682,0.965,0.506,2.7621867617586e-40,"13","RPS5"
9.85329122180464e-45,0.873042211178811,0.948,0.517,2.9271172232615e-40,"13","RPS21"
1.4509602842089e-44,1.40853738192311,0.526,0.196,4.31036771629939e-40,"13","TMEM258"
1.80723169994427e-44,1.33206361383019,0.542,0.202,5.36874321102443e-40,"13","GYPC"
2.85436816353861e-44,1.31988372159551,0.494,0.17,8.47947150342414e-40,"13","GPX4"
3.77712259163188e-44,1.6926739012691,0.358,0.104,1.12206980829608e-39,"13","SEPT6"
4.98328122194214e-44,0.877509887541389,0.868,0.436,1.48038335260235e-39,"13","DNAJA1"
6.54096047548672e-44,1.18410897507253,0.665,0.292,1.94312312845284e-39,"13","RGCC"
1.04595631166053e-43,1.26890539046487,0.539,0.201,3.10722241504993e-39,"13","HSPD1"
1.39613791061681e-43,1.76151305386135,0.297,0.076,4.14750689106935e-39,"13","SIAH2"
2.74730816758327e-43,0.877096350272944,0.916,0.504,8.16142837343961e-39,"13","RPSA"
2.91729710159472e-43,1.06555314913978,0.777,0.368,8.66641449970742e-39,"13","COMMD6"
7.80322728592178e-43,1.20375119663836,0.635,0.279,2.31810472982878e-38,"13","UQCRH"
8.43721065513824e-43,1.12354168366601,0.539,0.196,2.50644216932192e-38,"13","C6orf48"
1.33302614326702e-42,0.842193323937462,1,0.603,3.96002076380334e-38,"13","RPL10"
1.71282115927678e-42,1.70929819980162,0.319,0.088,5.08827781786354e-38,"13","WDR74"
2.365030253592e-42,0.799560968867342,1,0.556,7.02579537434576e-38,"13","RPS19"
5.68821933830983e-42,1.00508795276179,0.816,0.404,1.6897993188317e-37,"13","YBX1"
5.8551631847111e-42,1.7598579310247,0.374,0.118,1.73939332728213e-37,"13","UCP2"
1.18316783809696e-41,1.59673588046906,0.313,0.086,3.51483669663464e-37,"13","NUCB2"
1.19220943721822e-41,1.26195958136855,0.577,0.231,3.54169657514416e-37,"13","NDUFA1"
1.72722729764621e-41,1.83031188493408,0.406,0.136,5.13107413311759e-37,"13","PLIN2"
1.74400894052456e-41,1.16490970109946,0.603,0.245,5.1809273596163e-37,"13","NDUFA13"
4.47999619969265e-41,0.798426157039504,0.997,0.557,1.3308724710427e-36,"13","EIF1"
5.36028621590614e-41,0.864536180402143,0.897,0.481,1.59238022615924e-36,"13","MYL6"
7.0357422245525e-41,1.17789839249967,0.639,0.285,2.09010794264781e-36,"13","UBL5"
7.8818903945302e-41,1.34552413559145,0.487,0.179,2.34147317950309e-36,"13","DBI"
9.90009094886707e-41,0.79498212102208,0.99,0.566,2.94102001817994e-36,"13","FAU"
1.04565348766528e-40,1.72834759029298,0.571,0.258,3.10632281580726e-36,"13","TRBC1"
1.9644047932896e-40,1.34833617842125,0.403,0.129,5.83565731942542e-36,"13","LAMTOR5"
2.1146744366771e-40,0.911075811679029,0.935,0.499,6.28206334903667e-36,"13","JUNB"
3.18989703098684e-40,0.678742728626389,0.987,0.686,9.4762271099526e-36,"13","MT-CYB"
4.6809778592651e-40,0.754906132348017,0.981,0.536,1.39057809265188e-35,"13","RPL14"
1.01872608257436e-39,1.63492997849002,0.342,0.104,3.02632957350364e-35,"13","TGIF1"
1.73703406996237e-39,0.802925833768046,0.945,0.532,5.16020711163722e-35,"13","RPL5"
2.22235705176222e-39,1.22660514953146,0.494,0.183,6.60195609367002e-35,"13","PEBP1"
3.28123813952369e-39,1.21126414394775,0.532,0.209,9.74757414108302e-35,"13","NDUFB2"
3.86393777354943e-39,0.852610349481818,0.855,0.441,1.14785999438833e-34,"13","RPL17"
6.26142221965186e-39,1.68073504416707,0.297,0.082,1.86008069879198e-34,"13","GTF3C6"
6.95118944815736e-39,0.972759107148262,0.826,0.456,2.06498984936411e-34,"13","ARHGDIB"
1.80382696094654e-38,1.19676051102849,0.542,0.214,5.35862875288389e-34,"13","TSPO"
2.57071247454553e-38,1.46090073874598,0.432,0.153,7.63681554813241e-34,"13","MINOS1"
2.63041559621533e-38,1.2090855061075,0.545,0.222,7.81417561167689e-34,"13","PARK7"
3.28738163335787e-38,1.21070390566405,0.461,0.165,9.76582461821624e-34,"13","MRPS21"
3.39839229591566e-38,1.17355666301483,0.626,0.282,1.00956039934766e-33,"13","ELOB"
4.26442352790126e-38,1.61997331309256,0.294,0.081,1.26683229743363e-33,"13","MUC20-OT1"
4.38280315240248e-38,1.16748713453124,0.623,0.273,1.3019993324842e-33,"13","HSPE1"
5.63194316253044e-38,0.807390500365368,0.881,0.463,1.67308135529292e-33,"13","CD52"
1.12118366566757e-37,1.27400894681369,0.49,0.186,3.33070031559865e-33,"13","ATP5ME"
1.20517724070275e-37,0.969509500867982,0.771,0.397,3.58022002895565e-33,"13","CALM2"
1.33504172882436e-37,0.864786045320608,0.787,0.393,3.96600846381853e-33,"13","EEF2"
1.79203316943313e-37,0.701941043223878,0.926,0.543,5.323592936435e-33,"13","MT-ND1"
2.64199465628482e-37,0.731792826025554,0.948,0.515,7.84857352542532e-33,"13","RPS10"
4.68915312227097e-37,0.720148493874953,0.994,0.564,1.39300671803304e-32,"13","RPL30"
5.456261541539e-37,1.11985644133008,0.535,0.219,1.62089161614499e-32,"13","MT2A"
7.93138151520649e-37,1.42110249038834,0.423,0.151,2.35617550672239e-32,"13","RSL1D1"
9.9005033699312e-37,1.15207523763912,0.552,0.228,2.94114253610546e-32,"13","APRT"
1.57061337251968e-36,1.38965701310405,0.384,0.128,4.66582114574422e-32,"13","EIF3I"
2.85832051407105e-36,1.35441037357011,0.39,0.132,8.49121275115086e-32,"13","AP2M1"
4.08267115821227e-36,1.24533513758651,0.448,0.166,1.21283912097012e-31,"13","NDUFA11"
5.10655221549424e-36,0.774808522668869,0.91,0.496,1.51700346665687e-31,"13","TSC22D3"
7.2528390934454e-36,1.22920453510698,0.468,0.176,2.15460090948983e-31,"13","WDR83OS"
1.15874663481406e-35,0.622333691911769,0.903,0.47,3.44228862804213e-31,"13","CXCR4"
1.3991448218795e-35,1.00655179992695,0.629,0.283,4.15643952235743e-31,"13","ATP6V0E1"
1.99926284644533e-35,0.690607690997105,0.997,0.591,5.93921013793514e-31,"13","H3F3B"
2.70341414859037e-35,1.19950006235214,0.474,0.184,8.03103241121741e-31,"13","ATP5MD"
3.30212802883778e-35,1.10188140280302,0.561,0.24,9.80963173526838e-31,"13","NDUFS5"
3.41784030640327e-35,1.18685330748074,0.523,0.215,1.01533781982322e-30,"13","COX5B"
3.78865432867798e-35,1.14145623317472,0.455,0.168,1.12549554142037e-30,"13","MZT2A"
3.78944005611943e-35,0.946274579198155,0.723,0.35,1.1257289574714e-30,"13","RPS26"
4.20659637682825e-35,1.23486714788747,0.529,0.22,1.24965358566437e-30,"13","ATP5MPL"
5.03152379765773e-35,1.00330100364736,0.639,0.294,1.49471477457018e-30,"13","COX7A2"
6.32063141416265e-35,0.750637330714836,1,0.568,1.8776699742053e-30,"13","RPS27A"
7.04829097712357e-35,1.21461188016722,0.59,0.273,2.0938358005741e-30,"13","IFITM1"
7.12662210539198e-35,0.753664396786652,1,0.553,2.1171056288488e-30,"13","RPS27"
7.44008980983902e-35,1.55657573419725,0.297,0.088,2.21022747980888e-30,"13","ETFB"
9.08871750635124e-35,0.688606024782691,0.929,0.533,2.69998530961176e-30,"13","ACTG1"
1.12867753510257e-34,0.863615304634967,0.777,0.384,3.35296235352921e-30,"13","RPS4Y1"
1.20877700156379e-34,1.43645789551512,0.323,0.1,3.59091383854554e-30,"13","ZNHIT1"
1.50308921728365e-34,0.813695740266,0.79,0.414,4.46522713778454e-30,"13","EEF1B2"
1.75348410073335e-34,1.46186166879555,0.339,0.109,5.20907521804856e-30,"13","BANF1"
3.01799532395885e-34,1.53470738860835,0.31,0.095,8.96555870888456e-30,"13","ARF5"
3.94071879263414e-34,1.35569881999861,0.342,0.111,1.17066933172782e-29,"13","MEAF6"
4.55452731188492e-34,1.40237645713999,0.403,0.148,1.35301342854165e-29,"13","ISCU"
4.61222005474725e-34,1.34164269966984,0.416,0.151,1.37015221166377e-29,"13","NDUFB1"
4.88792924814016e-34,1.25588748160795,0.452,0.173,1.452057141745e-29,"13","ATP5MC3"
6.16351374296773e-34,1.10576655481857,0.487,0.191,1.83099502762342e-29,"13","NDUFB11"
6.51243821347402e-34,1.12624755009952,0.497,0.2,1.93465002007673e-29,"13","SNU13"
7.01378080984764e-34,0.55692446472312,0.994,0.755,2.08358386518144e-29,"13","MT-CO2"
8.94601271574422e-34,0.693579133401371,0.971,0.635,2.65759199746614e-29,"13","MT-ND2"
9.54663686193584e-34,0.673435836286454,0.906,0.485,2.83601941257528e-29,"13","SH3BGRL3"
1.14044701130267e-33,1.0458937987852,0.613,0.277,3.38792593647683e-29,"13","PPDPF"
1.28896027419907e-33,1.35358375509535,0.432,0.163,3.82911428656318e-29,"13","ARID5A"
1.38503474445618e-33,0.906239960060868,0.703,0.344,4.11452271535598e-29,"13","CHCHD2"
1.45196538688439e-33,1.52941719777388,0.265,0.074,4.31335357481746e-29,"13","RHBDD2"
1.527982672488e-33,0.727584856311884,1,0.83,4.5391781251601e-29,"13","B2M"
1.7091788327678e-33,0.927852118586927,0.6,0.262,5.07745755850329e-29,"13","YWHAB"
1.90259451711545e-33,1.16144052023656,0.448,0.171,5.65203753199485e-29,"13","SEM1"
2.59069677350677e-33,0.668259158593187,0.984,0.536,7.69618290505657e-29,"13","RPL35"
2.68959773204327e-33,1.3835587839314,0.323,0.103,7.98998798258095e-29,"13","VSIR"
3.21232953057687e-33,1.59858990507837,0.435,0.175,9.54286733648472e-29,"13","GIMAP7"
3.29890899329681e-33,1.3601498229041,0.423,0.16,9.80006894638684e-29,"13","ATP1B3"
3.54261568367843e-33,1.01976448878247,0.652,0.316,1.05240484115035e-28,"13","UQCRB"
4.87504317029546e-33,0.984875030786515,0.723,0.378,1.44822907459967e-28,"13","SKP1"
5.91339002533809e-33,0.847635580431008,0.845,0.46,1.75669077482719e-28,"13","CD74"
1.25479724546415e-32,1.29714128301444,0.381,0.135,3.72762617710034e-28,"13","NDUFC2"
1.60090537540277e-32,1.05089316437084,0.535,0.222,4.75580959870901e-28,"13","ATP6V1G1"
2.26638868369287e-32,1.06966343702307,0.513,0.211,6.73276086264642e-28,"13","ATP5F1D"
2.84360939929897e-32,1.48235300880483,0.439,0.178,8.44751044249746e-28,"13","SOCS1"
3.34610715945139e-32,1.21982936158774,0.477,0.196,9.94028053858225e-28,"13","HIGD2A"
3.65607660581413e-32,1.31890647070861,0.365,0.126,1.0861106772892e-27,"13","TSTD1"
3.69924792130119e-32,1.22895963295944,0.371,0.128,1.09893557998094e-27,"13","GNG5"
6.3974169665391e-32,1.14716152355752,0.426,0.162,1.90048065824977e-27,"13","ANP32B"
6.77762804009514e-32,1.10719826675582,0.497,0.203,2.01342996187106e-27,"13","GPSM3"
7.1165646176422e-32,0.971412890515068,0.668,0.332,2.11411785096297e-27,"13","HNRNPK"
8.89815067104643e-32,1.14658970566469,0.513,0.22,2.64337361984776e-27,"13","LAMTOR4"
9.1752037612434e-32,0.670000345513074,0.99,0.524,2.72567778135258e-27,"13","RPL23A"
1.23258283212146e-31,0.562523946058091,0.965,0.505,3.66163381938321e-27,"13","UBB"
1.33796251637723e-31,0.647778424997504,0.994,0.533,3.97468524740185e-27,"13","RPL21"
1.47495066848882e-31,0.911551232617374,0.829,0.482,4.38163595087973e-27,"13","KLF6"
1.64914492250607e-31,1.25615939545921,0.303,0.095,4.89911482128878e-27,"13","CD82"
1.65049578054035e-31,0.792007099341408,0.797,0.426,4.90312781525121e-27,"13","TOMM7"
1.65668832009665e-31,1.25513653690497,0.397,0.147,4.92152399251112e-27,"13","SNRPF"
1.8446187300494e-31,1.28548283868451,0.394,0.146,5.47980886135776e-27,"13","PIK3IP1"
2.00141112274062e-31,1.35862077296911,0.374,0.135,5.94559202232555e-27,"13","SF3B6"
2.54915208640195e-31,1.03377017656504,0.613,0.287,7.57276610307429e-27,"13","SUMO2"
2.88137223114814e-31,0.943211415878225,0.616,0.29,8.55969248707179e-27,"13","LDHB"
3.26331110282896e-31,0.984111412922954,0.5,0.201,9.69431829317399e-27,"13","COPE"
3.27311069160522e-31,1.17348382894056,0.539,0.244,9.72342993155163e-27,"13","ZNF331"
3.46818015187804e-31,0.810914492724753,0.739,0.392,1.03029227771841e-26,"13","SAT1"
4.6116609578624e-31,1.13052029377061,0.523,0.227,1.36998612075218e-26,"13","CUTA"
4.89699179593006e-31,1.01734790957973,0.542,0.236,1.45474935281694e-26,"13","SEC61B"
8.3245169601228e-31,1.19517779859486,0.384,0.138,2.47296425334368e-26,"13","SELENOW"
1.00183861134093e-30,0.871849593710061,0.316,0.099,2.97616196271049e-26,"13","IL6ST"
1.10814541185363e-30,1.51653967752914,0.297,0.096,3.29196757499359e-26,"13","TOMM22"
1.84218194578233e-30,0.934919933226365,0.626,0.297,5.47256990633558e-26,"13","SNRPD2"
1.9737090251182e-30,0.548886533313655,0.894,0.473,5.86329740091864e-26,"13","HSPA8"
1.99822430286937e-30,1.14151788487911,0.452,0.181,5.93612493653403e-26,"13","ATP5PO"
2.29824429402359e-30,1.19104050016596,0.506,0.224,6.82739432425586e-26,"13","MIF"
3.85094128672807e-30,1.24771403691414,0.332,0.111,1.14399912804831e-25,"13","TMEM243"
5.09933719321907e-30,1.1575178489358,0.403,0.153,1.51486009998959e-25,"13","KRTCAP2"
5.93691282982491e-30,0.985490322594727,0.513,0.219,1.76367869435608e-25,"13","PRDX1"
5.98156521846779e-30,0.987985988903617,0.594,0.275,1.77694357945023e-25,"13","TRIR"
7.08453013449003e-30,1.01829546613663,0.513,0.222,2.10460136705295e-25,"13","TRMT112"
1.39111820370708e-29,0.984657888887882,0.545,0.245,4.13259484775263e-25,"13","ARL6IP1"
1.45226726076236e-29,1.01934101391735,0.526,0.231,4.31425035154673e-25,"13","RAC1"
1.6289564957411e-29,0.923554414962958,0.316,0.103,4.83914106189808e-25,"13","TBC1D4"
1.78343568801575e-29,1.30512815862344,0.3,0.097,5.2980523983884e-25,"13","NAA10"
1.91593725287267e-29,1.15783311116081,0.432,0.172,5.69167479710884e-25,"13","PPP2CA"
2.02614336533616e-29,1.22134191138482,0.361,0.131,6.01906409540412e-25,"13","BCAP31"
2.2017636147084e-29,1.42422771520476,0.294,0.095,6.54077917021426e-25,"13","POLR2G"
2.33141034041463e-29,0.889529108427652,0.642,0.308,6.92592069826974e-25,"13","CD37"
2.61925985153715e-29,1.27672964518155,0.371,0.137,7.78103524096141e-25,"13","NDUFA3"
2.76352188940519e-29,1.0975263607002,0.429,0.17,8.209594476856e-25,"13","PSMB3"
2.92451973829369e-29,1.19022857324826,0.41,0.16,8.68787078654907e-25,"13","SNRPG"
3.1731258719456e-29,1.09081169907854,0.494,0.213,9.42640502778878e-25,"13","SNRPB"
3.47533762973594e-29,0.898192408446969,0.665,0.335,1.03241854966566e-24,"13","EIF3E"
4.33017048937385e-29,0.912840912434684,0.674,0.341,1.28636374727829e-24,"13","SUB1"
5.84989662309547e-29,1.43948563056675,0.281,0.089,1.73782878982297e-24,"13","TMEM256"
6.0064682108886e-29,0.798192192633519,0.803,0.449,1.78434151140868e-24,"13","HSP90AB1"
6.53832410620266e-29,0.949718551655588,0.571,0.262,1.94233994222962e-24,"13","EIF3F"
1.08962051177596e-28,0.588878782046048,0.777,0.399,3.23693565433285e-24,"13","SAP18"
1.76925541274255e-28,1.58972912601837,0.268,0.085,5.2559270546343e-24,"13","MTHFD2"
3.07775120990165e-28,0.855059240839528,0.697,0.355,9.14307551925482e-24,"13","ARPC3"
3.23992531545344e-28,1.46555651649598,0.306,0.105,9.62484613461754e-24,"13","ROMO1"
3.36859417636144e-28,1.42143836721502,0.281,0.091,1.00070827197169e-23,"13","POLR2J"
7.0550336099636e-28,1.06250912237976,0.461,0.194,2.09583883451189e-23,"13","SUMO1"
8.48878055578687e-28,1.19631482854259,0.358,0.131,2.5217620397076e-23,"13","EIF1B"
1.40017406607001e-27,0.944678787627467,0.571,0.272,4.15949709807418e-23,"13","ANAPC16"
1.71525313940744e-27,0.409235912845879,0.829,0.418,5.09550250123768e-23,"13","NFKBIA"
2.00459168668127e-27,1.15727752714207,0.387,0.15,5.95504052362406e-23,"13","LSM7"
2.1430180092735e-27,1.14473231144709,0.323,0.113,6.36626360014878e-23,"13","LAPTM4A"
2.44936369555639e-27,1.18760734971752,0.371,0.14,7.27632473038937e-23,"13","SEPT1"
2.80015796828912e-27,0.962167435181975,0.471,0.199,8.3184292763965e-23,"13","RARRES3"
3.12395316153245e-27,0.578834525942225,0.997,0.555,9.28032765696445e-23,"13","RPS12"
3.35800759885604e-27,1.17169002187896,0.374,0.146,9.97563317392164e-23,"13","CALM3"
3.72887854800233e-27,1.41402160162404,0.332,0.124,1.10773795025505e-22,"13","PGAM1"
3.99809616139078e-27,1.15808231719873,0.271,0.086,1.18771442666436e-22,"13","ITGAE"
4.47655340983143e-27,1.07564281330255,0.332,0.118,1.32984972145862e-22,"13","EIF4E"
4.83161479692429e-27,1.13972895808944,0.419,0.171,1.4353278077223e-22,"13","CKS2"
4.99971385565391e-27,0.878294684822135,0.584,0.282,1.48526499509911e-22,"13","PSMA7"
6.65916535052048e-27,0.669276304226652,0.952,0.715,1.97823825067912e-22,"13","DDX5"
8.18058664752461e-27,1.28856918638563,0.355,0.135,2.43020687538014e-22,"13","SEPT9"
8.37310886341398e-27,1.04690125063939,0.468,0.202,2.48739945005439e-22,"13","COX7B"
1.16847109924614e-26,1.26145208844862,0.277,0.091,3.47117709453051e-22,"13","CHMP2A"
1.42429539806765e-26,0.750004677103148,0.668,0.329,4.23115433903956e-22,"13","ZFAS1"
1.52323545139359e-26,0.517331343084703,0.619,0.3,4.52507555545492e-22,"13","LTB"
1.79639851701051e-26,1.02282622837075,0.339,0.122,5.33656107448313e-22,"13","AHI1"
2.1956977033965e-26,1.07229643352738,0.471,0.207,6.52275916748e-22,"13","COX8A"
2.20694331254945e-26,1.1705257515515,0.361,0.135,6.55616649859066e-22,"13","ECH1"
2.46524871222028e-26,1.32253000262772,0.255,0.08,7.3235143493928e-22,"13","MAF1"
2.76750522778183e-26,1.04320862242259,0.358,0.133,8.22142778017148e-22,"13","RHOC"
3.06961544114944e-26,1.05996755916376,0.452,0.193,9.11890659102265e-22,"13","PSMB1"
3.11850441632594e-26,0.556779177007163,0.952,0.606,9.26414106957948e-22,"13","HLA-C"
4.18205792063423e-26,1.33713570953688,0.29,0.101,1.24236394648281e-21,"13","LAMTOR1"
4.22006330315689e-26,1.0349550300211,0.452,0.192,1.25365420546882e-21,"13","TMEM123"
4.39350004524171e-26,2.87961428886168,0.49,0.214,1.30517705843996e-21,"13","IGKC"
5.0752460771608e-26,0.708955821094158,0.735,0.39,1.50770335214216e-21,"13","RPL36AL"
7.65950180493273e-26,0.543278876028508,0.268,0.083,2.27540820119137e-21,"13","ZNRF1"
8.96851545404493e-26,0.794370887479643,0.59,0.279,2.66427688593313e-21,"13","SERP1"
9.01572797352341e-26,1.26980716498346,0.284,0.097,2.6783023090946e-21,"13","GABARAP"
1.176142527051e-25,1.28695107483085,0.29,0.1,3.4939666051104e-21,"13","MRPL51"
1.22947833022008e-25,1.25066134914778,0.294,0.102,3.65241127558479e-21,"13","LSM5"
1.29254085316983e-25,1.05027795269749,0.41,0.167,3.83975111251162e-21,"13","AC016831.5"
1.30459620528797e-25,1.10533466659102,0.261,0.083,3.87556394704896e-21,"13","PPP1R7"
1.32521207984931e-25,1.05138616122577,0.616,0.321,3.93680752560834e-21,"13","CREM"
1.56412754634108e-25,1.00626567147403,0.406,0.164,4.64655370191545e-21,"13","ST13"
1.67280929036101e-25,1.19785341431163,0.284,0.096,4.96941455887545e-21,"13","CTSA"
2.32000975847998e-25,1.2069949645754,0.326,0.121,6.89205298951648e-21,"13","EVI2B"
2.41610117627919e-25,0.602110181828887,0.994,0.549,7.17751176437258e-21,"13","RPS3"
2.84385959454709e-25,1.20736551478247,0.361,0.143,8.44825369752105e-21,"13","SELENOH"
3.98057892234103e-25,0.851312243750376,0.51,0.23,1.18251058045985e-20,"13","POLR2L"
4.05243410227131e-25,0.550548515193451,0.987,0.718,1.20385659876174e-20,"13","HLA-B"
4.9579071859482e-25,0.908702392108294,0.465,0.201,1.47284548772963e-20,"13","UXT"
5.97719849914607e-25,0.911051051453526,0.577,0.288,1.77564635814132e-20,"13","CLK1"
8.15993817253452e-25,0.957582872129301,0.49,0.222,2.42407283291483e-20,"13","ARF1"
1.4748722087836e-24,0.545990927692397,0.948,0.572,4.38140287063345e-20,"13","BTG1"
1.71355142010826e-24,1.09966085710416,0.426,0.185,5.09044720371562e-20,"13","HSPH1"
1.72519685741132e-24,1.21952452572835,0.277,0.095,5.12504230431181e-20,"13","ACADVL"
1.81445232126905e-24,0.996202276427019,0.435,0.189,5.39019351079398e-20,"13","PPP1CA"
2.02975494829957e-24,1.31933640167873,0.284,0.1,6.02979302491354e-20,"13","ANAPC11"
2.35322044984284e-24,0.930186504528915,0.487,0.222,6.99071199034813e-20,"13","HMGN2"
2.67566489465897e-24,1.01724302296944,0.361,0.141,7.9485977025634e-20,"13","DPP7"
2.96850858041326e-24,1.17044365413722,0.342,0.132,8.81854843983367e-20,"13","SNRPN"
3.94596729931175e-24,1.12110650609078,0.31,0.113,1.17222850560654e-19,"13","MDH2"
3.96080569597879e-24,0.788197601825343,0.6,0.311,1.17663654810442e-19,"13","ARPC1B"
4.08070879232284e-24,1.57583407977931,0.297,0.11,1.21225616093535e-19,"13","DUSP4"
4.09858153235507e-24,1.20707638955825,0.268,0.091,1.21756561581672e-19,"13","RNF7"
4.42609926562017e-24,1.28264151744764,0.3,0.111,1.31486130883778e-19,"13","NDUFA6"
5.08537007540156e-24,1.06654693927689,0.406,0.174,1.51071088829954e-19,"13","EID1"
5.18839752769504e-24,1.13388428287219,0.355,0.143,1.54131725355236e-19,"13","COX5A"
6.07063274603747e-24,0.990506113203898,0.303,0.109,1.80340286986535e-19,"13","MOB4"
7.54192437716169e-24,1.14472807138644,0.326,0.124,2.24047947472342e-19,"13","PIM2"
8.57072528837282e-24,1.05768997234908,0.435,0.191,2.54610536141691e-19,"13","C12orf57"
1.01407330243025e-23,0.822614579812044,0.526,0.248,3.01250755952954e-19,"13","SLC25A3"
1.24206000046098e-23,1.35973279398809,0.281,0.101,3.68978764336943e-19,"13","SIVA1"
1.57642117492106e-23,1.1660786833949,0.287,0.102,4.68307438433799e-19,"13","SUPT4H1"
1.86590593725559e-23,0.75311618514626,0.597,0.293,5.54304676780517e-19,"13","IL2RG"
2.23370226682937e-23,1.09065659396071,0.365,0.146,6.63565932407e-19,"13","GABARAPL2"
2.28102223066886e-23,0.870227345001125,0.416,0.176,6.77623274064799e-19,"13","CSTB"
2.66277100000892e-23,0.947094895513893,0.471,0.214,7.9102938097265e-19,"13","POMP"
3.27480611696942e-23,0.671573842665978,0.674,0.352,9.72846653168107e-19,"13","NOP53"
3.31768444110335e-23,0.326364334439015,0.319,0.114,9.85584516918571e-19,"13","CTSB"
3.35605358213419e-23,0.915168399933222,0.477,0.22,9.96982837644605e-19,"13","SEC61G"
4.09092618532718e-23,1.01236285059894,0.342,0.134,1.21529144187515e-18,"13","TMCO1"
4.61109763767326e-23,0.996434538584606,0.49,0.235,1.3698187752236e-18,"13","HNRNPA0"
4.63212939096565e-23,1.17877641439086,0.355,0.146,1.37606667817417e-18,"13","LBH"
4.96211754673436e-23,0.800744871008787,0.458,0.202,1.47409625960838e-18,"13","SEC11A"
6.17214183177268e-23,1.30787154300213,0.306,0.118,1.83355817396471e-18,"13","KPNA2"
7.0187155954636e-23,1.23382482501966,0.297,0.11,2.08504984194437e-18,"13","NDUFA2"
7.36511209579104e-23,0.750001446589258,0.458,0.2,2.18795385029664e-18,"13","CD3G"
9.13592371648687e-23,1.02042108801006,0.374,0.154,2.71400885845676e-18,"13","ABRACL"
9.64666412440673e-23,0.701693780822096,0.713,0.395,2.86573451143751e-18,"13","SARAF"
9.7373492896044e-23,0.76771082185268,0.542,0.261,2.89267435346278e-18,"13","MORF4L1"
9.90075155199045e-23,1.17173514450197,0.329,0.13,2.9412162635498e-18,"13","CSNK2B"
1.08777780320811e-22,0.925831450623716,0.426,0.188,3.23146151999033e-18,"13","ATP5PF"
1.1089910735682e-22,0.972350460878471,0.348,0.138,3.29447978224904e-18,"13","RWDD1"
1.11215076573037e-22,1.14580848150297,0.29,0.107,3.30386627975522e-18,"13","NDUFS8"
1.13303381681896e-22,0.95218273493774,0.548,0.272,3.36590355962409e-18,"13","SELENOK"
1.4884516287182e-22,0.443367009476214,0.974,0.542,4.42174325343316e-18,"13","TPT1"
1.97656076836712e-22,1.33026878499392,0.261,0.093,5.8717690745882e-18,"13","MT1X"
2.00629822395052e-22,0.901239064030653,0.419,0.186,5.96011013388981e-18,"13","HSPB1"
2.75516787038372e-22,0.879813360855557,0.448,0.201,8.18477719254891e-18,"13","SPCS2"
2.90820619288105e-22,1.21167688485961,0.348,0.144,8.63940813719175e-18,"13","ATP5F1A"
3.07164098181496e-22,0.972448092773453,0.529,0.268,9.1249238646777e-18,"13","CYCS"
3.08414399297168e-22,1.21050911668061,0.268,0.096,9.16206655992097e-18,"13","C19orf70"
3.38563948336953e-22,0.907363499040822,0.481,0.23,1.00577192132459e-17,"13","NEDD8"
3.51614180787668e-22,0.763551883359308,0.603,0.314,1.04454024686593e-17,"13","NAP1L1"
3.63013620333665e-22,0.754159781079895,0.577,0.294,1.07840456192522e-17,"13","PNRC1"
3.64898961231745e-22,1.15527893144733,0.255,0.088,1.08400534413115e-17,"13","NDUFB3"
4.31195397123804e-22,1.05544030867042,0.303,0.114,1.28095216623569e-17,"13","PSMB6"
4.42668418593316e-22,1.3606037782866,0.258,0.091,1.31503507111517e-17,"13","NHP2"
5.00708556872532e-22,0.913860840652302,0.413,0.18,1.48745490990123e-17,"13","H2AFV"
5.02190237271267e-22,1.11452312806171,0.303,0.115,1.49185653786175e-17,"13","ATP6V1F"
5.17150719149134e-22,0.897235735872918,0.361,0.145,1.53629964137633e-17,"13","SF3B2"
8.65594637958513e-22,0.892167728873404,0.455,0.21,2.57142199098335e-17,"13","EIF3L"
9.77687912913259e-22,1.17052291543866,0.294,0.111,2.90441748289142e-17,"13","ILF2"
1.11660987694862e-21,0.781715825450105,0.513,0.242,3.31711296145128e-17,"13","TMEM59"
1.23533996816134e-21,0.855612309717754,0.371,0.155,3.66982444341689e-17,"13","MRPS6"
1.3546699914343e-21,0.603495926383674,0.748,0.419,4.02431814355387e-17,"13","CD2"
1.37052080870176e-21,0.836756594644612,0.516,0.25,4.07140616641031e-17,"13","EIF4A3"
1.74777462180319e-21,1.11205426623824,0.384,0.169,5.19211406899073e-17,"13","CACYBP"
1.80640199333173e-21,0.31056867444042,0.903,0.519,5.36627840159057e-17,"13","HSP90AA1"
2.23526467604344e-21,0.314599494914224,0.935,0.623,6.64030077312224e-17,"13","MT-ND3"
2.39923562265931e-21,0.970005142455856,0.452,0.215,7.12740926423402e-17,"13","MAP1LC3B"
2.49081117712661e-21,1.02392215811375,0.371,0.157,7.39945276389001e-17,"13","PSMA2"
3.12801093568486e-21,1.12946130243646,0.265,0.096,9.29238208663902e-17,"13","PPP4C"
3.13008502810072e-21,0.80483127868895,0.545,0.275,9.29854359297881e-17,"13","ENO1"
3.29938619341576e-21,1.15019309636624,0.319,0.127,9.8014865647802e-17,"13","BUD31"
3.73349883966232e-21,0.816459141798553,0.568,0.29,1.10911050029848e-16,"13","RBM8A"
4.07560141987893e-21,0.814213890416191,0.323,0.127,1.21073891380343e-16,"13","CMTM7"
4.42694286702001e-21,1.02140081080122,0.294,0.111,1.31511191750563e-16,"13","SEC11C"
5.06712222137942e-21,1.00685980637156,0.339,0.138,1.50528999830518e-16,"13","ELOC"
5.6684728604338e-21,0.930984965372752,0.403,0.176,1.68393323264907e-16,"13","VAMP8"
8.73026106350775e-21,0.890050939274023,0.394,0.172,2.59349865413625e-16,"13","TMED2"
1.06491525458833e-20,1.06304288136546,0.274,0.102,3.16354374680554e-16,"13","SCAND1"
1.37713890658062e-20,1.01068392176004,0.255,0.091,4.09106654977905e-16,"13","GOLGA7"
1.90095462288778e-20,0.960152174145284,0.303,0.12,5.64716589821273e-16,"13","UQCRC2"
2.06732310998346e-20,1.00269514393387,0.29,0.11,6.14139676282786e-16,"13","ERGIC3"
2.16699482512605e-20,0.937606709507377,0.342,0.142,6.43749152700197e-16,"13","PSMD8"
2.4589904468883e-20,0.772971448515098,0.416,0.186,7.30492292057106e-16,"13","SLA"
3.24122364301002e-20,1.1067165206254,0.258,0.094,9.62870307628986e-16,"13","AIP"
3.30988815215207e-20,0.949809385524751,0.365,0.158,9.83268473359815e-16,"13","SNRPB2"
5.20697621112474e-20,0.977166892188147,0.265,0.097,1.54683642303883e-15,"13","PSMD13"
5.76183646482193e-20,0.887906886085553,0.303,0.119,1.71166875860465e-15,"13","TRAT1"
5.8170245646456e-20,1.07987261440857,0.258,0.095,1.72806348741927e-15,"13","LSM3"
6.28721250863386e-20,0.888856678496148,0.358,0.151,1.86774221993986e-15,"13","BUB3"
6.29260867680805e-20,1.07393403760177,0.281,0.107,1.86934525961937e-15,"13","RHOG"
7.54224843369035e-20,0.853318876218684,0.284,0.107,2.24057574219639e-15,"13","MDH1"
9.73811450588594e-20,0.749315777435305,0.526,0.266,2.89290167626354e-15,"13","CITED2"
1.11003897651904e-19,1.14240544250748,0.265,0.1,3.29759278754511e-15,"13","MIEN1"
1.22925422431524e-19,1.13346415949012,0.265,0.1,3.6517455241733e-15,"13","ADRM1"
1.35764924284574e-19,1.0477447741198,0.329,0.14,4.03316860572183e-15,"13","NDUFB9"
1.41570457063967e-19,0.90100401658537,0.316,0.128,4.20563356799927e-15,"13","NDUFS6"
1.51059523726994e-19,0.80797714735882,0.477,0.232,4.48752527135781e-15,"13","PSME2"
1.73855365895089e-19,1.07802799419124,0.358,0.161,5.16472135464542e-15,"13","TSPYL2"
1.75338118687317e-19,0.77640439307029,0.539,0.287,5.20876949184412e-15,"13","TMBIM6"
1.79604806634142e-19,0.983958065604413,0.313,0.127,5.33551999068046e-15,"13","NDUFB10"
1.90111192725607e-19,0.943139319857686,0.41,0.188,5.64763320229959e-15,"13","SBDS"
1.94923218086392e-19,0.789006104112135,0.352,0.148,5.79058403969245e-15,"13","ZAP70"
1.98978862314611e-19,0.283830033384206,0.955,0.515,5.91106506278015e-15,"13","FTL"
2.46338108138418e-19,1.11050928462519,0.284,0.112,7.31796617846798e-15,"13","CCDC59"
2.60633184161695e-19,1.04815389092298,0.335,0.143,7.74263000189148e-15,"13","HMGB2"
2.93139019890846e-19,0.894820360984238,0.368,0.161,8.70828086389735e-15,"13","PRDX5"
3.58827861765903e-19,0.938417954433151,0.374,0.165,1.06596992894797e-14,"13","ERP29"
3.92487227150096e-19,0.69408149793325,0.616,0.328,1.16596180569479e-14,"13","PSME1"
4.21556581691943e-19,1.29796351987559,0.255,0.096,1.25231813723225e-14,"13","TOPORS"
4.33058353239396e-19,1.06438532415338,0.261,0.099,1.28648644996827e-14,"13","AUP1"
4.35883567263733e-19,0.97842846842024,0.461,0.233,1.29487931327037e-14,"13","SDCBP"
4.55100371209584e-19,0.642004274478262,0.542,0.28,1.35196667275231e-14,"13","LIMD2"
6.4608820401692e-19,0.850471201138663,0.377,0.168,1.91933422767306e-14,"13","HBP1"
8.09633726975615e-19,0.982841709184836,0.281,0.111,2.40517891272646e-14,"13","MED10"
9.68928279003539e-19,0.592206154378111,0.616,0.332,2.87839523843581e-14,"13","ARID5B"
1.0272422599214e-18,1.00398256411726,0.384,0.178,3.05162858154849e-14,"13","GPR183"
1.1372512221246e-18,0.832725777230195,0.381,0.171,3.37843220556555e-14,"13","SYF2"
1.16474627203748e-18,1.05832354837517,0.261,0.1,3.46011175034173e-14,"13","GADD45GIP1"
1.24782028840958e-18,1.56001555369603,0.258,0.101,3.70689973077833e-14,"13","ID3"
1.26909624151675e-18,0.949900600098541,0.458,0.234,3.77010420467379e-14,"13","EIF5"
1.4940714341305e-18,0.776495283526244,0.394,0.177,4.43843800937148e-14,"13","BSG"
2.5540322396341e-18,0.740992929130993,0.355,0.152,7.58726357428103e-14,"13","UBE2I"
2.58584694802128e-18,0.918128667918777,0.332,0.142,7.68177552848681e-14,"13","NDUFB4"
3.01024174037423e-18,1.11302376315078,0.284,0.116,8.94252513812972e-14,"13","POLR2K"
3.13527748502735e-18,0.845338019737559,0.406,0.191,9.31396882477075e-14,"13","PRR13"
3.31937743996571e-18,0.752402922486163,0.423,0.197,9.86087456090613e-14,"13","NDUFB8"
3.76021342173541e-18,0.80003298155074,0.394,0.181,1.11704660119494e-13,"13","UBE2N"
4.65250021768778e-18,0.955599622444483,0.365,0.168,1.38211823966851e-13,"13","VPS29"
5.05292758946867e-18,0.847530918408796,0.406,0.192,1.50107319900346e-13,"13","RSL24D1"
5.80700445941783e-18,0.832680868079866,0.426,0.208,1.72508681475925e-13,"13","DAD1"
6.62492674000267e-18,0.657423066090594,0.59,0.317,1.96806698665259e-13,"13","EIF3K"
7.1338831296411e-18,0.97919072967891,0.297,0.122,2.11926266132248e-13,"13","RPL22L1"
7.33171404573575e-18,0.798101798987131,0.561,0.306,2.17803229156672e-13,"13","DNAJB6"
7.42836929186344e-18,0.839241355775423,0.377,0.172,2.20674566553387e-13,"13","C4orf3"
7.87963714116249e-18,0.646785395654776,0.694,0.409,2.34080380552514e-13,"13","PPIA"
1.02946921790159e-17,0.93238355807817,0.297,0.123,3.05824420562025e-13,"13","AURKAIP1"
1.06618161118424e-17,0.928669831050491,0.284,0.116,3.16730571234501e-13,"13","CCT3"
1.09359232734653e-17,0.928193766657847,0.316,0.136,3.24873472684833e-13,"13","MAGOH"
1.18105170401017e-17,0.923430667218574,0.329,0.144,3.50855029710301e-13,"13","SMDT1"
1.28625975443209e-17,0.856879412217311,0.4,0.19,3.82109185249142e-13,"13","DRAP1"
1.54608056725356e-17,0.818316768734452,0.41,0.194,4.59294154114015e-13,"13","UBXN1"
1.87748234593853e-17,0.806268346458747,0.3,0.125,5.57743680507958e-13,"13","NME3"
1.88550570831962e-17,0.822968029228698,0.332,0.144,5.60127180770509e-13,"13","ATP6V0B"
2.21078920992151e-17,0.81104889817387,0.281,0.114,6.56759150591383e-13,"13","IGBP1"
2.4074223332721e-17,0.759919826198399,0.439,0.216,7.15172952545143e-13,"13","SEPT7"
2.45889241493539e-17,1.07196608476336,0.268,0.109,7.30463169704857e-13,"13","BLOC1S1"
2.81018692421541e-17,0.661217623767741,0.497,0.256,8.34822229576671e-13,"13","ARL6IP5"
2.86967277300812e-17,0.657407397120837,0.571,0.311,8.52493690677521e-13,"13","EZR"
3.54620381571467e-17,0.519321033347846,0.7,0.402,1.05347076753436e-12,"13","UBE2D3"
3.68472615023616e-17,0.654528614968025,0.487,0.245,1.09462159745066e-12,"13","GSTK1"
4.23249397748172e-17,0.872078082335682,0.255,0.099,1.25734698589049e-12,"13","ESD"
4.36784650147364e-17,0.38074874969129,0.987,0.592,1.29755616019277e-12,"13","TMSB10"
4.87280338202741e-17,0.570264123425983,0.6,0.327,1.44756370069888e-12,"13","LDHA"
5.83956414640306e-17,0.938143445815255,0.258,0.104,1.73475932097196e-12,"13","SNRPD1"
7.70793769389622e-17,0.785730741923183,0.381,0.18,2.28979705072575e-12,"13","PAIP2"
1.02863544741998e-16,0.670452743491899,0.335,0.146,3.05576732365053e-12,"13","TMEM230"
1.14777554293285e-16,0.860749726194987,0.274,0.112,3.40969680539062e-12,"13","DNAJC8"
1.26238646889713e-16,0.96913118460689,0.258,0.104,3.7501714831527e-12,"13","POLR2F"
1.26319730916198e-16,0.911023600439221,0.316,0.141,3.75258024632748e-12,"13","PSMA4"
1.28285658793671e-16,0.828639027855371,0.303,0.131,3.8109820657836e-12,"13","SRSF9"
1.39120135148085e-16,0.875360992871254,0.306,0.133,4.13284185484418e-12,"13","ATP5PB"
1.64139419364198e-16,0.669208926407616,0.455,0.228,4.87608973105224e-12,"13","VAMP2"
1.9804625751384e-16,0.968199466852269,0.258,0.105,5.88336017196366e-12,"13","ATP5MC1"
2.22213718311365e-16,0.79617789813542,0.445,0.224,6.60130292987571e-12,"13","SLC25A5"
2.64610840269131e-16,0.639427641476644,0.377,0.174,7.86079423187508e-12,"13","CBX3"
2.83297284094692e-16,0.558704020385767,0.377,0.173,8.41591241860102e-12,"13","SPOCK2"
2.96388073724909e-16,0.637448380620385,0.565,0.316,8.80480050614588e-12,"13","TPI1"
2.99298745625824e-16,0.281456016535405,0.561,0.284,8.89126783630636e-12,"13","NR3C1"
3.01808161510712e-16,0.480437060260044,0.697,0.415,8.96581505399872e-12,"13","MT-ND5"
3.24311800373994e-16,0.834479996888266,0.303,0.13,9.63433065371023e-12,"13","CDK2AP2"
3.55263951192618e-16,0.907025614884092,0.258,0.105,1.05538261980791e-11,"13","MRPL20"
3.66102263240348e-16,0.969649130123766,0.31,0.14,1.0875799934081e-11,"13","RTRAF"
3.83247626775167e-16,0.886827606303537,0.255,0.103,1.13851372486099e-11,"13","MRPL33"
4.04062976834966e-16,0.523202033825577,0.755,0.454,1.20034988528363e-11,"13","ARPC2"
4.05865040461273e-16,0.920483232029836,0.3,0.13,1.2057032756983e-11,"13","TMED9"
4.89511278718278e-16,0.876385136651553,0.358,0.171,1.45419115568839e-11,"13","EIF5A"
5.6914431622957e-16,0.673374486261391,0.381,0.179,1.69075702022318e-11,"13","SELENOT"
5.84520373040946e-16,0.445049198398355,0.632,0.343,1.73643467219274e-11,"13","CLIC1"
5.9347714988489e-16,0.584439687626946,0.745,0.462,1.76304256916304e-11,"13","HMGB1"
6.42071905855621e-16,0.705181608463076,0.413,0.202,1.90740301072529e-11,"13","ICAM3"
8.46362126248097e-16,0.81626788668506,0.352,0.166,2.51428796844522e-11,"13","OCIAD2"
8.46419672464842e-16,0.756699634900765,0.384,0.185,2.51445892099131e-11,"13","JTB"
1.20569784010815e-15,0.690464207874574,0.252,0.1,3.58176657360928e-11,"13","SFT2D1"
1.27436002112073e-15,0.996396632717332,0.265,0.113,3.78574131474336e-11,"13","GIMAP4"
1.34245082376891e-15,0.765654589763612,0.274,0.114,3.98801866217029e-11,"13","ZNF706"
1.69995240637505e-15,0.39235813866968,0.345,0.154,5.05004861361835e-11,"13","PTPN2"
2.06480093030213e-15,0.812022314586786,0.255,0.104,6.13390412364855e-11,"13","DUT"
2.09900794489329e-15,0.955260354491855,0.358,0.175,6.23552290189451e-11,"13","PMAIP1"
2.12412683805613e-15,0.584848290898142,0.368,0.171,6.31014359781334e-11,"13","RBX1"
2.19307267192795e-15,0.873881098040105,0.306,0.137,6.51496098649636e-11,"13","PPP1R18"
2.25688038280787e-15,0.920796026563695,0.252,0.104,6.70451455320734e-11,"13","VDAC1"
2.90846419983468e-15,0.529503550387249,0.352,0.161,8.64017459844889e-11,"13","CHURC1"
2.91221621023828e-15,0.764110254090109,0.361,0.176,8.65132069575487e-11,"13","GTF2B"
3.25056510818717e-15,0.812544550295726,0.339,0.158,9.65645376689164e-11,"13","EIF3D"
3.37945718736993e-15,0.368924088066686,0.623,0.337,1.00393534665199e-10,"13","TUBB4B"
3.4275085091008e-15,0.904005559016351,0.306,0.139,1.01820995279857e-10,"13","ENY2"
3.72134915909161e-15,0.804423583867482,0.274,0.117,1.10550119469135e-10,"13","NDUFS7"
4.03478754561293e-15,0.560098766338946,0.465,0.233,1.19861433617523e-10,"13","ARL6IP4"
4.36879309716062e-15,0.789547482604565,0.287,0.126,1.2978373653735e-10,"13","SSU72"
5.8027879522298e-15,0.625100978594998,0.41,0.206,1.72383421696891e-10,"13","YWHAQ"
6.82771298513027e-15,0.715148636342027,0.258,0.107,2.02830869649265e-10,"13","SURF4"
7.35987479385519e-15,0.827460558616812,0.284,0.125,2.18639800501056e-10,"13","DYNLRB1"
7.80139988049939e-15,0.908155017881479,0.252,0.105,2.31756186249995e-10,"13","BUD23"
7.81589283903484e-15,0.773171686066371,0.271,0.117,2.32186728569208e-10,"13","CNN2"
8.0027631601547e-15,0.602882673862795,0.529,0.289,2.37738085198716e-10,"13","EIF3H"
8.72243051153925e-15,0.532480352080695,0.271,0.114,2.59117243206296e-10,"13","DENND2D"
9.38795964795343e-15,0.571892323609353,0.545,0.304,2.78888117261753e-10,"13","LSP1"
1.01809556558929e-14,0.655614815501839,0.39,0.194,3.0244564966961e-10,"13","UBE2B"
1.09412283584905e-14,0.91507479410466,0.355,0.178,3.25031070845677e-10,"13","ZFAND5"
1.2808513078787e-14,0.578314598735927,0.503,0.27,3.80502498031526e-10,"13","SSR2"
1.28710463783902e-14,0.701922958178336,0.358,0.17,3.82360174762837e-10,"13","SF3B5"
1.33641100101573e-14,0.951566365862686,0.268,0.118,3.97007616071742e-10,"13","SSB"
1.4255262932471e-14,0.916586752627041,0.31,0.145,4.23481095934915e-10,"13","ATP5PD"
1.74139361195985e-14,0.659963700904649,0.255,0.106,5.17315800304912e-10,"13","C1orf43"
2.07604833512427e-14,0.851167608790529,0.281,0.124,6.16731678915368e-10,"13","DDT"
2.20912276859285e-14,0.624708414458479,0.361,0.174,6.56264100865879e-10,"13","MZT2B"
2.69189150727123e-14,0.755807852320554,0.255,0.108,7.99680210065065e-10,"13","TXNL1"
2.97613524375424e-14,0.598030159794243,0.287,0.126,8.84120496862073e-10,"13","SRP9"
3.17542064159095e-14,0.710678946597409,0.3,0.136,9.43322209997424e-10,"13","PDCD6"
3.39778162317238e-14,0.969468685015328,0.284,0.13,1.00937898679582e-09,"13","NOP10"
3.43431999063807e-14,0.737406943719652,0.326,0.154,1.02023343961885e-09,"13","CHMP4A"
3.46520166138684e-14,0.617323313932366,0.542,0.309,1.02940745754819e-09,"13","SSR4"
3.48068820335165e-14,0.588132391495008,0.329,0.153,1.03400804456967e-09,"13","PNN"
3.66582334113821e-14,0.680571035579338,0.374,0.186,1.08900613995193e-09,"13","TMEM50A"
3.71572151600512e-14,0.634845801301641,0.281,0.122,1.10382939075964e-09,"13","GSPT1"
3.77202097439468e-14,0.563282966566341,0.581,0.333,1.12055427086343e-09,"13","CRIP1"
4.2585926157752e-14,0.690786643975255,0.252,0.106,1.26510010836834e-09,"13","MED4"
4.57543535262066e-14,0.529939810887302,0.665,0.399,1.35922458020302e-09,"13","SON"
5.07901982744597e-14,0.848139943882734,0.268,0.119,1.50882442013938e-09,"13","ARPC5L"
5.54356101667415e-14,0.877081451076596,0.323,0.156,1.64682567122339e-09,"13","PSMB8"
7.02933090402049e-14,0.604164007388299,0.319,0.148,2.08820333165737e-09,"13","HMGN3"
7.34943077399473e-14,0.702508391115185,0.29,0.131,2.18329540003062e-09,"13","CMTM6"
8.60521520183189e-14,0.786829353695364,0.348,0.175,2.5563512800082e-09,"13","ARPC5"
9.22346605543382e-14,0.529472095802592,0.271,0.117,2.74001506108772e-09,"13","ANXA7"
9.60008964320965e-14,0.621816955126069,0.419,0.218,2.85189863030829e-09,"13","PPIB"
1.05240370850222e-13,0.986817546242463,0.271,0.124,3.12637569684755e-09,"13","MRPL18"
1.0629010315669e-13,0.859344463523855,0.326,0.158,3.15756009447579e-09,"13","UFC1"
1.15224162083673e-13,0.554716035638835,0.406,0.207,3.42296418301969e-09,"13","HNRNPF"
1.18449646143985e-13,0.637856084349656,0.471,0.254,3.51878363799935e-09,"13","NCL"
1.21458247038632e-13,0.682718546123862,0.384,0.194,3.60816014477663e-09,"13","ATP5F1B"
1.31601581993369e-13,0.73491393303341,0.316,0.151,3.909488196277e-09,"13","MYLIP"
1.55475465481976e-13,0.48734479517029,0.642,0.374,4.61870965307305e-09,"13","EIF4A2"
1.58522861437008e-13,0.609673720576255,0.361,0.179,4.70923864470919e-09,"13","RPS27L"
1.63085288689091e-13,0.706690858507053,0.365,0.181,4.84477467108683e-09,"13","AC058791.1"
2.10435081325055e-13,0.478353393888866,0.571,0.315,6.2513949609234e-09,"13","CCNL1"
2.47843029079805e-13,0.704965359565343,0.277,0.125,7.36267286487375e-09,"13","DGUOK"
2.51334534073611e-13,0.865495950198909,0.274,0.125,7.46639500372477e-09,"13","COX17"
2.69004259911924e-13,0.624992690028556,0.339,0.163,7.99130954920352e-09,"13","DAZAP2"
2.99851090791789e-13,0.727398825798325,0.265,0.117,8.90767635415168e-09,"13","EEF1G"
3.39042111632181e-13,0.666511617895964,0.342,0.168,1.00719240102572e-08,"13","GTF3A"
3.39158811439502e-13,0.715607367694681,0.297,0.138,1.00753908114333e-08,"13","COX7A2L"
3.46025783655861e-13,0.639245033891474,0.342,0.169,1.02793879550647e-08,"13","UBE2L3"
3.86947676875142e-13,0.597115176684272,0.277,0.124,1.14950546369298e-08,"13","OSTC"
4.21235259183816e-13,0.417097280143235,0.406,0.204,1.25136358445736e-08,"13","TERF2IP"
4.3102737050021e-13,0.366166403570969,0.255,0.109,1.28045300954497e-08,"13","MAF"
4.7568133393299e-13,0.762948810201954,0.261,0.117,1.41310653871473e-08,"13","TUFM"
4.97828484213034e-13,0.412977218518697,0.574,0.33,1.47889907805166e-08,"13","CAPZB"
5.34165707467241e-13,0.631430198376622,0.284,0.13,1.58684606717293e-08,"13","PDIA6"
6.43434781621391e-13,0.778911858010524,0.287,0.135,1.91145170576267e-08,"13","PET100"
6.51152605492647e-13,0.385888065556049,0.6,0.342,1.93437904513701e-08,"13","HERPUD1"
6.77866271715746e-13,0.597896289982266,0.297,0.138,2.01373733338597e-08,"13","CCT4"
6.81807969187557e-13,0.714549481029548,0.335,0.166,2.02544693406548e-08,"13","GZMM"
7.36443000923539e-13,0.526758509010464,0.548,0.323,2.18775122284356e-08,"13","MYL12B"
8.84470263963134e-13,0.532834817996926,0.255,0.112,2.62749581315528e-08,"13","DNAJC15"
9.08387846032006e-13,0.862946542177297,0.265,0.122,2.69854777420728e-08,"13","FAM96B"
9.82409325591618e-13,0.687483517485299,0.323,0.157,2.91844338353502e-08,"13","RNPS1"
9.90487765117605e-13,0.347497286066077,0.571,0.334,2.94244200383487e-08,"13","LMNA"
1.07992950960868e-12,1.09048775697552,0.274,0.133,3.20814659419449e-08,"13","SOCS3"
1.1339552692272e-12,0.666101505923491,0.39,0.206,3.36864091829325e-08,"13","CD164"
1.17188849419428e-12,0.783213878501988,0.3,0.146,3.48132914970294e-08,"13","BCAS2"
1.66996577965987e-12,0.480464878863527,0.816,0.565,4.96096734163559e-08,"13","HLA-E"
1.7473870952612e-12,0.628921444173571,0.29,0.137,5.19096284389244e-08,"13","RHEB"
1.78010627324833e-12,0.448068404644928,0.594,0.349,5.2881617059388e-08,"13","LAPTM5"
1.87923298922013e-12,0.483748046737815,0.413,0.213,5.58263744107624e-08,"13","RBMX"
1.98941626403776e-12,0.752299151950381,0.258,0.117,5.90995889557698e-08,"13","CAMLG"
2.18667823507502e-12,0.736257803768848,0.348,0.178,6.49596503293737e-08,"13","ARF4"
2.32368044881617e-12,0.67081040091302,0.31,0.151,6.9029575092982e-08,"13","KRT10"
2.41114315298458e-12,0.700815182128134,0.323,0.16,7.16278296457129e-08,"13","COPS9"
2.56926301836251e-12,0.626369666370183,0.355,0.18,7.63250964864951e-08,"13","ARPC4"
2.90004412643943e-12,0.638449449900763,0.352,0.178,8.61516108641362e-08,"13","CSRNP1"
3.86447061194234e-12,0.772881378681732,0.297,0.145,1.14801828468971e-07,"13","FKBP8"
4.17643423063488e-12,0.568692288253634,0.306,0.148,1.24069331689471e-07,"13","VPS28"
4.56463722776557e-12,0.664159020250556,0.355,0.183,1.35601678125232e-07,"13","PCBP1"
4.75182365274323e-12,0.600164769965668,0.432,0.238,1.41162425252043e-07,"13","SERBP1"
4.952924321671e-12,0.653812470393341,0.3,0.145,1.4713652282388e-07,"13","BAX"
6.36207391376271e-12,0.572487557985148,0.258,0.119,1.88998129756149e-07,"13","MRPL1"
6.61063754779719e-12,0.411199918137484,0.413,0.219,1.96382209632411e-07,"13","NDFIP1"
6.72107118785454e-12,0.48145893266986,0.458,0.251,1.99662861777595e-07,"13","PGK1"
6.95373895174678e-12,0.502676608360375,0.523,0.302,2.06574723039542e-07,"13","CCNI"
7.35715172327765e-12,0.443325735308901,0.416,0.22,2.18558906243409e-07,"13","SNHG8"
8.49587941468206e-12,0.758635935473157,0.271,0.129,2.5238708977196e-07,"13","VDAC2"
8.91167260525705e-12,0.313067099979903,0.684,0.402,2.64739058084371e-07,"13","CORO1A"
9.17068889565627e-12,0.844956280466361,0.271,0.129,2.72433655023261e-07,"13","NUDC"
9.60259162340769e-12,0.708456029491389,0.294,0.145,2.85264189356572e-07,"13","DHRS7"
1.00866142037506e-11,0.511662616335912,0.506,0.293,2.9964304815082e-07,"13","TAGLN2"
1.03260859041965e-11,0.670981390962901,0.281,0.134,3.06757033955966e-07,"13","NDUFB7"
1.27815006036831e-11,0.422997942793999,0.281,0.131,3.79700038433612e-07,"13","RER1"
1.3820828400727e-11,0.707453339543415,0.255,0.119,4.10575349300397e-07,"13","SERPINB1"
1.52447047856788e-11,0.31106683081705,0.306,0.156,4.52874445068161e-07,"13","AREG"
1.58734143380637e-11,0.505452908609773,0.335,0.168,4.71551519740858e-07,"13","SNX3"
1.8336983251016e-11,0.505652969953727,0.326,0.163,5.44736761437933e-07,"13","EIF3M"
1.92019455877368e-11,0.539135710938899,0.39,0.207,5.70432197574897e-07,"13","ARF6"
1.92277834938272e-11,0.626155547622267,0.277,0.133,5.71199764251125e-07,"13","BST2"
2.85904629331593e-11,0.643491151374613,0.265,0.126,8.49336882355363e-07,"13","LGALS3"
3.45217772330878e-11,0.452945097601774,0.474,0.27,1.02553843626334e-06,"13","PRPF38B"
3.65665941084507e-11,0.727238520523296,0.281,0.137,1.08628381117975e-06,"13","TCP1"
3.91807073785277e-11,0.59342593855697,0.319,0.163,1.16394127409392e-06,"13","DEK"
6.00587227372021e-11,0.443143225312424,0.284,0.136,1.78416447635406e-06,"13","TAF7"
6.54656214450964e-11,0.390793503548229,0.532,0.308,1.94478721626948e-06,"13","TPM3"
8.30744781042468e-11,0.557930385955895,0.406,0.228,2.46789352104286e-06,"13","CALR"
8.90366126304756e-11,0.660735947150044,0.271,0.132,2.64501065141354e-06,"13","FBL"
1.01173197241169e-10,0.461431681427348,0.271,0.131,3.00555217044341e-06,"13","METTL9"
1.05910658114248e-10,0.301667083307478,0.323,0.162,3.14628792059998e-06,"13","TCF7"
1.10140652277008e-10,0.465540683928902,0.497,0.297,3.27194835719307e-06,"13","NR4A2"
1.24135697636441e-10,0.526220566272728,0.287,0.143,3.68769916968577e-06,"13","PSMA3"
1.5389913848365e-10,0.56207679331792,0.394,0.219,4.57188170693378e-06,"13","EIF3G"
2.03632947972271e-10,0.713485987831528,0.387,0.22,6.04932398541225e-06,"13","HLA-DRA"
2.25047323811073e-10,0.565924645939848,0.297,0.152,6.68548084845556e-06,"13","MORF4L2"
2.60280621308944e-10,0.519951541492254,0.361,0.195,7.7321564172248e-06,"13","SET"
2.68300697334876e-10,0.396084600337647,0.381,0.204,7.97040881572715e-06,"13","RSRC2"
3.01140592532418e-10,0.420382657650198,0.455,0.264,8.94598358236054e-06,"13","PSMB9"
3.05677890793288e-10,0.812795782837579,0.271,0.138,9.0807731017962e-06,"13","NEU1"
3.32761800594973e-10,0.407426633297169,0.252,0.12,9.88535481027487e-06,"13","CLNS1A"
3.43234211805611e-10,0.724460709613164,0.332,0.184,1.01964587301093e-05,"13","TAGAP"
4.32759052535004e-10,0.438725281961551,0.445,0.261,1.28559731736574e-05,"13","CNBP"
5.16817313938197e-10,0.365076662120766,0.313,0.16,1.5353091945162e-05,"13","GDI2"
5.18906355198602e-10,0.396347819540107,0.394,0.216,1.54151510938849e-05,"13","C11orf58"
5.24243013101682e-10,0.285358541072565,0.365,0.196,1.55736871902117e-05,"13","YWHAE"
5.74751018674679e-10,0.363588795986417,0.452,0.257,1.70741285117687e-05,"13","PCBP2"
6.00149928333601e-10,0.369964495505984,0.355,0.193,1.78286539210063e-05,"13","PTP4A2"
6.0843654044026e-10,0.516330304561679,0.49,0.299,1.80748243068588e-05,"13","MCL1"
6.18601872614544e-10,0.637539947188485,0.332,0.18,1.83768058297602e-05,"13","JPT1"
6.3893274383825e-10,0.387445806256671,0.519,0.308,1.89807750212029e-05,"13","HSPA5"
6.91822334950416e-10,0.559990331062923,0.255,0.125,2.0551966104372e-05,"13","HAX1"
7.04123188330255e-10,0.564430235246996,0.31,0.163,2.09173875557269e-05,"13","XRCC6"
7.59859343230246e-10,0.476600084979622,0.29,0.147,2.25731415093409e-05,"13","ARHGDIA"
7.85382322814431e-10,0.313961949310854,0.374,0.202,2.33313526638483e-05,"13","NAP1L4"
1.02334484318646e-09,0.670996187206183,0.265,0.135,3.04005052565401e-05,"13","GHITM"
1.0635519574986e-09,0.380358018726376,0.484,0.287,3.15949380014109e-05,"13","ACAP1"
1.12871142079171e-09,0.439528289460912,0.458,0.273,3.35306301774593e-05,"13","RBM3"
1.29960143628076e-09,0.440983277771952,0.384,0.214,3.86072598675925e-05,"13","SEC62"
1.41347231265922e-09,0.563872551437401,0.319,0.173,4.19900219921674e-05,"13","IFRD1"
1.44428247369668e-09,0.485053730160051,0.274,0.14,4.29052994461072e-05,"13","ZC3H15"
1.69315864742108e-09,0.299499609307022,0.726,0.474,5.02986639389381e-05,"13","RBM39"
2.32207958915374e-09,0.590517305541612,0.271,0.14,6.89820183549902e-05,"13","SLC3A2"
2.36808420427629e-09,0.529191616664388,0.255,0.129,7.03486774564356e-05,"13","EIF3J"
2.46644755632931e-09,0.612607638238492,0.284,0.149,7.32707575558747e-05,"13","PRELID1"
3.26427858973457e-09,0.576525620729864,0.261,0.135,9.6971924065245e-05,"13","ATP5F1C"
3.5783352190597e-09,0.468165040533366,0.426,0.249,0.000106301604352606,"13","DDX24"
4.07030484437799e-09,0.349957721178136,0.332,0.18,0.000120916546011937,"13","EIF5B"
4.08943564006264e-09,0.365503627210883,0.416,0.24,0.000121484864559341,"13","PPP1R2"
6.44417901818483e-09,0.290921162976406,0.287,0.149,0.000191437226093217,"13","H2AFY"
1.01588838607865e-08,0.484862505805008,0.432,0.26,0.000301789962852386,"13","GUK1"
1.27933391491236e-08,0.415535123140404,0.303,0.165,0.000380051726103015,"13","PCNP"
1.40223088852865e-08,0.364416868777149,0.294,0.156,0.000416560730055206,"13","HNRNPH3"
1.40995974427586e-08,0.338324156059299,0.365,0.208,0.00041885674123203,"13","SELENOF"
1.66912678448144e-08,0.55332195712978,0.287,0.157,0.000495847493865901,"13","TBCB"
2.33548711057898e-08,0.53352713155232,0.294,0.164,0.000693803155939696,"13","CHMP1B"
2.53076002679256e-08,0.661767666188494,0.287,0.159,0.000751812881159266,"13","DNAJB9"
3.30841156438237e-08,0.389014770196004,0.335,0.186,0.00098282982343107,"13","SSBP1"
3.91403529759124e-08,0.298784032780931,0.484,0.294,0.00116274246585543,"13","RHOA"
5.4609478089909e-08,0.482779658423983,0.345,0.2,0.00162228376561693,"13","ATF4"
5.80842695773307e-08,0.262684108628209,0.377,0.219,0.00172550939633376,"13","VAPA"
6.23541154712468e-08,0.450052981499715,0.268,0.146,0.00185235370830433,"13","FAM177A1"
7.01930863544819e-08,0.352456163439911,0.39,0.23,0.00208522601633259,"13","EIF4G2"
7.36701534899731e-08,0.338794417125497,0.352,0.203,0.00218851924972663,"13","ATP1A1"
8.56247596799901e-08,0.29964905253483,0.526,0.329,0.00254365473581347,"13","SRSF5"
1.03789441638483e-07,0.476624741189429,0.303,0.174,0.00308327294275441,"13","REX1BD"
1.06766267416582e-07,0.338855886373265,0.374,0.221,0.00317170550614441,"13","AMD1"
1.32515614673436e-07,0.451757815000351,0.252,0.136,0.00393664136510376,"13","TECR"
1.8749135149668e-07,0.450362975966412,0.348,0.207,0.00556980557891188,"13","BZW1"
1.90268919599427e-07,0.315160083456521,0.503,0.314,0.00565231879454019,"13","TRA2B"
1.9614908110755e-07,0.285590529820438,0.681,0.452,0.00582700075246198,"13","ITM2B"
2.19694153535395e-07,0.34043634674434,0.581,0.38,0.00652645421907598,"13","HNRNPDL"
3.62940376722875e-07,0.274848427779813,0.281,0.158,0.0107818697713065,"13","TRAM1"
5.66120622482488e-07,0.352353421201525,0.287,0.164,0.0168177453320873,"13","CMPK1"
6.5701189398428e-07,0.555287927046122,0.252,0.144,0.019517852334591,"13","NASP"
8.36326845622987e-07,0.299055145529284,0.358,0.217,0.0248447616029221,"13","UBE2S"
9.94630035503584e-07,0.719611654054559,0.294,0.182,0.029547474464705,"13","IDI1"
1.29507639279248e-06,0.44267525513913,0.255,0.145,0.0384728344006861,"13","PRDX6"
3.50638707508972e-06,0.423431670541604,0.255,0.15,0.10416424083969,"13","NXF1"
4.63540444815376e-06,0.434713039282686,0.323,0.203,0.137703959941304,"13","HLA-DPA1"
6.16939773541973e-06,0.457795641541663,0.303,0.19,0.183274298526114,"13","IDS"
7.77582610040047e-06,0.315849961694593,0.323,0.203,0.230996465964597,"13","CDC37"
1.18310996270733e-05,0.351629554730779,0.494,0.338,0.351466476621466,"13","DDIT4"
1.25826406748705e-05,0.260710196137014,0.313,0.195,0.373792506528377,"13","SERTAD1"
1.82783419373905e-05,0.25189281379549,0.284,0.172,0.542994703934059,"13","RABAC1"
3.10418715644315e-05,0.398838420975298,0.419,0.284,0.922160878564567,"13","IRF1"
3.27810532388528e-05,0.257641181738877,0.384,0.259,0.973826748566599,"13","TUBA1A"
0,5.50848851099791,0.518,0.023,0,"14","LST1"
0,4.72643806908746,0.51,0.021,0,"14","TMIGD2"
0,6.66176998872356,0.36,0.004,0,"14","SPINK2"
0,5.03647730973793,0.328,0.01,0,"14","KRT86"
0,6.20894728632298,0.312,0.006,0,"14","KRT81"
5.71679099035849e-205,3.20069060860181,0.899,0.189,1.6982870995058e-200,"14","KLRB1"
2.61663323395215e-171,4.06879837497647,0.255,0.015,7.77323234810165e-167,"14","SPRY1"
3.40278551623764e-150,3.05114160984614,0.559,0.084,1.01086549330872e-145,"14","FCER1G"
7.76806028276933e-125,3.48076025601169,0.664,0.151,2.30765766820229e-120,"14","AREG"
4.55364924080103e-121,2.90223623820641,0.587,0.113,1.35275257996476e-116,"14","XCL1"
3.71448235503819e-106,2.58559383885017,0.607,0.133,1.10346127321119e-101,"14","TRDC"
1.54878308702209e-103,3.40050943336057,0.283,0.031,4.60096991661654e-99,"14","TNFSF13B"
1.01848927051216e-93,2.44670236020572,0.482,0.092,3.02562607591047e-89,"14","CAPG"
1.60861445457967e-81,1.96492528392702,0.879,0.37,4.77871096021984e-77,"14","FOSB"
1.68983224363594e-79,1.92923425534404,0.931,0.458,5.0199846461693e-75,"14","FOS"
4.77595568207829e-79,1.40772547127159,0.996,0.543,1.418793154475e-74,"14","TPT1"
5.62356929262864e-75,1.7913020315074,0.644,0.177,1.67059372976119e-70,"14","TYROBP"
2.89244043416815e-74,1.36497308063278,0.996,0.566,8.59257279778331e-70,"14","RPS24"
3.34169424592227e-73,3.08549181636139,0.251,0.033,9.92717109636129e-69,"14","SOX4"
1.89939886767748e-72,1.85148406925978,0.862,0.366,5.64254421620949e-68,"14","GADD45B"
5.44672866491434e-72,2.57574896359889,0.328,0.055,1.6180596844861e-67,"14","ITM2C"
1.04691206133437e-67,1.72619351649268,0.919,0.42,3.11006166060602e-63,"14","ID2"
2.25237670984306e-66,1.80684735078992,0.874,0.419,6.69113549193078e-62,"14","NFKBIA"
3.89988440886246e-65,2.10795581519972,0.575,0.172,1.15853866134077e-60,"14","XCL2"
1.0437150546982e-63,1.15167974774225,1,0.61,3.10056431299195e-59,"14","RPLP1"
6.90929702608479e-61,1.15816820727606,1,0.639,2.05254486753901e-56,"14","EEF1A1"
2.51876185011682e-59,1.95226533382231,0.761,0.335,7.48248582814204e-55,"14","DDIT4"
6.11027059152923e-58,1.92253240828116,0.494,0.138,1.81517808462559e-53,"14","TNFRSF18"
6.63637871660883e-58,1.77568013284333,0.81,0.39,1.97146902534299e-53,"14","FXYD5"
1.45164887133361e-57,1.20401847588167,0.98,0.507,4.31241330207074e-53,"14","UBB"
4.94950000405469e-57,1.42240482481031,0.879,0.408,1.47034796620453e-52,"14","IER2"
3.85383323691255e-56,1.61500916613358,0.862,0.422,1.14485823968961e-51,"14","JUN"
2.66765040097268e-55,1.66336781969803,0.887,0.45,7.92478904616953e-51,"14","CD69"
5.35796036398284e-55,1.50315844709559,0.838,0.386,1.59168928532838e-50,"14","ZFP36"
8.50173245219557e-55,1.55669140617147,0.891,0.435,2.52560965957374e-50,"14","DUSP1"
5.34281087500139e-54,1.07141862718352,1,0.543,1.58718882663666e-49,"14","RPL15"
1.88060628999138e-53,1.10196140817421,0.984,0.508,5.58671710567739e-49,"14","RPS5"
7.56078907737478e-53,1.06574593811285,0.992,0.547,2.24608361121573e-48,"14","RPL8"
2.74398183684712e-52,1.94069172511444,0.462,0.13,8.15154684272173e-48,"14","BST2"
1.56507275820869e-50,1.02606475665765,1,0.6,4.64936164281055e-46,"14","PTMA"
1.95001204791856e-50,2.28496348121752,0.393,0.102,5.79290079075166e-46,"14","CD83"
2.15303610013967e-50,1.58726075824762,0.725,0.309,6.39602434268492e-46,"14","CD63"
8.50447717285125e-50,2.63296820708001,0.267,0.052,2.52642503373892e-45,"14","AC007952.4"
1.440335822714e-49,1.11744379528168,0.964,0.517,4.27880562853647e-45,"14","RACK1"
1.91568325303567e-48,1.02065057297898,0.988,0.551,5.69092023979305e-44,"14","RPS23"
2.26898512280041e-48,1.01711626797904,0.992,0.535,6.74047410430317e-44,"14","RPS9"
2.14111261254004e-47,1.04384904068674,0.996,0.532,6.3606032380727e-43,"14","RPS3A"
4.93868119889949e-46,1.29648838645822,0.842,0.428,1.46713402375707e-41,"14","H3F3A"
5.30033555366419e-46,1.58479740393605,0.696,0.28,1.57457068292702e-41,"14","CTSW"
6.40911560376258e-46,1.12973191885636,0.935,0.502,1.90395597240975e-41,"14","RPLP0"
6.77109491656199e-46,1.0014293574153,0.968,0.52,2.01148916686307e-41,"14","RPL10A"
3.0544225487697e-45,2.29251818841447,0.296,0.066,9.07377306563016e-41,"14","MPG"
4.68520564396249e-45,1.91372526572796,0.676,0.301,1.39183404065194e-40,"14","LTB"
1.38387450100355e-44,1.82293068017319,0.482,0.158,4.11107598013124e-40,"14","CTSD"
1.4335784840246e-43,1.80325600680295,0.389,0.107,4.25873160249189e-39,"14","TNFRSF25"
1.89475752372147e-43,0.949369003305238,0.972,0.5,5.62875617571937e-39,"14","JUNB"
2.06873733617862e-43,1.32728060535148,0.717,0.315,6.14559800458584e-39,"14","TPI1"
3.4734293060853e-43,0.988263691198875,0.943,0.505,1.03185164395876e-38,"14","RPSA"
7.23254990099563e-42,0.942322422076081,0.98,0.546,2.14857359908877e-37,"14","RPL37A"
7.87770845019263e-42,0.971653869377399,0.955,0.533,2.34023084929872e-37,"14","RPL5"
8.38743940528946e-42,0.902032460771304,1,0.578,2.49165662412934e-37,"14","RPL13"
1.33538729136054e-41,1.22115965031424,0.842,0.449,3.96703502644476e-37,"14","HSP90AB1"
2.22369757055788e-41,0.896167311306057,0.992,0.708,6.6059383728563e-37,"14","ACTB"
2.71762150432422e-41,0.927535400023103,0.972,0.537,8.07323820289595e-37,"14","RPS13"
8.69272156371653e-41,1.41691645063284,0.709,0.331,2.58234679493327e-36,"14","ZFP36L1"
1.73799382087655e-40,1.27892914797031,0.745,0.343,5.16305824367796e-36,"14","CLIC1"
6.44473715853457e-40,0.958087364908089,0.935,0.508,1.91453806768586e-35,"14","RPS11"
7.82525637554814e-40,0.957157064669221,0.951,0.506,2.32464891148409e-35,"14","RPL7"
1.26006342482282e-39,1.82002691854678,0.534,0.206,3.74327041612116e-35,"14","BTG2"
1.46659942695046e-39,0.941601395652711,0.923,0.485,4.35682691764172e-35,"14","NACA"
2.84821702949891e-39,0.881578598400733,0.992,0.528,8.46119832953241e-35,"14","RPL29"
5.19837800455162e-39,0.886556141090859,0.996,0.545,1.54428215381215e-34,"14","RPS4X"
7.18784182124778e-39,1.42720815051572,0.664,0.294,2.13529216983808e-34,"14","PNRC1"
1.15764721456082e-38,1.60221831024634,0.405,0.123,3.43902258029584e-34,"14","JAML"
1.24098387113008e-38,0.879604545537544,0.996,0.538,3.68659078596613e-34,"14","RPL26"
2.06513108378674e-38,0.891689774432757,0.984,0.593,6.13488491060527e-34,"14","H3F3B"
3.00903888126376e-38,0.879863297905046,0.992,0.545,8.93895180457026e-34,"14","RPS7"
6.94854044583926e-38,0.943531757790125,0.992,0.559,2.06420291024547e-33,"14","EIF1"
7.76429220052996e-38,2.19675771139122,0.283,0.07,2.30653828401143e-33,"14","PRMT9"
9.13765017584588e-38,1.67618512476128,0.466,0.163,2.71452173773854e-33,"14","NR4A1"
3.06020422987398e-37,0.869834968932341,0.98,0.544,9.09094870568664e-33,"14","RPL6"
3.34725509203262e-37,0.95917885909232,0.903,0.496,9.94369070190131e-33,"14","SERF2"
3.53637972604133e-37,0.839651698560088,0.988,0.548,1.0505523252151e-32,"14","RPL12"
4.58776004815866e-37,0.834735507709087,0.988,0.537,1.36288587750649e-32,"14","RPL9"
4.76771640771391e-37,0.990966381276776,0.947,0.524,1.41634551323957e-32,"14","RPL7A"
1.64017589990926e-36,0.814983415812317,0.992,0.541,4.87247054586043e-32,"14","RPS6"
1.86948763726576e-36,1.00665154712687,0.854,0.448,5.55368692402539e-32,"14","BTF3"
2.86801273562035e-36,1.0167851023553,0.834,0.415,8.52000543370737e-32,"14","EEF1B2"
1.23886788640551e-35,0.903321615312819,0.943,0.518,3.68030483014486e-31,"14","UBC"
1.6104283644638e-35,2.09202863071672,0.251,0.059,4.7840995423126e-31,"14","SLC25A39"
2.15101960341715e-35,1.1537096588689,0.765,0.394,6.39003393587132e-31,"14","EEF2"
2.59797327600434e-35,0.815078396836243,1,0.545,7.7177992110261e-31,"14","RPL35A"
3.15505718597267e-35,1.11695406990059,0.794,0.415,9.37272838236902e-31,"14","CIRBP"
4.04500924948905e-35,0.875673869688571,0.903,0.471,1.20165089774571e-30,"14","RPL4"
4.54603713484878e-35,0.835964688289048,1,0.55,1.35049125164953e-30,"14","RPS18"
5.77611056318173e-35,0.864470336137844,0.947,0.519,1.7159091650044e-30,"14","RPL24"
6.83711391500941e-35,0.810676220791297,1,0.581,2.03110143073185e-30,"14","RPL11"
8.21726302781764e-35,1.65867609644712,0.514,0.21,2.44110232767379e-30,"14","GSTP1"
8.89468369295915e-35,0.719125777345441,0.988,0.729,2.64234368466737e-30,"14","MT-CO3"
1.19685615255697e-34,1.12117036645683,0.704,0.33,3.555500572401e-30,"14","ZFAS1"
1.22450266660945e-34,0.815046654780743,0.992,0.56,3.6376300716967e-30,"14","RPL18"
1.32111904358919e-34,0.757217056998689,0.939,0.52,3.92464834279042e-30,"14","HSP90AA1"
1.83281171411002e-34,0.889498551279055,0.911,0.502,5.44473375910665e-30,"14","CFL1"
2.89947324387156e-34,0.805999398164729,1,0.553,8.61346516556926e-30,"14","RPL3"
4.81281487840128e-34,0.81863180092967,0.968,0.509,1.42974291592667e-29,"14","RPL27"
1.67198680020178e-33,0.812404955592624,0.996,0.554,4.96697118735942e-29,"14","RPL19"
1.77453383708768e-33,0.918482585470315,0.895,0.535,5.27160766983638e-29,"14","ACTG1"
1.83195342881795e-33,1.61606452262156,0.312,0.086,5.44218405098949e-29,"14","COMMD7"
2.38374048818755e-33,0.894602641919537,0.951,0.517,7.08137786825875e-29,"14","FTL"
3.29342256570734e-33,2.00822463470588,0.567,0.266,9.7837704159468e-29,"14","CITED2"
4.75340548025813e-33,1.80298761059728,0.348,0.106,1.41209416602028e-28,"14","AL121944.1"
6.85074302920574e-33,0.964942414407511,0.846,0.47,2.03515023168615e-28,"14","HNRNPA1"
1.05157241133151e-32,1.05126280218157,0.769,0.406,3.12390616234253e-28,"14","YBX1"
2.5650680972785e-32,0.681198605954795,0.996,0.785,7.62004779658523e-28,"14","MT-CO1"
3.28857603835113e-32,0.932830383239894,0.806,0.418,9.76937283712971e-28,"14","ATP5MG"
5.81461283120356e-32,1.58240561167242,0.417,0.148,1.72734703376564e-27,"14","TIMP1"
5.89294761654356e-32,0.776213009502615,0.98,0.547,1.75061794844659e-27,"14","FTH1"
7.63269392201968e-32,1.04446051936882,0.866,0.498,2.26744438341439e-27,"14","TSC22D3"
1.1026807470024e-31,0.791155858695424,0.955,0.547,3.27573369512004e-27,"14","RPL37"
1.11413175248657e-31,0.932163152380487,0.862,0.465,3.30975119711184e-27,"14","CD52"
2.11643585143018e-31,0.745121828755598,0.984,0.57,6.28729598384364e-27,"14","RPS8"
4.36323386824758e-31,0.781856823867884,0.968,0.662,1.29618588524031e-26,"14","MT-ND4"
6.9705208528881e-31,0.786436384085519,0.996,0.57,2.07073262976747e-26,"14","RPS27A"
1.47833260471208e-30,0.789195623135083,0.996,0.604,4.39168266881818e-26,"14","RPL10"
1.61116361070782e-30,1.20426319024459,0.656,0.324,4.78628373832971e-26,"14","PPP1R15A"
2.70642610006994e-30,1.40998640543691,0.372,0.123,8.03998001547778e-26,"14","OSTC"
2.95882751716424e-30,1.24223517318524,0.668,0.337,8.7897889052398e-26,"14","TUBB4B"
4.69022335398349e-30,1.97452954085258,0.344,0.112,1.39332465176788e-25,"14","IER3"
4.79132037939386e-30,1.09398802157801,0.773,0.401,1.42335754510653e-25,"14","SAP18"
7.09482968627723e-30,0.732775875158572,0.996,0.566,2.10766105490238e-25,"14","RPL30"
9.70639158772009e-30,0.715998586774202,1,0.56,2.88347774896401e-25,"14","RPL32"
9.72435478351546e-30,1.39122026192378,0.478,0.189,2.88881407553894e-25,"14","DRAP1"
1.2303703540003e-29,0.784436211155943,0.931,0.513,3.65506121062868e-25,"14","UBA52"
1.65617342913625e-29,1.34543519491686,0.538,0.236,4.91999440593505e-25,"14","HMGN1"
1.98120477484484e-29,0.888618587365563,0.923,0.526,5.88556502463157e-25,"14","SRGN"
2.79527631778989e-29,0.760767642813629,0.992,0.566,8.30392735725842e-25,"14","RPS2"
3.00194515205502e-29,1.35278213089997,0.607,0.306,8.91787846320985e-25,"14","CD7"
3.00475045245014e-29,0.765405701973593,0.927,0.517,8.92621216909363e-25,"14","RPS10"
3.02263110726313e-29,0.713256616747725,0.98,0.538,8.97933023034659e-25,"14","RPL35"
3.12195223647874e-29,1.39095746769202,0.381,0.13,9.27438350890739e-25,"14","CMTM6"
4.22322869899359e-29,0.989339290169181,0.858,0.51,1.25459454961003e-24,"14","ZFP36L2"
4.24647221441202e-29,0.740377377166795,0.996,0.557,1.26149950073538e-24,"14","RPS12"
4.68811686883993e-29,0.709517982713031,1,0.581,1.39269887822628e-24,"14","RPL34"
5.76517453422659e-29,0.653113052286573,0.984,0.681,1.71266039888269e-24,"14","HLA-A"
5.94517267035404e-29,0.809536987164515,0.866,0.472,1.76613244518208e-24,"14","CXCR4"
6.65749691272627e-29,0.775792547599193,0.976,0.568,1.97774260786359e-24,"14","FAU"
1.23353879635424e-28,1.3092094847347,0.51,0.224,3.66447370232953e-24,"14","SLC25A5"
1.42468948168679e-28,1.03400882722551,0.713,0.367,4.23232504324696e-24,"14","IFITM2"
1.87029210262977e-28,1.20652679374014,0.749,0.414,5.55607674928226e-24,"14","TXNIP"
2.62836403876928e-28,0.715420602115956,0.968,0.538,7.80808104997191e-24,"14","RPL14"
2.70262588459878e-28,1.15235460323458,0.547,0.235,8.02869071537759e-24,"14","HNRNPA0"
3.32284164473957e-28,0.810261818588547,0.826,0.429,9.87116567402785e-24,"14","DYNLL1"
7.45884550249356e-28,1.49124023143344,0.397,0.148,2.21579923342576e-23,"14","H2AFY"
9.0990098149499e-28,0.638888006086773,0.996,0.719,2.70304284572717e-23,"14","HLA-B"
1.06898905318177e-27,1.21914838851932,0.51,0.215,3.17564578028709e-23,"14","SEPT7"
1.40012269900141e-27,0.75407537022563,1,0.557,4.1593445019235e-23,"14","RPS19"
1.41918879623566e-27,0.759852107986699,0.879,0.496,4.21598415697728e-23,"14","RPL22"
2.26253118237941e-27,1.63945410276166,0.344,0.116,6.7213013834945e-23,"14","EGR1"
2.44810156868689e-27,1.07583317504568,0.623,0.307,7.27257533009815e-23,"14","HSPA5"
2.77715868580707e-27,0.700297481622874,1,0.603,8.25010530792707e-23,"14","RPL28"
4.78340009790736e-27,0.951475003764475,0.713,0.371,1.42100466708534e-22,"14","SLC25A6"
6.4034827083967e-27,0.818414413459247,0.806,0.428,1.90228260818341e-22,"14","COX4I1"
7.78797564312834e-27,1.49765780028248,0.534,0.25,2.31357392430414e-22,"14","RGS1"
8.61416715527673e-27,1.19917365186989,0.514,0.22,2.55901063681806e-22,"14","SNHG8"
1.83489171724607e-26,0.713517374775559,0.923,0.497,5.45091282442291e-22,"14","RPL31"
2.04308577158052e-26,0.712605230047586,1,0.541,6.06939490163424e-22,"14","RPS15A"
2.94953658351509e-26,0.760102843349019,0.887,0.545,8.76218832864829e-22,"14","MT-ND1"
6.39608081827946e-26,1.04921367296577,0.672,0.355,1.90008372868628e-21,"14","SRSF2"
1.08138703507835e-25,0.657243139310038,0.976,0.535,3.21247646510725e-21,"14","RPS16"
1.14671694164264e-25,1.10612905274029,0.619,0.303,3.4065520185378e-21,"14","LSP1"
2.19820631193758e-25,1.2072888593876,0.514,0.232,6.53021149087296e-21,"14","PSME2"
2.22702528372755e-25,1.19021065469399,0.486,0.205,6.61582401036943e-21,"14","BZW1"
2.22709492231857e-25,2.09119570548162,0.296,0.099,6.61603088573177e-21,"14","MATK"
3.23991758393342e-25,0.874661634039921,0.769,0.435,9.62482316659101e-21,"14","NPM1"
4.17877414552907e-25,1.05413452857765,0.579,0.276,1.24138843541232e-20,"14","ENO1"
4.19832992154574e-25,0.697411528574507,0.862,0.499,1.24719786979359e-20,"14","GAPDH"
4.99217712543431e-25,0.623485300480696,0.996,0.577,1.48302605865277e-20,"14","RPL39"
6.86298920590076e-25,0.615284436371349,0.879,0.475,2.03878820339694e-20,"14","HSPA8"
7.67506158168651e-25,1.04660691128099,0.652,0.346,2.28003054407161e-20,"14","CHCHD2"
1.02383026672895e-24,0.900642334872199,0.729,0.391,3.04149257337168e-20,"14","SRP14"
1.09359998422926e-24,1.41203077041337,0.336,0.118,3.24875747314986e-20,"14","NFKBIZ"
1.3113507051338e-24,1.56498936293582,0.425,0.177,3.89562953974098e-20,"14","ZFAND5"
1.50013850086518e-24,0.609853279473677,0.935,0.544,4.45646144452019e-20,"14","PFN1"
2.41312718976336e-24,1.63935849102965,0.275,0.087,7.16867694263e-20,"14","ID1"
2.4983655975734e-24,0.741978413757872,0.883,0.487,7.42189468071129e-20,"14","SH3BGRL3"
2.86183049629535e-24,0.910915061152189,0.672,0.341,8.50163985534459e-20,"14","TUBA1B"
3.03950362599058e-24,1.23342141926128,0.494,0.223,9.02945342173021e-20,"14","HMGN2"
4.73987860165527e-24,0.600436213089055,0.976,0.545,1.40807573619373e-19,"14","RPL36"
5.31617362250244e-24,1.20036074207253,0.457,0.193,1.5792756980368e-19,"14","TMEM123"
8.74695026911857e-24,0.739776279338491,0.854,0.482,2.59845651644705e-19,"14","RPL23"
9.35195767533024e-24,1.25016432277529,0.385,0.147,2.77818606661035e-19,"14","VPS28"
1.06763934702863e-23,0.631389670667149,0.992,0.543,3.17163620821794e-19,"14","RPL18A"
1.39487229519921e-23,0.64870377989389,0.964,0.607,4.14374712734828e-19,"14","HLA-C"
1.42107982866909e-23,1.49604324633775,0.356,0.137,4.22160184702728e-19,"14","NEU1"
1.72930208496826e-23,1.03526550535233,0.567,0.272,5.13723770381522e-19,"14","RBM3"
1.74515615757424e-23,0.694546382429724,0.879,0.499,5.1843353973058e-19,"14","PFDN5"
3.34821737197011e-23,0.774888055524731,0.571,0.26,9.94654934691162e-19,"14","TRBC1"
3.84866169089932e-23,0.977171397235139,0.66,0.357,1.14332192851546e-18,"14","ARPC3"
4.11464615526142e-23,1.33322676013762,0.348,0.13,1.22233793334351e-18,"14","EIF3I"
4.24969704433157e-23,1.16308307683455,0.478,0.215,1.26245750095958e-18,"14","SNRPB"
6.31716854886099e-23,1.39410562061277,0.356,0.136,1.87664126081013e-18,"14","ECH1"
7.44397024970554e-23,0.643514323642203,0.895,0.493,2.21138024208002e-18,"14","EEF1D"
1.14112137506539e-22,1.12457744694507,0.462,0.203,3.38992926890677e-18,"14","SEC11A"
1.29723829936765e-22,1.63068363194425,0.393,0.163,3.85370581593147e-18,"14","CHMP1B"
2.57007756566412e-22,0.655245038735902,0.96,0.552,7.6349294243184e-18,"14","RPL13A"
2.65531461053069e-22,0.619444046077646,0.996,0.566,7.88814311350353e-18,"14","RPS15"
3.38526518192859e-22,0.718879935381858,0.789,0.443,1.00566072759553e-17,"14","RPL17"
4.09851848462446e-22,1.44459071053866,0.3,0.106,1.21754688622739e-17,"14","SEPT6"
4.39468913300004e-22,1.01796187705801,0.534,0.254,1.30553030074032e-17,"14","NCL"
4.52155036179972e-22,0.765162958837447,0.725,0.386,1.34321696597984e-17,"14","RPS4Y1"
4.52517921943865e-22,0.648435580593723,0.996,0.558,1.34429499071864e-17,"14","RPS14"
4.69453640397032e-22,1.35361312713881,0.34,0.127,1.39460592952746e-17,"14","TSTD1"
4.74126145367852e-22,0.996391397878686,0.506,0.229,1.40848654004428e-17,"14","EIF4G2"
4.85239200845868e-22,1.14945004901622,0.466,0.212,1.44150009395282e-17,"14","NDUFB2"
5.3367253573479e-22,1.27674461762137,0.352,0.134,1.58538100190734e-17,"14","AP2M1"
6.01771670586552e-22,1.17052875973513,0.474,0.212,1.78768310181147e-17,"14","ATP5F1D"
6.30234004115833e-22,0.52751485916354,0.972,0.687,1.8722361560269e-17,"14","MT-CYB"
6.49753447085309e-22,1.21642347478079,0.397,0.161,1.93022256525633e-17,"14","PRDX5"
7.66665906923045e-22,0.66693124146908,0.927,0.574,2.27753440969629e-17,"14","BTG1"
9.56505172636703e-22,0.757273801835152,0.733,0.401,2.84148991635185e-17,"14","H2AFZ"
1.37044523867609e-21,1.21128285078102,0.47,0.216,4.07118167053507e-17,"14","TSPO"
1.51401677232233e-21,1.01238446870299,0.567,0.284,4.49768962553794e-17,"14","ELOB"
1.63322064571209e-21,1.12399542168116,0.567,0.293,4.85180857221691e-17,"14","TAGLN2"
1.66287608847355e-21,0.893698725365911,0.632,0.33,4.93990599602837e-17,"14","ATP5MC2"
1.76394228498058e-21,0.938715938726981,0.571,0.281,5.24014334599181e-17,"14","UQCRH"
1.81317420118358e-21,1.34811153863254,0.36,0.144,5.38639659945606e-17,"14","SELENOH"
1.88437620188373e-21,1.12021502353515,0.441,0.192,5.597916382936e-17,"14","RSL24D1"
2.07353658739474e-21,0.822223685068872,0.761,0.419,6.15985514017357e-17,"14","DNAJB1"
2.52418300323015e-21,0.937322843809351,0.615,0.329,7.49859044769581e-17,"14","PSME1"
2.77647842974728e-21,0.629037236119695,0.996,0.551,8.24808447125025e-17,"14","RPS3"
3.52835745709022e-21,0.569820658843014,0.976,0.535,1.04816914977779e-16,"14","RPL21"
4.19465963549936e-21,0.96479392359921,0.611,0.334,1.2461075379178e-16,"14","HNRNPK"
5.01194782354265e-21,1.11515500701532,0.405,0.17,1.48889933993981e-16,"14","CLEC2B"
5.80874769211735e-21,0.977080635628272,0.251,0.081,1.7256046768973e-16,"14","TNFRSF4"
6.01313635168737e-21,0.556117110046573,0.927,0.519,1.78632241599577e-16,"14","RPS21"
7.3772913569303e-21,1.21317361082793,0.425,0.189,2.19157194340328e-16,"14","ATP5PF"
7.6761809694618e-21,1.31694045575281,0.409,0.179,2.28036308059802e-16,"14","SOCS1"
8.21218607883819e-21,0.654807737322345,1,0.637,2.43959411844046e-16,"14","RPL41"
9.02755072126258e-21,1.22253944853972,0.51,0.251,2.68181449276547e-16,"14","EIF4A3"
1.05201247993698e-20,0.595835437818478,0.98,0.535,3.12521347414877e-16,"14","RPL27A"
1.1413258285248e-20,1.0615117185241,0.547,0.271,3.39053663879862e-16,"14","CKLF"
1.41420398549932e-20,0.556479556664503,0.98,0.537,4.20117577972284e-16,"14","RPS25"
1.54797859961575e-20,0.647836826029193,0.826,0.484,4.59858002587852e-16,"14","MYL6"
2.05587761768307e-20,1.07315619250717,0.405,0.168,6.1073956388511e-16,"14","VPS29"
2.5529872342897e-20,1.56604688838747,0.356,0.148,7.58415917690441e-16,"14","HOPX"
2.64009886872832e-20,1.11579293204571,0.401,0.17,7.84294170933122e-16,"14","SF3B5"
2.81703769740318e-20,1.2686416149872,0.409,0.182,8.36857388767564e-16,"14","MYADM"
3.23628339016476e-20,1.1528763918429,0.413,0.178,9.61402706716244e-16,"14","WDR83OS"
3.37866099531298e-20,1.27796022065551,0.547,0.294,1.00369882187763e-15,"14","TNFAIP3"
3.4661088865586e-20,0.864607399527575,0.684,0.375,1.02967696692996e-15,"14","EIF4A2"
3.71069221324021e-20,0.551660632555548,0.992,0.526,1.10233533578727e-15,"14","RPL23A"
3.81707121293366e-20,0.599237045064816,0.891,0.5,1.1339373452262e-15,"14","RPS20"
3.93053043609994e-20,1.19497050894129,0.36,0.147,1.16764267665221e-15,"14","TMEM230"
5.49523310228417e-20,1.03274967744867,0.51,0.253,1.63246889769556e-15,"14","COX6A1"
6.8213225419039e-20,1.06252581061432,0.389,0.162,2.02641028752339e-15,"14","IFITM3"
7.71302897867435e-20,0.56666139239104,0.988,0.598,2.29130951869479e-15,"14","RPS28"
9.45100725065884e-20,0.929422023443029,0.583,0.302,2.80761072395322e-15,"14","NDUFA4"
9.81772610255199e-20,1.11590967082264,0.413,0.177,2.91655189328512e-15,"14","VAMP8"
9.92948181912699e-20,1.3277409327971,0.275,0.096,2.94975116400805e-15,"14","POLR2G"
1.31756437785707e-19,1.06546492165593,0.47,0.218,3.9140884973e-15,"14","PPIB"
1.73638261943581e-19,0.753017706697018,0.664,0.354,5.15827184755796e-15,"14","NOP53"
1.81526955631181e-19,1.11852501118941,0.441,0.202,5.39262127093548e-15,"14","UXT"
2.2098027497016e-19,0.502742386625352,0.984,0.756,6.56466102853855e-15,"14","MT-CO2"
2.92092139670924e-19,0.539663002636166,0.984,0.562,8.67718119320413e-15,"14","RPLP2"
3.17441604217306e-19,1.30517083264176,0.332,0.134,9.4302377364835e-15,"14","RHOC"
3.77946737120182e-19,0.673678378097059,0.785,0.443,1.12276637196292e-14,"14","MYL12A"
4.11599320936865e-19,1.41129021691673,0.279,0.102,1.22273810270715e-14,"14","SRI"
4.14682719271787e-19,0.466277415736123,0.935,0.655,1.2318979541407e-14,"14","MT-ATP6"
4.86276767298133e-19,1.54310318250383,0.271,0.099,1.44458239261256e-14,"14","ARL4A"
5.19507136624925e-19,0.709382775466386,0.798,0.464,1.54329985077166e-14,"14","ATP5F1E"
7.38816808182371e-19,0.588476343886489,0.838,0.479,2.19480309206737e-14,"14","RPS17"
7.53129785688842e-19,1.35118935664213,0.283,0.105,2.23732265434584e-14,"14","PHPT1"
8.66125950520884e-19,0.530335021880957,0.951,0.637,2.57300036121239e-14,"14","MT-ND2"
9.37322634527512e-19,0.858729007351662,0.587,0.309,2.78450435039088e-14,"14","SSR4"
1.47257936795096e-18,1.33596241462992,0.251,0.087,4.3745915283719e-14,"14","UBE2L6"
1.88841771480337e-18,1.31486754122977,0.283,0.105,5.60992250536637e-14,"14","ATP5MC1"
1.96737949238584e-18,0.770116273401511,0.688,0.41,5.8444942580306e-14,"14","PPIA"
2.05581550470262e-18,0.626645118040786,0.688,0.383,6.10721111982007e-14,"14","DUSP2"
2.56460276376809e-18,1.02259031300156,0.389,0.168,7.61866543032587e-14,"14","NDUFA11"
2.72318946474488e-18,0.552898717006788,0.785,0.436,8.08977894291762e-14,"14","OAZ1"
2.75651154654203e-18,1.03646707248975,0.385,0.167,8.1887688513124e-14,"14","ATP5MF"
3.36782331299567e-18,0.539969852451909,0.996,0.555,1.00047927159162e-13,"14","RPS27"
3.42807503460811e-18,1.06873473792748,0.453,0.224,1.01837825053103e-13,"14","ATP6V1G1"
3.45891086769452e-18,1.077508438389,0.421,0.194,1.02753865146601e-13,"14","ATP5F1B"
3.99939355206608e-18,1.11905804469845,0.34,0.141,1.18809984251227e-13,"14","PSMA4"
4.50612816336598e-18,0.576813801305584,1,0.83,1.33863549349113e-13,"14","B2M"
5.11845978611184e-18,1.2995479656976,0.255,0.091,1.52054084866024e-13,"14","PRMT1"
5.13899076226975e-18,0.865549460421617,0.502,0.244,1.52663998574747e-13,"14","RAN"
5.54513820004913e-18,1.20362770527114,0.336,0.139,1.6472942050886e-13,"14","ENY2"
7.04243778864116e-18,0.798382258562462,0.652,0.37,2.09209699387163e-13,"14","SRSF3"
7.22645187278509e-18,0.967932086791132,0.441,0.206,2.14676205784827e-13,"14","CD164"
1.02937032609205e-17,0.873313244327608,0.47,0.226,3.05795042772165e-13,"14","MIF"
1.08252344260674e-17,0.939727340381147,0.522,0.269,3.21585239095184e-13,"14","CYCS"
1.15040863596851e-17,1.06782164155356,0.348,0.148,3.41751893487164e-13,"14","HMGN3"
1.23315477649859e-17,0.899653532775125,0.526,0.271,3.66333289454436e-13,"14","SSR2"
1.30508324909999e-17,1.06697619084611,0.381,0.171,3.87701080810134e-13,"14","EIF5A"
1.35749304930018e-17,0.93250385638194,0.437,0.202,4.03270460155604e-13,"14","C9orf16"
1.39809558181793e-17,1.14853694863398,0.385,0.173,4.15332254490652e-13,"14","TMED2"
1.84147521303049e-17,0.586794778197432,0.996,0.612,5.47047041534966e-13,"14","TMSB4X"
1.89912558795853e-17,0.928803148228448,0.579,0.316,5.64173238414842e-13,"14","DDX3X"
1.94720152558316e-17,0.629980690821276,0.806,0.495,5.78455157204991e-13,"14","VIM"
2.29212742432159e-17,0.79907038603135,0.725,0.452,6.80922293943213e-13,"14","ITM2B"
2.78470834708708e-17,1.06996318843904,0.372,0.166,8.27253308669158e-13,"14","ST13"
2.98177625493044e-17,1.09226231133413,0.421,0.2,8.85796272052186e-13,"14","C6orf48"
4.52585443906461e-17,1.22324674165926,0.283,0.11,1.34449557821292e-12,"14","MAPRE1"
4.75831386650051e-17,0.909377925641573,0.607,0.342,1.41355230032131e-12,"14","HERPUD1"
4.8674502337095e-17,0.983994537742181,0.437,0.211,1.44597344092808e-12,"14","EIF3L"
5.45119617799539e-17,0.602317993419986,0.951,0.716,1.61938684859709e-12,"14","DDX5"
5.98355831610152e-17,0.871637303852956,0.551,0.295,1.77753566896428e-12,"14","IL2RG"
6.28974503096725e-17,0.613250571347392,0.753,0.44,1.86849455634944e-12,"14","DNAJA1"
6.51232616303331e-17,0.980584101526906,0.356,0.153,1.93461673325230e-12,"14","PNN"
7.68322464626576e-17,1.05068306394501,0.445,0.221,2.28245554566617e-12,"14","HSPA1B"
8.98073962579581e-17,1.12407603440381,0.356,0.155,2.66790832063516e-12,"14","ABRACL"
9.1201640529037e-17,0.743913310280319,0.599,0.328,2.7093271351961e-12,"14","SRSF5"
9.5663798166859e-17,1.0789980017285,0.401,0.184,2.84188445214288e-12,"14","UQCRQ"
9.57569138656784e-17,1.28184765245822,0.259,0.097,2.84465064020771e-12,"14","SNHG12"
9.69234063698139e-17,0.726471100075849,0.652,0.372,2.87930363302806e-12,"14","HINT1"
1.00254511543371e-16,1.02106499166436,0.328,0.135,2.97826077441893e-12,"14","ATP5F1C"
1.25138600697045e-16,1.03277379683581,0.457,0.232,3.71749241090713e-12,"14","POLR2L"
1.307782153401e-16,0.906265659040781,0.534,0.294,3.88502844310836e-12,"14","RHOA"
1.42716096294764e-16,0.70917518723946,0.64,0.353,4.23966707262856e-12,"14","RPS26"
1.45980452640818e-16,1.13960323461834,0.397,0.191,4.33664130660079e-12,"14","PPP1CA"
1.50198292104605e-16,1.21752700161994,0.332,0.145,4.4619406635515e-12,"14","SMDT1"
1.71713375635154e-16,0.95435821587725,0.506,0.274,5.10108924999352e-12,"14","HSPA1A"
2.0942233049012e-16,1.22403276029349,0.304,0.125,6.22130917187e-12,"14","MRPL18"
2.4924811042779e-16,0.797417477394627,0.551,0.295,7.40441361647836e-12,"14","COX6C"
2.55880826524501e-16,1.08147654246167,0.356,0.159,7.60145171356334e-12,"14","EIF3D"
2.93198534438084e-16,1.08126566272579,0.397,0.187,8.71004886255217e-12,"14","HEXIM1"
4.35712084502141e-16,0.998839820126909,0.445,0.224,1.29436988943051e-11,"14","TRMT112"
4.86777904565002e-16,0.893017978984708,0.47,0.239,1.44607112109125e-11,"14","SEC61B"
4.9609428777331e-16,0.833018638043903,0.53,0.281,1.47374730068817e-11,"14","SERP1"
5.39352491994215e-16,1.14029055985698,0.32,0.137,1.60225444796721e-11,"14","TCP1"
5.63484808544208e-16,0.472054066341212,0.85,0.49,1.67394432074228e-11,"14","RPL36A"
5.84150735870884e-16,0.661708026736872,0.652,0.372,1.73533659105163e-11,"14","COMMD6"
6.19419414680718e-16,0.816692209926574,0.53,0.289,1.84010925519201e-11,"14","SUMO2"
7.46417564874878e-16,0.743389561758966,0.733,0.463,2.2173826599738e-11,"14","CD74"
7.93865887018979e-16,1.21944503852719,0.271,0.107,2.35833739056728e-11,"14","ROMO1"
8.78015757789454e-16,0.994486758175806,0.377,0.173,2.60832141166513e-11,"14","GPX4"
8.84305738656278e-16,0.91942290289574,0.385,0.175,2.62700705782621e-11,"14","EID1"
9.62053862186575e-16,0.58728636270754,0.806,0.503,2.85797340839766e-11,"14","CALM1"
1.00706086180083e-15,0.496138118680137,0.862,0.504,2.99167570215173e-11,"14","RPL38"
1.16578659761456e-15,0.854787088412015,0.482,0.248,3.46320224553357e-11,"14","NDUFA13"
1.17875632756319e-15,0.978086560959929,0.437,0.222,3.50173142229195e-11,"14","SEC61G"
1.20206960677796e-15,0.776921036941556,0.583,0.325,3.57098818085529e-11,"14","RAC2"
1.21531549933132e-15,0.749129828029031,0.607,0.348,3.61033775386356e-11,"14","OST4"
1.24587612045427e-15,0.913396050563885,0.421,0.204,3.70112419103349e-11,"14","COX7B"
1.26733151331986e-15,0.976174715363423,0.405,0.192,3.7648617266193e-11,"14","TXN"
1.292412261299e-15,0.602869198590091,0.842,0.566,3.83936910464094e-11,"14","HLA-E"
1.49458591120381e-15,1.14141647357999,0.32,0.138,4.43996636641315e-11,"14","TRAPPC1"
1.64324870499211e-15,1.06931473535626,0.332,0.143,4.88159892792006e-11,"14","PSMD8"
1.66888253695373e-15,0.814658195982393,0.64,0.38,4.95774935252845e-11,"14","SKP1"
1.71486938487945e-15,1.22144994887262,0.287,0.119,5.09436248166138e-11,"14","ANP32E"
1.7476599688735e-15,1.04725467148944,0.316,0.134,5.19177346953251e-11,"14","ATP5PB"
1.81456552715165e-15,0.845566416011638,0.579,0.338,5.39052981150942e-11,"14","EIF3E"
1.92494353605053e-15,1.10103937009239,0.287,0.117,5.71842976254532e-11,"14","POLR2K"
2.0980400560753e-15,0.893961087804209,0.437,0.216,6.2326475945829e-11,"14","MAP1LC3B"
2.10007723148323e-15,0.672724130814373,0.648,0.381,6.23869943156724e-11,"14","RSRP1"
2.1104926403247e-15,0.892470591244176,0.47,0.243,6.2696404866126e-11,"14","NDUFS5"
2.25937919239939e-15,0.84790057131189,0.453,0.223,6.71193776686088e-11,"14","ARF1"
2.88727807248579e-15,0.989680075684133,0.332,0.145,8.57723696993354e-11,"14","ATP5F1A"
2.88975105401291e-15,0.800926981430565,0.591,0.347,8.58458345615617e-11,"14","IL7R"
2.95828752470225e-15,1.07291713255019,0.328,0.145,8.78818474963297e-11,"14","AC020916.1"
3.05617070445123e-15,0.975906668601507,0.389,0.183,9.07896631171328e-11,"14","ATP5PO"
3.86132861730032e-15,0.706287029608121,0.518,0.264,1.14708489234141e-10,"14","EIF3F"
4.2956972713645e-15,0.981347081864629,0.336,0.147,1.27612278840425e-10,"14","GABARAPL2"
4.30543765164297e-15,1.05998584278926,0.356,0.166,1.27901636317358e-10,"14","OCIAD2"
6.164238245293e-15,0.820649844944795,0.534,0.292,1.83121025552919e-10,"14","EDF1"
6.77369483196725e-15,0.986946115043882,0.36,0.169,2.01226152373251e-10,"14","SNX3"
6.77488385644526e-15,0.894687442316381,0.372,0.172,2.01261474723419e-10,"14","ERH"
7.70965669324861e-15,1.23002955164186,0.3,0.131,2.29030771386337e-10,"14","CDK2AP2"
7.87518216580135e-15,0.98034981317607,0.409,0.2,2.33948036599461e-10,"14","ATF4"
1.0176649223381e-14,0.782374923160348,0.538,0.303,3.02317718478981e-10,"14","CCNI"
1.24262603349625e-14,0.920091029228032,0.271,0.109,3.69146915770731e-10,"14","IGFBP7"
1.36331413754669e-14,1.00135816265726,0.308,0.131,4.04999730840995e-10,"14","TMED9"
1.4491059171487e-14,0.931243953649188,0.445,0.231,4.30485894807363e-10,"14","APRT"
1.64934147251701e-14,0.751083098510941,0.567,0.316,4.8996987124063e-10,"14","NAP1L1"
1.85102084703407e-14,1.24373743283028,0.287,0.123,5.49882763028412e-10,"14","RPL22L1"
1.97075074773222e-14,0.702961936331907,0.652,0.404,5.85450924628809e-10,"14","CORO1A"
2.24616204788209e-14,0.877871745003374,0.543,0.314,6.67267359564331e-10,"14","TRA2B"
2.43863506986555e-14,0.70078059286761,0.53,0.287,7.24445320204959e-10,"14","ACAP1"
2.46389928759457e-14,0.770904773395388,0.51,0.274,7.31950561365719e-10,"14","ANAPC16"
2.50267798947761e-14,0.783344796183853,0.457,0.235,7.43470550334115e-10,"14","CAP1"
2.67398418426166e-14,0.712925234708789,0.615,0.366,7.94360481618611e-10,"14","CDC42"
2.80690254337128e-14,0.891656989142347,0.421,0.209,8.33846538559306e-10,"14","DAD1"
2.88966548592479e-14,1.14647470943441,0.275,0.114,8.58432925903678e-10,"14","MDH2"
3.15350179796037e-14,0.68348812641948,0.668,0.401,9.36810779120088e-10,"14","CALM2"
3.16964343426124e-14,1.01889080162913,0.308,0.134,9.41605975015985e-10,"14","NDUFB7"
3.58168191329882e-14,0.938735022860935,0.344,0.157,1.06401024598368e-09,"14","TBCB"
3.82128682141066e-14,1.23963218667695,0.271,0.115,1.13518967603646e-09,"14","PYURF"
4.87691650989345e-14,0.863293950286515,0.417,0.209,1.44878558759405e-09,"14","COX8A"
5.58891093631901e-14,0.690785584395662,0.518,0.284,1.66029777185229e-09,"14","UQCR11"
7.02925108120916e-14,0.677115321821704,0.709,0.464,2.0881796186948e-09,"14","HMGB1"
8.12411339859433e-14,1.11857893974284,0.308,0.136,2.41343036732042e-09,"14","SEPT9"
9.03820543365289e-14,1.19263466351858,0.381,0.193,2.68497968817526e-09,"14","C12orf57"
9.44644261833982e-14,1.04758320772501,0.3,0.133,2.80625470863021e-09,"14","BCAP31"
9.59811409562564e-14,1.00922601635606,0.32,0.145,2.85131175438751e-09,"14","PRDX6"
1.10669683914438e-13,0.680870668987755,0.696,0.453,3.2876643000462e-09,"14","HNRNPA2B1"
1.11735139988404e-13,0.604814711684145,0.676,0.392,3.31931580363552e-09,"14","RPL36AL"
1.18168908332062e-13,1.06465128950211,0.36,0.175,3.51044375982056e-09,"14","ATP5MC3"
1.33041844389558e-13,1.11514011876008,0.251,0.102,3.95227407128059e-09,"14","ZNHIT1"
1.73620499390482e-13,0.877721319834841,0.409,0.205,5.15774417539305e-09,"14","GPSM3"
1.81615445608785e-13,0.602546392808719,0.672,0.413,5.39525004270018e-09,"14","COX7C"
2.56365643499223e-13,0.607611487040657,0.798,0.562,7.61585417143142e-09,"14","PABPC1"
2.70226895022579e-13,0.877047320871339,0.462,0.251,8.02763037043574e-09,"14","PGK1"
2.93622875367009e-13,1.0180627586091,0.312,0.141,8.72265475852774e-09,"14","RTRAF"
2.97103467665831e-13,0.775359721407751,0.53,0.3,8.82605271394885e-09,"14","MCL1"
3.09131712966832e-13,0.735825169577456,0.522,0.297,9.18337579710568e-09,"14","COX7A2"
3.13273210517096e-13,0.667720980675911,0.563,0.323,9.30640726483137e-09,"14","BRD2"
3.24516655909686e-13,1.1392410730538,0.291,0.13,9.64041629710903e-09,"14","STMN1"
3.57440374516361e-13,0.581412534159952,0.725,0.459,1.06184812057575e-08,"14","ARHGDIB"
4.10764063004863e-13,0.860435459358724,0.356,0.171,1.22025680196855e-08,"14","MZT2A"
4.29504767450815e-13,0.898011094521762,0.364,0.179,1.27592981266614e-08,"14","ARF4"
4.44391692299913e-13,0.89653618765467,0.316,0.145,1.32015440031535e-08,"14","COX5A"
4.44836701884181e-13,1.17367595885236,0.255,0.108,1.32147639028734e-08,"14","NDUFS8"
4.46674596527777e-13,1.12379129089979,0.287,0.128,1.32693622390507e-08,"14","BUD31"
5.4999720718287e-13,0.725098823839904,0.437,0.229,1.63387670337815e-08,"14","CALR"
5.5905104844129e-13,1.05942105267133,0.291,0.132,1.66077294960454e-08,"14","LAMTOR5"
5.62512884715442e-13,1.00746096652502,0.3,0.137,1.67105702662416e-08,"14","SF3B6"
5.71846962025735e-13,1.10575716748652,0.352,0.173,1.69878577008985e-08,"14","C4orf3"
6.50766878245285e-13,0.905416001170463,0.429,0.229,1.93323316520327e-08,"14","CUTA"
7.21709545436414e-13,1.10503969201809,0.279,0.124,2.14398254662796e-08,"14","AURKAIP1"
8.14738065379291e-13,0.945083554542947,0.368,0.186,2.42034237082226e-08,"14","PEBP1"
9.66090290258543e-13,0.848714630892326,0.308,0.138,2.86996442527106e-08,"14","COX7A2L"
9.66881263022271e-13,0.747524567419763,0.466,0.25,2.87231416806026e-08,"14","SLC25A3"
1.11957378043792e-12,1.02675515549408,0.312,0.149,3.32591782954693e-08,"14","NXF1"
1.3856810800221e-12,0.784723226586902,0.445,0.234,4.11644278442164e-08,"14","RAC1"
1.64599787206519e-12,0.925653820659736,0.263,0.113,4.88976587854405e-08,"14","ANP32A"
1.72388254943118e-12,0.365391906056581,0.976,0.548,5.12113788959522e-08,"14","RPS29"
1.74814247439513e-12,0.656780867817568,0.51,0.284,5.19320684868562e-08,"14","PSMA7"
1.97931267341685e-12,1.37943542667151,0.356,0.188,5.87994415891942e-08,"14","HSPB1"
2.13937924184412e-12,1.08896263349272,0.324,0.156,6.35545391374634e-08,"14","MINOS1"
2.20918975531337e-12,0.724765096912994,0.526,0.3,6.56284000610943e-08,"14","SNRPD2"
2.43521134012168e-12,0.977976097602609,0.304,0.141,7.23428232809948e-08,"14","RANBP1"
2.57604303918075e-12,0.684728114869679,0.506,0.288,7.65265105649427e-08,"14","COX6B1"
2.90477103824009e-12,0.891251631471688,0.417,0.225,8.62920332329984e-08,"14","PARK7"
3.0651483478151e-12,0.784005936868192,0.441,0.235,9.1056361968543e-08,"14","EIF5"
3.19275681344107e-12,0.86336189428086,0.377,0.196,9.48472266568939e-08,"14","PSMB1"
3.97363854247351e-12,0.92891795778693,0.287,0.131,1.1804488018126e-07,"14","METTL9"
4.25015231727375e-12,0.946079832613742,0.381,0.195,1.26259274889251e-07,"14","SET"
4.58086321777636e-12,0.811570764434313,0.336,0.163,1.36083703610482e-07,"14","DEK"
5.83617981915121e-12,0.306655155517161,0.891,0.625,1.73375393887525e-07,"14","MT-ND3"
6.00985773168536e-12,0.879258646699867,0.368,0.189,1.78534843635177e-07,"14","ATP5ME"
6.03389975320401e-12,0.885482743169868,0.385,0.203,1.79249059968431e-07,"14","ICAM3"
6.15397404761006e-12,0.984887313555171,0.312,0.149,1.82816107032352e-07,"14","PRELID1"
6.62782038070956e-12,1.05321401672851,0.279,0.129,1.96892660049739e-07,"14","PA2G4"
6.70293121111223e-12,0.716639261155939,0.312,0.144,1.99123977488511e-07,"14","AC004687.1"
6.73685079654392e-12,0.887196946208922,0.344,0.174,2.0013162661293e-07,"14","REX1BD"
6.76131934615238e-12,0.705145547123327,0.538,0.316,2.00858513816149e-07,"14","CCNL1"
7.05379209122844e-12,0.727087799779371,0.441,0.24,2.09547001654123e-07,"14","PDIA3"
7.11885759197899e-12,0.697557085098174,0.506,0.288,2.1147990248492e-07,"14","UBL5"
7.51336136230734e-12,0.844506152859885,0.251,0.107,2.23199425990064e-07,"14","SPSB3"
7.64319769061739e-12,0.530295074048017,0.644,0.382,2.27056473795171e-07,"14","ANXA1"
9.00463347091924e-12,0.543799127847652,0.518,0.291,2.67500646520598e-07,"14","CLK1"
1.0697018033984e-11,0.561581432472666,0.656,0.417,3.17776314735562e-07,"14","MT-ND5"
1.22785295418986e-11,0.944502739229377,0.312,0.151,3.64758277101181e-07,"14","ZC3H12A"
1.31563748985426e-11,0.907849358028187,0.291,0.137,3.90836429111004e-07,"14","TAF7"
1.57339786360122e-11,0.951621901348739,0.263,0.118,4.67409303340013e-07,"14","SSB"
1.68716995328112e-11,1.01989556470013,0.3,0.142,5.01207578021221e-07,"14","SEPT1"
1.71774710962868e-11,0.837062781064823,0.32,0.153,5.10291133857393e-07,"14","RSL1D1"
1.84616322155342e-11,0.621048254080053,0.551,0.318,5.48439708226875e-07,"14","EIF3K"
1.93823305644821e-11,0.271162784654275,0.984,0.593,5.75790894079071e-07,"14","TMSB10"
2.0034510962019e-11,0.704644901137191,0.599,0.378,5.95165217148698e-07,"14","SRSF7"
2.20191305124312e-11,0.89401890302873,0.377,0.199,6.54122310132794e-07,"14","NDUFB8"
2.27494156174499e-11,0.799534900066674,0.372,0.194,6.75816889747583e-07,"14","SERTAD1"
2.43804550775531e-11,1.22581459392837,0.263,0.123,7.24270178988869e-07,"14","H2AFX"
2.60733323047015e-11,0.642693392772283,0.348,0.172,7.74560482775767e-07,"14","OSTF1"
2.63024653428873e-11,0.629058763258773,0.49,0.28,7.81367337941153e-07,"14","PPDPF"
2.85846955725463e-11,1.12485207274268,0.271,0.125,8.49165551373632e-07,"14","HAX1"
3.40833207785646e-11,0.796204490820296,0.344,0.175,1.01251321036882e-06,"14","MZT2B"
3.43904740733666e-11,0.935207674954531,0.316,0.157,1.0216378132975e-06,"14","P4HB"
3.55483912186481e-11,0.91351194571147,0.344,0.179,1.05603605793238e-06,"14","PLP2"
3.62190090405499e-11,0.850112083207861,0.271,0.123,1.07595810156761e-06,"14","RAB5C"
3.63104809199407e-11,0.852739202730842,0.275,0.126,1.07867545668868e-06,"14","SRSF6"
3.95166260049592e-11,0.793052651790079,0.356,0.184,1.17392040872932e-06,"14","PCBP1"
4.61663374914852e-11,0.79510329628598,0.372,0.196,1.37146338785955e-06,"14","UBXN1"
4.77378021497799e-11,0.647533187618489,0.506,0.292,1.41814688846351e-06,"14","RBM8A"
5.0568555850196e-11,0.571217167494158,0.356,0.179,1.50224008864177e-06,"14","GPR183"
5.22927717985164e-11,0.820939873299013,0.296,0.14,1.55346137181853e-06,"14","POLR1D"
5.46559939761393e-11,1.12819675358329,0.259,0.121,1.62366561304917e-06,"14","MARCKSL1"
5.51029146737874e-11,0.687343022636097,0.482,0.277,1.6369422862142e-06,"14","HSPE1"
5.52484876409819e-11,0.742830444116688,0.393,0.204,1.64126682235065e-06,"14","COPE"
5.52775557833635e-11,0.854033983109133,0.3,0.146,1.64213034965638e-06,"14","ATP6V0B"
7.74655622816122e-11,0.890580589900146,0.271,0.125,2.30126945869985e-06,"14","DDT"
8.68574457207465e-11,0.871663132273266,0.316,0.159,2.58027414002622e-06,"14","PSMA2"
8.98891001383084e-11,0.88480727945123,0.352,0.185,2.67033549780873e-06,"14","XBP1"
1.02909252838636e-10,0.68015598068442,0.389,0.204,3.05712517407736e-06,"14","SPCS1"
1.20293154074245e-10,0.980053490784592,0.259,0.119,3.57354872808359e-06,"14","GNB2"
1.39584570839665e-10,0.706977625670057,0.381,0.205,4.14663884593393e-06,"14","HSPD1"
1.4036064527495e-10,0.868350518254258,0.255,0.115,4.16969368918294e-06,"14","PSMB6"
1.45102446115846e-10,0.841496385677781,0.271,0.126,4.31055836676344e-06,"14","NME3"
1.45424460216214e-10,0.861083816802118,0.332,0.172,4.32012443964308e-06,"14","PSMB3"
1.46572619168692e-10,0.797201998813605,0.291,0.139,4.35423279764433e-06,"14","NDUFA3"
1.51137610875668e-10,0.801539701790175,0.312,0.154,4.48984500628348e-06,"14","UBE2I"
1.55301837093521e-10,0.907500862028661,0.279,0.135,4.61355167453722e-06,"14","GHITM"
1.56959434398645e-10,0.712248325131883,0.486,0.289,4.66279391768056e-06,"14","TMBIM6"
1.58658706575235e-10,0.90150877836058,0.267,0.126,4.71327419623049e-06,"14","DYNLRB1"
1.61976990575082e-10,0.72933729771073,0.316,0.156,4.81185045901396e-06,"14","MRPS6"
1.73616882756908e-10,0.970845709439663,0.251,0.115,5.15763673605948e-06,"14","ATP6AP2"
1.85322675740345e-10,0.856250346150813,0.316,0.159,5.50538072821843e-06,"14","SNRPB2"
2.0409644952405e-10,0.816645958104482,0.332,0.171,6.06309322601097e-06,"14","RABAC1"
2.17157589362244e-10,0.955027888524174,0.251,0.117,6.45110050718418e-06,"14","SDF4"
2.34958032642965e-10,0.779731088256794,0.47,0.276,6.97989827572457e-06,"14","IFITM1"
2.59956529951473e-10,0.791820381333282,0.316,0.158,7.7225286352684e-06,"14","RNPS1"
2.66995158557397e-10,0.535858292396094,0.644,0.4,7.93162517526459e-06,"14","SON"
2.91992715586802e-10,0.818045353787174,0.296,0.145,8.67422760193712e-06,"14","FKBP8"
2.98466657814749e-10,0.579699984753301,0.502,0.293,8.86654900370274e-06,"14","LDHB"
3.08520989079274e-10,0.885484187928933,0.271,0.13,9.165233022578e-06,"14","VDAC2"
3.38708928031547e-10,0.855129475167818,0.287,0.141,1.00620261250332e-05,"14","NDUFB9"
4.17138399790638e-10,0.599952681548176,0.478,0.283,1.23919304425805e-05,"14","IRF1"
4.40825593281595e-10,0.843229206737735,0.389,0.217,1.30956058996163e-05,"14","UBE2S"
4.80580667245101e-10,0.638678068083734,0.336,0.171,1.42766098818502e-05,"14","ENSA"
5.00855711858442e-10,0.437362265789122,0.684,0.429,1.48789206321787e-05,"14","TOMM7"
6.16466476485526e-10,0.848984262953752,0.255,0.121,1.83133696169555e-05,"14","UCP2"
6.73879300633587e-10,0.679070234395535,0.377,0.206,2.0018932383922e-05,"14","GYPC"
7.65361310968731e-10,0.728986920380656,0.34,0.177,2.27365884649481e-05,"14","FKBP1A"
7.9037154676626e-10,0.660740698848269,0.409,0.235,2.34795675397853e-05,"14","ARL6IP4"
8.30589874273941e-10,0.495975137392087,0.348,0.179,2.4674333395056e-05,"14","GGNBP2"
8.31419672458054e-10,0.960743419368377,0.324,0.173,2.46989842097114e-05,"14","CKS2"
1.00142501896633e-09,0.803285774951733,0.308,0.158,2.97493330384329e-05,"14","TUBB"
1.11652501252822e-09,0.641519790513521,0.364,0.196,3.31686085471759e-05,"14","SUMO1"
1.13418215625788e-09,0.543684227541394,0.579,0.381,3.36931493159529e-05,"14","HNRNPDL"
1.18296398012e-09,0.77129552866194,0.344,0.186,3.51423109574248e-05,"14","JTB"
1.19677295744847e-09,0.59492904774162,0.53,0.325,3.55525342469216e-05,"14","MYL12B"
1.19891037907813e-09,0.847049177385394,0.308,0.159,3.56160306312739e-05,"14","UFC1"
1.25105485600183e-09,0.564396052930612,0.381,0.203,3.71650866072465e-05,"14","SPCS2"
1.42245406637136e-09,0.889015783509037,0.287,0.146,4.22568429496939e-05,"14","ATP5PD"
1.44546187295637e-09,0.66716630731615,0.263,0.126,4.29403358599148e-05,"14","KCNQ1OT1"
1.49927350759386e-09,0.760734196473725,0.34,0.182,4.45389180900909e-05,"14","DBI"
1.70096293356759e-09,0.504780681756708,0.526,0.311,5.05305058674924e-05,"14","CD37"
2.00008674248553e-09,0.935866107239106,0.267,0.132,5.94165768590177e-05,"14","FBL"
2.13867084898592e-09,0.854448618669631,0.296,0.152,6.35334949108247e-05,"14","MYLIP"
2.2159655702938e-09,0.673467534272276,0.397,0.223,6.5829689196718e-05,"14","LAMTOR4"
2.34383914423598e-09,0.737270969519364,0.296,0.15,6.96284294578183e-05,"14","SNRPF"
2.37134255054015e-09,0.784441363229955,0.417,0.248,7.04454731488962e-05,"14","ARL6IP1"
2.44937149590596e-09,0.697648486208119,0.324,0.172,7.27634790288785e-05,"14","SYF2"
2.77616217707223e-09,0.745399620949944,0.32,0.169,8.24714497942846e-05,"14","GTF3A"
2.98546379459232e-09,0.63027831702435,0.296,0.146,8.86891729459542e-05,"14","DHRS7"
3.33314615757011e-09,0.421844561593286,0.547,0.329,9.90177729029352e-05,"14","LDHA"
3.57024747105748e-09,0.672409652588094,0.3,0.153,0.000106061341622705,"14","LSM7"
3.63984507449372e-09,0.639908855495371,0.462,0.279,0.000108128877627985,"14","TRIR"
3.73906255198051e-09,0.590010612734859,0.385,0.214,0.000111076331231685,"14","SEC62"
4.03207922109637e-09,0.934612978718418,0.267,0.134,0.00011978097742111,"14","EIF1B"
6.3343717287094e-09,0.798939750680188,0.259,0.129,0.00018817518094477,"14","NDUFB10"
7.31113358024658e-09,0.611782339658693,0.336,0.181,0.000217191845268385,"14","PTPN7"
7.60127714514282e-09,0.674904991058988,0.291,0.148,0.000225811140150758,"14","CALM3"
8.51100785702976e-09,0.68752848265648,0.275,0.139,0.000252836510408783,"14","CCT4"
9.06666817356189e-09,0.348136428572839,0.652,0.406,0.000269343511432003,"14","TMA7"
9.22442245972524e-09,0.76126230314837,0.372,0.212,0.000274029918011058,"14","LY6E"
9.2329147833005e-09,0.655417362373269,0.538,0.35,0.000274282199467508,"14","LAPTM5"
1.06511578340231e-08,0.515857102506064,0.356,0.194,0.000316413945775323,"14","SQSTM1"
1.31849187456472e-08,0.854248484519363,0.429,0.267,0.000391684381176941,"14","YPEL5"
1.46393976984035e-08,0.667448049329492,0.348,0.194,0.000434892587426474,"14","NDUFB11"
1.64608147715586e-08,0.526400592654089,0.453,0.271,0.000489001424418692,"14","EIF4A1"
1.70264163213275e-08,0.561196470766235,0.405,0.235,0.000505803749657675,"14","NDUFA1"
1.75515036357922e-08,0.772859202844853,0.283,0.148,0.000521402518508479,"14","PLAC8"
1.95790645763581e-08,0.725533347674816,0.336,0.187,0.000581635271369872,"14","ATP5MD"
2.22375853347742e-08,0.785118973834243,0.279,0.144,0.000660611947540138,"14","GPR65"
2.32313175572775e-08,0.63550276159908,0.32,0.174,0.000690132750674043,"14","SEM1"
2.39969235595131e-08,0.549123629175919,0.413,0.239,0.000712876608182456,"14","SERBP1"
2.45902929394833e-08,0.905966041631602,0.255,0.132,0.000730503832353229,"14","CSNK2B"
2.55094667698342e-08,0.474951433166691,0.368,0.203,0.000757809729331464,"14","SNU13"
2.56060742978817e-08,0.851784303788481,0.316,0.179,0.000760679649167172,"14","BSG"
2.84252995448492e-08,0.807364259643605,0.255,0.13,0.000844430373578835,"14","NUDC"
3.02518903265231e-08,0.771169760377432,0.275,0.144,0.000898692905930022,"14","NASP"
3.14776227666945e-08,0.57896068127899,0.599,0.396,0.000935105739530194,"14","SAT1"
3.19108411443948e-08,0.570197901267717,0.381,0.217,0.000947975357876537,"14","C11orf58"
3.36214319459516e-08,0.686507700275887,0.267,0.138,0.000998791878818384,"14","NDUFC2"
4.0457886259497e-08,0.679572375875622,0.275,0.142,0.00120188242711088,"14","KLRC1"
4.28837342787255e-08,0.649126957687602,0.32,0.176,0.0012739470942181,"14","ARPC5"
4.63482361012488e-08,0.541863882284477,0.429,0.259,0.0013768670498598,"14","CIB1"
4.85029364831029e-08,0.684686681313694,0.356,0.208,0.00144087673410354,"14","ARF6"
6.44241732756719e-08,0.371021883635251,0.372,0.217,0.00191384891550038,"14","IGKC"
6.64625010956445e-08,0.752903036215071,0.275,0.148,0.00197440152004831,"14","PRDX2"
7.30851481789522e-08,0.528264741301197,0.437,0.261,0.00217114049695213,"14","GUK1"
8.03024424555629e-08,0.719268113304591,0.377,0.23,0.00238554465802741,"14","VAMP2"
9.33708661182109e-08,0.669693413932309,0.296,0.162,0.00277376831977369,"14","UQCR10"
9.56647115595589e-08,0.459944440378037,0.599,0.403,0.00284191158629982,"14","FUS"
1.01507647815122e-07,0.517589101164136,0.462,0.291,0.00301548769364381,"14","GMFG"
1.08525068698691e-07,0.832616071299472,0.385,0.238,0.003223954215832,"14","JUND"
1.19009233722777e-07,0.488043770972599,0.3,0.16,0.00353540730620255,"14","REEP5"
1.24212200381226e-07,0.720837958132937,0.251,0.131,0.00368997183672507,"14","NOP10"
1.27032900796541e-07,0.625978296181904,0.466,0.298,0.00377376638396284,"14","NR4A2"
1.3093770712278e-07,0.404473969776753,0.506,0.319,0.00388976646549644,"14","UQCRB"
1.38280574820466e-07,0.637790196367571,0.259,0.134,0.00410790103619158,"14","CCDC107"
1.45196196633736e-07,0.410153103543706,0.433,0.258,0.0043133434133984,"14","PCBP2"
1.46715109750201e-07,0.557232228840449,0.433,0.265,0.00435846576534924,"14","PSMB9"
1.55873665167919e-07,0.368215025565483,0.275,0.143,0.00463053897114338,"14","DARS"
1.56884162311825e-07,0.450755742989999,0.474,0.299,0.00466055780979737,"14","INTS6"
1.61066383600262e-07,0.411629773550283,0.47,0.291,0.00478479905761298,"14","EIF3H"
1.64251453016733e-07,0.53557383781628,0.421,0.258,0.0048794179147681,"14","ARL6IP5"
1.84446659412748e-07,0.902058951273094,0.372,0.236,0.0054793569111745,"14","SDCBP"
1.88488764244347e-07,0.544977809658105,0.336,0.194,0.00559943571940682,"14","HSP90B1"
2.36354454787381e-07,0.811224487139691,0.267,0.146,0.00702138178836874,"14","CCDC85B"
2.47670693874213e-07,0.828287040972402,0.255,0.137,0.00735755330292124,"14","MAGOH"
2.5143919227458e-07,0.569005887678365,0.571,0.382,0.00746950408490095,"14","HCST"
2.62196192451964e-07,0.640894759245057,0.255,0.134,0.00778906228917049,"14","WDR1"
2.77590723520706e-07,0.64751820457487,0.296,0.164,0.00824638762362961,"14","ATP5IF1"
3.47071087433578e-07,0.642807707238753,0.3,0.17,0.0103104407943893,"14","DDX18"
3.66602058671629e-07,0.646257396536897,0.291,0.161,0.0108906473569581,"14","BRK1"
3.7121778237392e-07,0.56750948034506,0.364,0.221,0.0110277666609821,"14","HLA-DRA"
3.95656230480338e-07,0.283686752154761,0.741,0.488,0.0117537596388794,"14","CYBA"
3.97697243216686e-07,0.517173483204729,0.385,0.232,0.0118143920042381,"14","NEDD8"
4.20692300230578e-07,0.506320032827081,0.368,0.22,0.0124975061629498,"14","EIF3G"
4.5553535145462e-07,0.614110980146686,0.316,0.181,0.0135325886856624,"14","ARPC4"
5.0390158112088e-07,0.584937388736094,0.263,0.142,0.014969404270358,"14","EIF1AX"
5.20993601299645e-07,0.635083494076243,0.291,0.165,0.0154771569138085,"14","ANP32B"
5.60117635918673e-07,0.373302447931463,0.433,0.262,0.016639414610236,"14","CNBP"
7.61837536785494e-07,0.566631188251894,0.344,0.205,0.0226319077052867,"14","ALOX5AP"
8.18988787715187e-07,0.613244491080195,0.279,0.155,0.0243296999166551,"14","NDUFB1"
8.19441626609525e-07,0.53130090517125,0.308,0.174,0.0243431524016892,"14","IFRD1"
8.59079459030417e-07,0.78823522683365,0.255,0.141,0.0255206734894166,"14","RWDD1"
9.06746664640973e-07,0.640878725950601,0.312,0.185,0.0269367231664894,"14","C19orf53"
1.01372838176609e-06,0.422306809921039,0.664,0.476,0.0301148290371252,"14","RBM39"
1.08039893308941e-06,0.667444365416739,0.401,0.255,0.032095411105287,"14","S100A11"
1.10499742704679e-06,0.489282288521326,0.36,0.217,0.032826158565279,"14","POMP"
1.28042554739596e-06,0.401603826745224,0.482,0.31,0.0380376017364918,"14","TPM3"
1.31990127766426e-06,0.575683490632599,0.287,0.164,0.0392103072555722,"14","CMPK1"
1.37900325727501e-06,0.538527613907406,0.644,0.486,0.0409660497638687,"14","KLF6"
1.50795589540354e-06,0.343558831894637,0.316,0.18,0.0447968457847529,"14","PSAP"
1.58798895100508e-06,0.660386566447771,0.324,0.193,0.047174387767508,"14","PRR13"
1.61403285917618e-06,0.647084824316114,0.275,0.156,0.0479480741475469,"14","CHMP4A"
1.85543725193005e-06,0.380477084322953,0.401,0.249,0.0551194744430861,"14","WSB1"
1.87551494464839e-06,0.407292483658351,0.348,0.208,0.0557159224606696,"14","SELENOF"
1.94301971248928e-06,0.698188683214972,0.3,0.179,0.0577212865989189,"14","CSRNP1"
1.99966626458766e-06,0.564733135723945,0.283,0.163,0.0594040857221055,"14","PAXX"
2.0994075804466e-06,0.559552631028527,0.308,0.181,0.0623671009923273,"14","SELENOT"
2.1694709054357e-06,0.540831994206936,0.413,0.262,0.0644484721877784,"14","REL"
2.18905360573817e-06,0.57317391564068,0.429,0.275,0.0650302154656637,"14","SELENOK"
2.23683216372963e-06,0.54603921949786,0.283,0.164,0.0664495730879163,"14","G3BP2"
2.5789510770319e-06,0.431655876448354,0.437,0.281,0.0766128996453867,"14","SOD1"
2.63942671592562e-06,0.601225361252145,0.3,0.177,0.0784094494500025,"14","PMAIP1"
2.86956344768371e-06,0.572070588908488,0.296,0.176,0.0852461213403401,"14","AES"
3.13162019476983e-06,0.570819291431861,0.267,0.153,0.0930310411260273,"14","HNRNPUL1"
3.5170712749445e-06,0.444023979637098,0.251,0.138,0.104481636364776,"14","PDCD6"
3.55384205686607e-06,0.649311305053953,0.296,0.177,0.10557398598332,"14","ISG15"
3.6194946767165e-06,0.593280753525694,0.287,0.168,0.107524328361217,"14","ERP29"
4.12802514681006e-06,0.665582861732455,0.377,0.248,0.122631243036286,"14","ZNF331"
4.2217379612155e-06,0.394689654932721,0.364,0.223,0.125415169613829,"14","PRDX1"
4.3337570166416e-06,0.616138140222405,0.312,0.186,0.128742919693372,"14","PPP1R10"
5.38113805784357e-06,0.486775997549593,0.312,0.187,0.159857468284359,"14","SSBP1"
5.52014863794662e-06,0.413281407077975,0.34,0.208,0.16398705558748,"14","YWHAQ"
8.36195644447685e-06,0.414582351089038,0.255,0.144,0.248408640096074,"14","CASP4"
8.98738223833883e-06,0.472741484517676,0.381,0.245,0.266988164154332,"14","TMEM59"
9.91362630514817e-06,0.477914157078176,0.308,0.187,0.294504096647037,"14","HSPH1"
1.14500361876882e-05,0.34850605282032,0.255,0.144,0.340146225027654,"14","MGST3"
1.18201587090609e-05,0.456862859774313,0.279,0.164,0.351141454770072,"14","XRCC6"
1.2715644378974e-05,0.397338209472508,0.287,0.169,0.377743647566182,"14","RNASET2"
1.32505859257858e-05,0.54563942531103,0.259,0.153,0.393635156097317,"14","MORF4L2"
1.3828393999275e-05,0.472534168543199,0.291,0.175,0.410800100536463,"14","RBBP6"
1.38350468521323e-05,0.424956933556429,0.259,0.149,0.410997736836294,"14","TMED10"
1.41524297465749e-05,0.473929723177864,0.296,0.179,0.4204262304815,"14","CSTB"
1.47332776763563e-05,0.427527014698964,0.332,0.205,0.437681479931518,"14","RSRC2"
1.86788249915947e-05,0.316401270072678,0.332,0.204,0.554891854025305,"14","UBXN4"
2.26902720453795e-05,0.513491066335273,0.389,0.26,0.67405991165209,"14","TUBA1A"
2.38966741912856e-05,0.386487860062683,0.279,0.166,0.709898500200521,"14","SCP2"
2.56970948660981e-05,0.307278065487298,0.583,0.417,0.763383597187176,"14","CD53"
2.69035177753285e-05,0.257645818615109,0.413,0.264,0.799222802551685,"14","MORF4L1"
3.05180847691285e-05,0.547156872432252,0.304,0.191,0.906600744236499,"14","SBDS"
3.51519609493175e-05,0.574591805739719,0.316,0.202,1,"14","RARRES3"
3.60736354830465e-05,0.467096460341634,0.296,0.182,1,"14","PAIP2"
3.63659052697966e-05,0.439005765248459,0.34,0.219,1,"14","COX5B"
3.65342745971227e-05,0.556204996149328,0.255,0.156,1,"14","THUMPD3-AS1"
3.74673287021625e-05,0.457193638199002,0.296,0.183,1,"14","H2AFV"
3.757839921455e-05,0.626146387218283,0.255,0.152,1,"14","KRT10"
3.91232281401133e-05,0.425277865332647,0.291,0.181,1,"14","RPS27L"
4.02953265152093e-05,0.422947450195514,0.328,0.209,1,"14","HNRNPF"
4.41529244280556e-05,0.402195448603666,0.32,0.2,1,"14","TMEM258"
6.15786900971777e-05,0.59358501897351,0.263,0.164,1,"14","EIF3M"
6.26118145682888e-05,0.41276698064168,0.283,0.175,1,"14","PPP2CA"
8.25688325545747e-05,0.386349489984282,0.283,0.176,1,"14","CBX3"
8.84560455009547e-05,0.523444885370192,0.255,0.156,1,"14","KRTCAP2"
9.10698810014492e-05,0.262806786533863,0.381,0.247,1,"14","GSTK1"
9.2483350750557e-05,0.476178212161679,0.34,0.225,1,"14","ATP5MPL"
9.39345744683972e-05,0.526265122865057,0.259,0.163,1,"14","TSPYL2"
9.7143394056817e-05,0.510795329035277,0.279,0.182,1,"14","RGS2"
0.000114794871416468,0.394904260825147,0.271,0.169,1,"14","MRPS21"
0.000130781698428605,0.52562753176474,0.385,0.267,1,"14","YWHAB"
0.000133520437075834,0.379418832782861,0.316,0.203,1,"14","CDC37"
0.000191173068398203,0.266701879435177,0.417,0.288,1,"14","ATP6V0E1"
0.00021545504444588,0.254261299088029,0.34,0.222,1,"14","HNRNPM"
0.000240709222218233,0.276745659196798,0.283,0.182,1,"14","IDI1"
0.000346416657181103,0.459392904247701,0.251,0.161,1,"14","SLC38A2"
0.00047577104871681,0.291510240434114,0.255,0.163,1,"14","CHURC1"
0.000757038965749416,0.349281832636391,0.3,0.2,1,"14","HIGD2A"
0.000757671308454139,0.294955105601922,0.255,0.166,1,"14","SRSF10"
0.00205536624651538,0.330529781617476,0.413,0.302,1,"14","COTL1"
0.00241477235995476,0.332754870176774,0.275,0.191,1,"14","TBC1D10C"
0.00287185314047851,0.38251552397829,0.267,0.185,1,"14","TAGAP"
0.00311367311778096,0.266710430794603,0.251,0.172,1,"14","CACYBP"
0.00464213883532625,0.291579687165662,0.271,0.189,1,"14","YME1L1"
0,5.91111806059624,0.341,0.009,0,"15","AL138720.1"
3.29100945429535e-198,4.43920681421115,0.419,0.032,9.77660178587521e-194,"15","PDE7B"
6.16580673214044e-160,4.12974857532407,0.332,0.025,1.83167620591696e-155,"15","ZC3H12C"
9.17055633372694e-155,3.53930237085699,0.613,0.095,2.72429717006026e-150,"15","DGKH"
4.60610256048507e-130,3.63220733420947,0.387,0.042,1.3683348876433e-125,"15","ATP8B4"
1.76499653560761e-122,3.1296250710072,0.765,0.198,5.24327520832952e-118,"15","PAM"
1.82613350534207e-118,3.49233482602813,0.433,0.058,5.42489480431968e-114,"15","ENTPD1"
5.57668464683237e-109,3.70970438888221,0.318,0.033,1.65666570803449e-104,"15","TNIP3"
2.69449917035061e-99,3.40941515466483,0.401,0.058,8.00454868536057e-95,"15","GPD2"
7.26452657654534e-98,2.40667136073273,0.802,0.251,2.15807291009433e-93,"15","TOX"
8.61026493722738e-94,2.72862940654084,0.516,0.098,2.55785140490214e-89,"15","RIN3"
3.01201060908656e-86,2.60063627076419,0.705,0.212,8.94777991641343e-82,"15","LYST"
9.24296665205152e-86,3.77069104994936,0.272,0.031,2.74580810332494e-81,"15","MIR155HG"
2.35924964332343e-81,2.2816735532892,0.839,0.355,7.00862291542093e-77,"15","CBLB"
6.99526300760415e-81,2.36839578205539,0.677,0.197,2.07808278166896e-76,"15","FUT8"
1.64991297289898e-78,2.87547504703649,0.465,0.094,4.90139646859101e-74,"15","CDK6"
9.75007102442908e-78,2.0329675497687,0.714,0.214,2.89645359922715e-73,"15","PTPRJ"
3.53844395528389e-76,2.55799002853379,0.442,0.086,1.05116554579618e-71,"15","TTN"
6.34887401436656e-76,3.40461673624311,0.313,0.045,1.88606000344787e-71,"15","GRAMD1B"
6.76074338960522e-75,2.24986961746348,0.654,0.19,2.00841403875002e-70,"15","NCALD"
5.31035132712952e-71,2.14734191774675,0.677,0.201,1.57754606875037e-66,"15","DLEU2"
1.88741422525789e-64,3.64995270381831,0.263,0.038,5.6069414389736e-60,"15","TNFRSF9"
3.95956838753028e-64,2.43872449081495,0.682,0.254,1.17626898088362e-59,"15","RNF19A"
5.83640307324263e-64,2.69586339137489,0.327,0.056,1.73382026096819e-59,"15","KCNQ5"
8.84115448255135e-64,2.03312000239293,0.779,0.314,2.62644176213153e-59,"15","ATXN1"
1.61926857010099e-59,2.78702376665876,0.336,0.063,4.81036114119902e-55,"15","MAP4K3"
1.06108371061144e-58,2.35608730061785,0.581,0.183,3.1521613791134e-54,"15","PRKCA"
4.87096514897906e-58,2.86593656419531,0.433,0.106,1.44701761680721e-53,"15","SNX9"
1.56914146921897e-56,2.20960887849101,0.548,0.162,4.6614485626088e-52,"15","SFMBT2"
1.50812570032266e-55,2.65526007293809,0.419,0.102,4.48018901794854e-51,"15","IGF2R"
2.24881202854881e-55,2.33096266438944,0.535,0.163,6.68054589320996e-51,"15","TSHZ2"
4.87958945185725e-55,3.15457174234373,0.323,0.063,1.44957963846323e-50,"15","MTSS1"
9.55863164263731e-50,2.03890003612069,0.512,0.154,2.83958270207827e-45,"15","TRPS1"
2.40047439870133e-49,2.67056294001905,0.276,0.051,7.13108929622204e-45,"15","GAS7"
9.84200908227182e-49,1.55394996806114,0.816,0.395,2.92376563807049e-44,"15","RABGAP1L"
1.12333117899785e-48,2.36493173540709,0.327,0.069,3.33707993344892e-44,"15","FAM102B"
6.39001638232762e-48,1.68372141346382,0.654,0.248,1.89828216669807e-43,"15","PCED1B"
1.32583255510892e-47,2.38123585140786,0.456,0.131,3.93865077146208e-43,"15","TSPAN5"
2.27419060707105e-47,1.77622343300109,0.608,0.221,6.75593803642598e-43,"15","MSI2"
2.76114094848223e-47,2.61922162117264,0.378,0.096,8.20252141565616e-43,"15","MCTP2"
2.99433668643834e-47,2.61002319180184,0.332,0.075,8.89527599440237e-43,"15","GALNT1"
4.79718539051573e-47,2.13644347799966,0.401,0.103,1.42509986396051e-42,"15","HIVEP1"
2.68641354193163e-45,2.33232063765262,0.332,0.074,7.9805287090163e-41,"15","ENTPD1-AS1"
3.96436171285116e-45,2.00368191391108,0.544,0.185,1.17769293403669e-40,"15","SIPA1L1"
7.98785684988614e-45,2.17873871608247,0.488,0.163,2.37295263439568e-40,"15","ZEB2"
2.74459797712962e-44,2.63963112601238,0.355,0.089,8.15337721065897e-40,"15","BICDL1"
3.70567329466864e-43,2.58057229282888,0.502,0.177,1.10084436564721e-38,"15","JARID2"
8.44877209588991e-43,2.45770430237448,0.3,0.065,2.50987672652601e-38,"15","CCDC141"
2.13230106126589e-41,1.86955713171145,0.53,0.188,6.33442676270259e-37,"15","NFAT5"
1.14189189135458e-40,1.63003395465335,0.756,0.41,3.39221824164706e-36,"15","PRKCH"
1.72884531666264e-40,2.10589583723909,0.429,0.131,5.1358807822097e-36,"15","MEF2A"
6.6989137867201e-40,1.51113952832149,0.604,0.232,1.99004631862094e-35,"15","ARL15"
1.89126113394e-39,1.52347687841314,0.714,0.327,5.61836945059556e-35,"15","LRBA"
3.68636016032627e-39,2.17096690751429,0.424,0.133,1.09510701282812e-34,"15","NELL2"
5.856797791349e-39,1.62312365774635,0.576,0.224,1.73987891987605e-34,"15","ZEB1"
5.19560263159088e-38,1.4261107332939,0.613,0.248,1.5434576737667e-33,"15","BCL2"
5.05723414495347e-37,2.40868288027851,0.286,0.067,1.50235254744133e-32,"15","KLRK1"
1.17551253631212e-36,1.92518609449883,0.419,0.131,3.4920950916224e-32,"15","RFX7"
6.53055013055556e-36,2.01686822354546,0.475,0.176,1.94003052728414e-31,"15","RAB27A"
5.2659595237711e-35,2.49254562886139,0.281,0.068,1.56435859572668e-30,"15","AOPEP"
6.22695031793895e-35,1.65419963150471,0.599,0.261,1.84984013095012e-30,"15","WNK1"
7.55078053977729e-35,2.03268102036404,0.332,0.09,2.24311037495164e-30,"15","AUH"
4.54352146872413e-34,1.45625301095968,0.677,0.32,1.34974392271388e-29,"15","CHST11"
6.64015279087351e-33,2.38240550540547,0.373,0.123,1.97259018958479e-28,"15","AHI1"
2.26562474145616e-32,1.51186294934055,0.581,0.244,6.73049141944381e-28,"15","LDLRAD4"
8.08111263371009e-31,1.32243944824778,0.59,0.252,2.40065613009626e-26,"15","PDE3B"
1.41878064846506e-30,1.77067902496955,0.382,0.125,4.21477167239517e-26,"15","SUPT3H"
2.38764200959287e-30,1.38788370567358,0.558,0.24,7.09296811789755e-26,"15","TBL1XR1"
6.79480041470183e-30,1.63520035919111,0.41,0.142,2.01853135919547e-25,"15","GTDC1"
8.81731893678112e-30,2.01996601107448,0.267,0.069,2.61936093654957e-25,"15","SRGAP2C"
5.24386514747437e-29,1.50204463530293,0.488,0.189,1.55779501936021e-24,"15","XIST"
4.10230231582115e-28,1.70918715630148,0.401,0.141,1.21867094896099e-23,"15","GMDS"
4.33922725850795e-28,1.34166377295121,0.553,0.234,1.28905424168496e-23,"15","CDKAL1"
4.52545532862147e-28,1.70434446117572,0.442,0.172,1.34437701447358e-23,"15","PPP1R16B"
9.05715528345259e-28,2.05021723739491,0.313,0.096,2.69060912005526e-23,"15","AGFG1"
1.50901438121639e-27,1.99910213333837,0.336,0.11,4.48282902227954e-23,"15","ITPR1"
2.84188614924409e-27,1.41325331134154,0.493,0.204,8.44239118355941e-23,"15","COP1"
1.07963110927047e-26,2.15899334675346,0.253,0.068,3.20726013630979e-22,"15","TIAM2"
2.87237412334146e-26,1.56739623576547,0.396,0.143,8.53296180821048e-22,"15","SEPTIN7"
3.33503105629732e-26,1.06118707243994,0.668,0.33,9.90737675894244e-22,"15","INPP4B"
4.08422168317967e-26,1.54279529241282,0.567,0.284,1.21329973542219e-21,"15","CCDC91"
7.49514824527303e-26,1.31049296787143,0.71,0.449,2.22658368922326e-21,"15","CELF2"
1.41327508294962e-25,1.44909279746666,0.516,0.232,4.19841628891842e-21,"15","NCOA1"
1.4745253556739e-25,1.23438692203885,0.585,0.274,4.38037247410045e-21,"15","ZFAND3"
2.75564151024667e-25,1.40935154082206,0.567,0.274,8.18618423448979e-21,"15","ELMO1"
3.03107996876634e-25,1.36349646284291,0.65,0.387,9.00442926321417e-21,"15","FNBP1"
3.20594512810225e-25,1.76991340687501,0.41,0.165,9.52390119205336e-21,"15","IKZF3"
3.58498942195785e-25,1.04218086276178,0.691,0.367,1.06499280758102e-20,"15","FOXN3"
1.74893225740167e-24,1.50699099014433,0.318,0.101,5.19555305706313e-20,"15","KIAA0825"
2.62474290750474e-24,1.19821608435593,0.571,0.27,7.79732375532434e-20,"15","STAG1"
3.10250544523295e-24,1.45768057221439,0.452,0.191,9.21661292615353e-20,"15","MDFIC"
1.05868055182603e-23,1.49785675545272,0.41,0.163,3.14502231530959e-19,"15","TAB2"
2.76582591893887e-23,1.02518622096381,0.53,0.232,8.21643905739171e-19,"15","THEMIS"
3.09021732760893e-23,1.38641774645562,0.442,0.184,9.18010861512785e-19,"15","MKLN1"
3.74627710705195e-23,1.43900920022651,0.456,0.199,1.11290654019192e-18,"15","STAG2"
5.77505906266859e-23,2.16353037745076,0.281,0.092,1.71559679574696e-18,"15","ZSWIM6"
7.36055343039518e-23,1.25762995249074,0.465,0.192,2.18659960756749e-18,"15","SPIDR"
8.6626538443925e-23,1.1313739379953,0.576,0.273,2.57341457755368e-18,"15","AKT3"
1.50226905316504e-22,1.53672838031327,0.341,0.122,4.46279067623737e-18,"15","ST8SIA1"
1.61386493385419e-22,1.29645878117852,0.553,0.272,4.79430855900064e-18,"15","KLF12"
1.71921943422975e-22,1.52765416972136,0.442,0.196,5.10728517326631e-18,"15","FRYL"
2.54802345582439e-22,1.64833576306691,0.295,0.097,7.56941328021752e-18,"15","HECTD4"
5.12024185854301e-22,1.59989202415652,0.35,0.129,1.52107024891737e-17,"15","LINC01934"
6.34907983082699e-22,1.36424957365241,0.41,0.167,1.88612114534377e-17,"15","ATP8A1"
7.18985874900932e-22,1.48784067948254,0.392,0.16,2.1358913385682e-17,"15","MAP4"
9.85323287673726e-22,1.41680022387583,0.387,0.152,2.92709989069234e-17,"15","RASA1"
1.13610056708554e-21,1.84293857534187,0.336,0.128,3.37501395464103e-17,"15","USP24"
1.28540346446054e-21,1.43114612531933,0.415,0.174,3.81854807187292e-17,"15","EIF4G3"
1.42116261143295e-21,1.01929514653123,0.544,0.25,4.22184776978386e-17,"15","VPS13B"
3.26260407592009e-21,1.61655697215934,0.364,0.142,9.6922179283358e-17,"15","RAPGEF1"
4.5925534916611e-21,1.56161852617488,0.364,0.145,1.36430986576776e-16,"15","LCOR"
4.71535980111877e-21,1.59596462937436,0.318,0.115,1.40079193611835e-16,"15","ABCC1"
4.75112483802543e-21,1.14327627266672,0.548,0.272,1.41141665563221e-16,"15","FAM172A"
4.77480999134012e-21,1.27122357310343,0.604,0.358,1.41845280412741e-16,"15","CLEC2D"
5.10494434159774e-21,1.09821974973549,0.548,0.276,1.51652581555844e-16,"15","PICALM"
8.84738241380955e-21,1.30158853431021,0.433,0.183,2.6282918936704e-16,"15","TRAPPC9"
9.02847750337041e-21,1.26562438830285,0.452,0.195,2.68208981192625e-16,"15","KDM6A"
1.39798518524976e-20,1.41880592881192,0.364,0.144,4.15299458982146e-16,"15","RNGTT"
1.51602525649886e-20,1.5126433935292,0.373,0.155,4.50365622948117e-16,"15","CAB39"
2.42171651167643e-20,1.64270520636506,0.313,0.113,7.19419324123716e-16,"15","DLEU1"
2.52452662414316e-20,1.30241487927734,0.396,0.165,7.4996112423421e-16,"15","PHF21A"
2.98345266433792e-20,0.735808483950535,0.816,0.528,8.86294282994866e-16,"15","MBNL1"
1.15051422405449e-19,1.31780461144122,0.479,0.227,3.41783260539867e-15,"15","FBXL17"
1.27553098434035e-19,1.36311443435921,0.392,0.166,3.78921989517989e-15,"15","ATP11B"
2.77864138962092e-19,1.31623355813823,0.406,0.175,8.25450997614688e-15,"15","SCAPER"
3.00129918118926e-19,1.85277708436338,0.258,0.087,8.91595947755895e-15,"15","TSPOAP1-AS1"
3.35941849060835e-19,1.40136114707551,0.364,0.149,9.97982451005024e-15,"15","ATP9B"
4.04722471085466e-19,1.6199570552137,0.276,0.096,1.20230904485359e-14,"15","TFCP2"
4.51108827458424e-19,1.71260442755081,0.332,0.134,1.34010899373074e-14,"15","OSBPL3"
6.29829951811292e-19,1.17268159570927,0.696,0.476,1.8710358378458e-14,"15","FYN"
6.69060125551788e-19,1.31116753089512,0.378,0.156,1.9875769149767e-14,"15","MON2"
6.83076695871133e-19,1.56392860947047,0.276,0.097,2.02921594042437e-14,"15","BMPR2"
9.91800212932069e-19,1.47716248859487,0.359,0.15,2.9463408925573e-14,"15","PPP6R2"
1.04221432345143e-18,1.37111898279816,0.433,0.208,3.09610609067716e-14,"15","ZMYM2"
1.0659279103973e-18,1.42936063595801,0.396,0.179,3.16655204341725e-14,"15","PTPRA"
1.2806140456247e-18,1.15849391049121,0.479,0.231,3.80432014533731e-14,"15","TBC1D5"
1.81009564957902e-18,1.67150187432457,0.263,0.091,5.3772511462044e-14,"15","OPA1"
1.8597230789234e-18,1.04287679895011,0.59,0.33,5.52467935055776e-14,"15","DOCK8"
1.96577967532498e-18,1.23380967271079,0.521,0.286,5.83974168148793e-14,"15","NR3C1"
2.14080254641437e-18,1.31184780704523,0.452,0.218,6.35968212463318e-14,"15","ARAP2"
2.19727543176101e-18,0.986049459003302,0.581,0.299,6.52744612513242e-14,"15","MAML2"
2.43875790559396e-18,1.21292384666011,0.475,0.235,7.24481811014797e-14,"15","CEP85L"
2.67066095010546e-18,1.12129346719285,0.553,0.318,7.93373248447828e-14,"15","CNOT6L"
5.50430063618138e-18,1.65941292762775,0.35,0.153,1.6351625899904e-13,"15","SYTL3"
6.72635790440901e-18,1.69726808341184,0.29,0.109,1.99819914266278e-13,"15","TRAPPC10"
7.15932796377928e-18,1.14026721975479,0.484,0.245,2.12682155819991e-13,"15","RPS6KA3"
7.34804006838541e-18,1.41910960744217,0.35,0.146,2.18288226311525e-13,"15","ITCH"
8.93663300036548e-18,1.1230080900771,0.433,0.196,2.65480556541857e-13,"15","BCAS3"
9.50852612880548e-18,1.65476315989498,0.359,0.161,2.82469785708425e-13,"15","CNOT4"
1.08625926582528e-17,1.19402873338814,0.429,0.197,3.22695040098717e-13,"15","TBC1D22A"
1.55067766380465e-17,1.38708832126704,0.442,0.218,4.60659813586448e-13,"15","PAG1"
1.78819371529055e-17,1.04872650357784,0.461,0.215,5.31218707001365e-13,"15","NCOA2"
1.89976096896518e-17,1.14280318277561,0.415,0.187,5.64361991050485e-13,"15","SLFN12L"
2.29994101769398e-17,1.09223692862414,0.47,0.235,6.8324347812635e-13,"15","FAF1"
2.54158341590978e-17,1.42012585496794,0.309,0.121,7.55028185364317e-13,"15","LRCH3"
2.66172924967278e-17,1.4771651665381,0.263,0.092,7.90719908200292e-13,"15","CERT1"
2.73513657893967e-17,1.2027073703292,0.429,0.202,8.12527023505606e-13,"15","ANKRD17"
3.45626520435671e-17,1.68097038284481,0.276,0.105,1.02675270425825e-12,"15","ASXL2"
3.82582625831397e-17,0.851342826500011,0.668,0.413,1.13653820655733e-12,"15","ANKRD44"
5.23236285042836e-17,1.24640629952657,0.382,0.168,1.55437803197675e-12,"15","CLASP1"
1.23328297990459e-16,1.07162758440372,0.576,0.337,3.66371374840257e-12,"15","ARID1B"
1.32623609209461e-16,0.687982175923655,0.848,0.702,3.93984955878546e-12,"15","PTPRC"
1.56971118755814e-16,1.08796897216682,0.433,0.207,4.66314102487897e-12,"15","PPP6R3"
2.24543511838123e-16,1.16968837745497,0.382,0.174,6.67051410617511e-12,"15","MARK3"
3.51527671582687e-16,1.12985413487905,0.419,0.202,1.04428325397069e-11,"15","GLCCI1"
7.03397474011233e-16,1.581632586485,0.286,0.114,2.08958287604517e-11,"15","FBXW11"
8.68632373667653e-16,1.31465288123709,0.332,0.141,2.5804461924545e-11,"15","ZDHHC20"
1.07111096175608e-15,1.41505156979507,0.318,0.137,3.18194933408879e-11,"15","RFTN1"
1.1638566006127e-15,1.29178607748386,0.336,0.144,3.45746880344014e-11,"15","DUSP16"
1.18275997904265e-15,1.38761162702526,0.323,0.138,3.513625069742e-11,"15","TRPM7"
1.20486581450361e-15,1.82014853142147,0.415,0.23,3.57929487514586e-11,"15","RUNX3"
1.4012320584016e-15,0.89250904452548,0.47,0.226,4.16264007589363e-11,"15","VTI1A"
1.49862016252533e-15,1.50383412440867,0.341,0.156,4.451950916814e-11,"15","NEDD9"
1.5898724820702e-15,0.94757334497567,0.433,0.204,4.72303418248594e-11,"15","NIBAN1"
1.76655122077855e-15,0.695175683186762,0.737,0.469,5.24789371156684e-11,"15","SKAP1"
1.93605398703486e-15,1.36324153476828,0.309,0.128,5.75143557928447e-11,"15","RNF111"
2.71391391273816e-15,1.15880168401595,0.392,0.184,8.06222406057125e-11,"15","GATAD2B"
3.2866887836389e-15,1.540066367408,0.286,0.116,9.76376636955608e-11,"15","POU2F1"
3.9505559112884e-15,0.952331819606286,0.525,0.294,1.17359164456644e-10,"15","BIRC6"
4.01633100493266e-15,1.11982316778361,0.475,0.256,1.19313145163534e-10,"15","NIPBL"
5.32736154939392e-15,0.921097032718,0.493,0.255,1.58259929547845e-10,"15","EXOC4"
7.05852324337702e-15,0.993868714970322,0.53,0.311,2.09687549991001e-10,"15","ASH1L"
9.64715579369291e-15,1.02547067437262,0.604,0.403,2.86588057163235e-10,"15","AKAP13"
1.21051466510613e-14,1.26429570929939,0.452,0.253,3.59607591563077e-10,"15","GLS"
1.35344112031846e-14,1.18805273172721,0.41,0.211,4.02066753613005e-10,"15","GOLGA4"
1.39444584890307e-14,1.13285228493002,0.415,0.208,4.14248028333636e-10,"15","PUM2"
1.60656448544009e-14,1.17813175863965,0.396,0.197,4.77262111689687e-10,"15","ITFG1"
1.70341640821187e-14,1.21302061654597,0.327,0.142,5.06033912387502e-10,"15","SMG6"
1.96874085319045e-14,1.28527364108813,0.3,0.127,5.84853845257287e-10,"15","SNX14"
2.05143262662313e-14,1.08616793834338,0.452,0.241,6.09419090390934e-10,"15","EPS15"
2.51304354215216e-14,1.45059716596062,0.286,0.121,7.46549845067143e-10,"15","ANKRD36C"
2.53229044039797e-14,1.24828506712266,0.364,0.175,7.52267521129025e-10,"15","SMARCA2"
2.64565809379857e-14,1.10395777094171,0.304,0.127,7.85945649924743e-10,"15","FNDC3B"
2.69362944638615e-14,1.42184615006831,0.327,0.148,8.00196499637932e-10,"15","ZFR"
2.7197145538024e-14,1.40268260247452,0.295,0.124,8.0794560249808e-10,"15","FBXL20"
2.89685249196011e-14,0.963666700592428,0.41,0.199,8.60567969786589e-10,"15","COG5"
3.13725136682438e-14,1.03680169163196,0.378,0.173,9.31983263542519e-10,"15","PCNX2"
4.2669338868788e-14,0.987782274663893,0.53,0.317,1.26757804977508e-09,"15","MYCBP2"
5.78685090599834e-14,1.33420650078452,0.327,0.15,1.71909979864493e-09,"15","MAP3K2"
5.81361274058363e-14,1.41836975134505,0.281,0.118,1.72704993684518e-09,"15","NIN"
6.81794894234742e-14,1.4837931114688,0.276,0.117,2.02540809230315e-09,"15","SPATA13"
7.01799099394063e-14,1.08733829750474,0.382,0.183,2.08483458456994e-09,"15","ANKHD1"
7.42734394958572e-14,1.14979055233689,0.382,0.188,2.20644106710343e-09,"15","KMT2A"
7.88774539549897e-14,0.884024383363658,0.498,0.279,2.34321252464088e-09,"15","USP34"
8.77174566231206e-14,0.900671107121367,0.512,0.29,2.60582248390304e-09,"15","MACF1"
1.02930636059622e-13,1.36022712977896,0.281,0.117,3.05776040542318e-09,"15","AVL9"
1.18793464591605e-13,1.48756965690958,0.323,0.153,3.52899745262282e-09,"15","CEMIP2"
1.25237877649152e-13,1.16058734937578,0.387,0.189,3.72044163132336e-09,"15","FBXO11"
1.30210151465425e-13,1.02448941371147,0.47,0.268,3.86815296958337e-09,"15","CHD2"
1.37637040525476e-13,1.08787367869168,0.415,0.219,4.08878356289033e-09,"15","PIAS1"
1.50211775163314e-13,1.29668122662666,0.336,0.158,4.46234120477656e-09,"15","ASCC3"
1.64820281145098e-13,1.22616762652481,0.29,0.125,4.89631609197743e-09,"15","SLF1"
1.66264021715358e-13,1.05924090021675,0.429,0.227,4.93920529309815e-09,"15","ITK"
2.22783632899037e-13,0.751652677387983,0.659,0.479,6.61823338253171e-09,"15","HNRNPH1"
2.76932694939811e-13,1.01092675030081,0.479,0.271,8.22683956857696e-09,"15","KANSL1"
3.18289190860178e-13,1.10426363114847,0.373,0.181,9.45541699288331e-09,"15","CUL3"
3.28651474470073e-13,1.82124149370861,0.359,0.2,9.76324935208247e-09,"15","RBPJ"
3.61512678668561e-13,1.1398276566523,0.479,0.292,1.07394571452069e-08,"15","ATRX"
3.75436391275114e-13,1.32175995563644,0.309,0.14,1.11530888756098e-08,"15","ST8SIA4"
4.90289230101139e-13,1.07676661778688,0.35,0.167,1.45650221586145e-08,"15","AP3B1"
5.39737387157243e-13,1.74378464540652,0.29,0.136,1.60339785602802e-08,"15","HIF1A"
5.62334685775597e-13,1.30053826603598,0.295,0.133,1.67052765103356e-08,"15","TRAF3"
6.05122176958112e-13,1.12558356584171,0.313,0.138,1.79763645108946e-08,"15","VPS13D"
6.5839288692031e-13,1.15158538934846,0.378,0.189,1.95588774917417e-08,"15","OGT"
7.73741393816269e-13,0.855752750435358,0.452,0.237,2.29855355860999e-08,"15","FOXO1"
7.86841643776322e-13,1.30022723514318,0.253,0.103,2.33747047116632e-08,"15","TASOR2"
8.04370685159079e-13,0.741093683281191,0.493,0.266,2.38954399440208e-08,"15","SMYD3"
1.00411407687897e-12,1.21016196715303,0.382,0.204,2.98292168818435e-08,"15","LUC7L2"
1.17357807100082e-12,1.41786297261235,0.327,0.158,3.48634837552214e-08,"15","THADA"
1.30293781291314e-12,0.839016379755423,0.424,0.215,3.87063736082107e-08,"15","BTBD9"
1.48114859106443e-12,0.984231191222983,0.401,0.205,4.40004811947511e-08,"15","RAPGEF6"
1.58294349842871e-12,1.002113300087,0.442,0.239,4.70245025078216e-08,"15","MBD5"
1.67873667545741e-12,1.27877418211187,0.336,0.166,4.98702304178134e-08,"15","PRDM2"
1.85260742622612e-12,1.08586505941223,0.382,0.194,5.50354088108994e-08,"15","ZNF638"
1.98541537823961e-12,1.36565086313432,0.281,0.126,5.8980734641364e-08,"15","UBR1"
2.67644239760327e-12,1.07896044129279,0.382,0.199,7.95090743056002e-08,"15","ZNF148"
2.73273555515536e-12,1.13159028612964,0.364,0.183,8.11813751370004e-08,"15","XRN1"
3.36873615020325e-12,1.18139377950287,0.341,0.165,1.00075044814088e-07,"15","TRIP12"
4.19217184850667e-12,1.10451795529856,0.415,0.23,1.24536849103588e-07,"15","NFATC3"
4.29592887229618e-12,1.26859025851182,0.382,0.209,1.27619159009303e-07,"15","LCP2"
4.41474984173127e-12,1.00112023640814,0.396,0.207,1.31148973548311e-07,"15","R3HDM2"
4.48556827869555e-12,1.31608645720354,0.263,0.113,1.33252776855209e-07,"15","R3HDM1"
4.67242499208931e-12,1.10567921200379,0.258,0.108,1.38803729239997e-07,"15","MRTFA"
4.87425809234128e-12,1.27624943167995,0.281,0.125,1.44799585149182e-07,"15","HUWE1"
4.98688881726517e-12,1.49745226031095,0.295,0.14,1.48145506094496e-07,"15","HNRNPLL"
6.04334000951067e-12,1.10060029062233,0.29,0.128,1.79529501662533e-07,"15","SNHG14"
6.38927704977173e-12,1.18175344303025,0.276,0.123,1.89806253317569e-07,"15","TOP2B"
7.31732459500650e-12,1.15155022442084,0.369,0.197,2.17375761743858e-07,"15","TENT2"
7.41421819169685e-12,0.869707188046993,0.424,0.228,2.20254179820738e-07,"15","ZCCHC7"
7.74175962539699e-12,1.17711579755963,0.323,0.157,2.29984453191668e-07,"15","KAT6B"
8.11331604816049e-12,1.07155185925763,0.373,0.195,2.41022279842704e-07,"15","KDM2A"
8.46053830153225e-12,1.27265900855506,0.3,0.141,2.51337211323619e-07,"15","TGFBR2"
8.63877950151895e-12,0.912667153778287,0.521,0.323,2.56632222651623e-07,"15","DDX17"
8.84853706346074e-12,1.2692451132448,0.318,0.154,2.62863490544228e-07,"15","MED13"
9.52262128478511e-12,1.20536593940272,0.35,0.18,2.82888510507111e-07,"15","DENND1B"
1.13640718691737e-11,1.51471832619596,0.327,0.173,3.37592483017543e-07,"15","PTPN22"
1.33924882137742e-11,1.07221092370437,0.35,0.179,3.97850647366589e-07,"15","PHC3"
1.54963128166244e-11,0.674954062213833,0.627,0.41,4.60348964843461e-07,"15","ZBTB20"
1.63787343119345e-11,0.993746984668293,0.41,0.224,4.86563060204637e-07,"15","ZNF292"
1.71493997124986e-11,1.26353786992919,0.295,0.138,5.09457217259197e-07,"15","VWA8"
1.79943129594312e-11,0.993121824591568,0.341,0.17,5.34557055085822e-07,"15","BABAM2"
1.84894211996834e-11,0.946815807710326,0.387,0.199,5.49265235578996e-07,"15","PRKCQ"
2.06979384996816e-11,1.28400485508988,0.263,0.116,6.14873659010043e-07,"15","SPG11"
2.22392754848062e-11,1.32569735528862,0.304,0.149,6.60662156827138e-07,"15","SND1"
2.57235267797028e-11,0.850015799813738,0.346,0.168,7.64168810044631e-07,"15","RAD51B"
2.72457907811631e-11,1.3445403705265,0.276,0.132,8.09390706736013e-07,"15","SPTAN1"
3.23679786036886e-11,1.06509589505088,0.364,0.19,9.61555540379779e-07,"15","HIVEP2"
3.47856729366571e-11,0.849757006193371,0.479,0.288,1.03337798592927e-06,"15","PAN3"
3.49033396478165e-11,0.910034181030274,0.3,0.139,1.03687351091769e-06,"15","ANKIB1"
3.58096637021725e-11,1.3837468564188,0.304,0.148,1.06379767960044e-06,"15","RSRC1"
3.85449737369152e-11,1.01785553056226,0.313,0.149,1.14505553480254e-06,"15","SPPL3"
4.65457360567322e-11,1.06546285795374,0.512,0.352,1.38273418103734e-06,"15","RAP1A"
4.66570695970129e-11,1.31454975973743,0.263,0.117,1.38604156651846e-06,"15","NF1"
4.73479855731518e-11,0.681328797909234,0.502,0.283,1.40656660742162e-06,"15","DPYD"
4.74066054091987e-11,0.833819858264974,0.35,0.172,1.40830802689106e-06,"15","FCHSD2"
4.77916312452075e-11,0.615473002386254,0.512,0.289,1.41974598940138e-06,"15","FTX"
4.8431486224491e-11,1.18052638246147,0.3,0.14,1.43875416127095e-06,"15","BACH2"
5.07923707426962e-11,1.39279238332173,0.281,0.134,1.50888895765328e-06,"15","ADNP"
5.21159641206048e-11,0.916598445550931,0.447,0.255,1.54820894613081e-06,"15","RASA2"
5.44920312102023e-11,1.10330325245129,0.382,0.218,1.61879477116148e-06,"15","ABI1"
5.45945525771738e-11,0.855068429754162,0.465,0.265,1.6218403734101e-06,"15","SIK3"
5.67052881779837e-11,1.29149354761448,0.272,0.126,1.68454399590336e-06,"15","CPSF6"
6.12000493615815e-11,1.15634754511281,0.327,0.162,1.8180698663845e-06,"15","RNF38"
6.37635461030031e-11,1.2457568256403,0.309,0.158,1.89422366408191e-06,"15","UBE3A"
7.14495473269865e-11,1.31093731920212,0.295,0.145,2.12255170244279e-06,"15","MICU2"
8.48122318627024e-11,0.986210570444901,0.401,0.224,2.5195169719453e-06,"15","NLRC5"
9.16506999770428e-11,1.01589548646458,0.502,0.329,2.72266734421801e-06,"15","CD96"
1.0926597044944e-10,0.365138945909543,0.783,0.526,3.2459641841415e-06,"15","ARHGAP15"
1.37774065176696e-10,1.13772001168032,0.295,0.143,4.0928541542041e-06,"15","SCAF8"
1.38494987119831e-10,1.0612644611467,0.341,0.181,4.11427058236881e-06,"15","WDR33"
1.42223566780347e-10,1.19130841023828,0.341,0.184,4.22503549834376e-06,"15","ASXL1"
1.44075535336587e-10,1.05187480193325,0.346,0.183,4.280051928244e-06,"15","RASGRP1"
1.46349685991617e-10,1.01133519281147,0.378,0.208,4.34761012175297e-06,"15","GNB1"
1.55552423291834e-10,0.95378282331518,0.392,0.216,4.62099583873051e-06,"15","TTC17"
1.56163967840458e-10,0.887270907082897,0.355,0.181,4.63916299263649e-06,"15","ARID2"
1.77192496149219e-10,1.18229827237837,0.3,0.147,5.26385748310486e-06,"15","FARS2"
2.15563131698207e-10,1.21855722741576,0.272,0.128,6.40373395335864e-06,"15","PPP3CB"
2.16283001577044e-10,0.954253843522541,0.488,0.323,6.42511912784925e-06,"15","SH3KBP1"
2.65707983603022e-10,1.03235009919792,0.313,0.157,7.89338706889497e-06,"15","STIM2"
2.72548961306299e-10,1.36322274429542,0.272,0.135,8.09661199352622e-06,"15","RNF115"
2.75096302759983e-10,1.35514048987479,0.323,0.176,8.17228586609082e-06,"15","RAB8B"
2.8438530078422e-10,1.18511338613729,0.309,0.158,8.44823413039683e-06,"15","TAF15"
2.85937639022218e-10,1.10980803367265,0.295,0.142,8.49434944243302e-06,"15","WDR70"
3.44430202315008e-10,1.17630595023997,0.387,0.234,1.02319880201719e-05,"15","TANK"
3.99566434359267e-10,1.03358040233429,0.419,0.25,1.18699200655107e-05,"15","RBM6"
5.35478097835983e-10,1.11541583219674,0.442,0.291,1.59074478524135e-05,"15","NCOR1"
5.69302169007845e-10,1.2172355656051,0.304,0.157,1.69122595347161e-05,"15","RBM33"
5.80591165382432e-10,1.11214446796058,0.369,0.214,1.72476217500159e-05,"15","SUCLG2"
6.00370057051702e-10,1.02721087034634,0.327,0.169,1.78351932848349e-05,"15","DLG1"
6.34909220471403e-10,1.19744278249756,0.276,0.133,1.8861248212544e-05,"15","RC3H1"
7.11616240651191e-10,0.985906265305596,0.295,0.145,2.11399836610249e-05,"15","ANKRD36"
8.39792471618119e-10,1.11498956255598,0.309,0.161,2.49477149543595e-05,"15","URI1"
8.4349044526425e-10,1.23402786886333,0.267,0.13,2.50575706574651e-05,"15","CNOT1"
8.87224677258865e-10,1.04763034727396,0.401,0.236,2.63567834873291e-05,"15","PCM1"
1.13087285006111e-09,1.28038890972445,0.341,0.193,3.35948397567653e-05,"15","DNAJC1"
1.22447665087028e-09,1.33510941957822,0.3,0.159,3.63755278674033e-05,"15","NFKB1"
1.33332570532664e-09,1.29433580875809,0.253,0.123,3.96091067281384e-05,"15","GTF2I"
1.4285032311994e-09,1.07658417400632,0.258,0.122,4.24365454892407e-05,"15","NBAS"
1.47735345159275e-09,0.890657336918669,0.373,0.208,4.38877389864658e-05,"15","DYRK1A"
1.50433364410647e-09,1.09200282020886,0.304,0.157,4.4689239565471e-05,"15","EHMT1"
1.52093298255305e-09,0.711910709138551,0.373,0.201,4.51823561127034e-05,"15","CARD11"
1.52426097423417e-09,0.807265864418817,0.424,0.249,4.52812207615745e-05,"15","PRKCB"
1.5905604255658e-09,1.18480749840102,0.258,0.124,4.72507785622831e-05,"15","CUL5"
1.6772728978894e-09,1.05808372146329,0.382,0.222,4.98267459776005e-05,"15","TLK1"
1.94486509939261e-09,0.931811831740917,0.373,0.206,5.77761075076562e-05,"15","ADK"
1.96257233657387e-09,1.09212241635919,0.258,0.122,5.83021364025999e-05,"15","SIDT1"
2.08293672333063e-09,1.02269528472928,0.327,0.175,6.1877801239983e-05,"15","PDS5A"
2.74491046008101e-09,0.878677910835784,0.406,0.243,8.15430550376266e-05,"15","TCF12"
2.8347860940311e-09,0.846806454290771,0.327,0.17,8.4212990495382e-05,"15","MYO5A"
3.03086604452191e-09,1.03220664454028,0.253,0.119,9.00379375846125e-05,"15","GMDS-DT"
3.22542551330565e-09,0.728263947802878,0.488,0.315,9.58177157237709e-05,"15","ANKRD11"
3.23742088689993e-09,1.06869826391234,0.355,0.205,9.61740622871362e-05,"15","GPATCH8"
3.27203035246545e-09,1.0019921201782,0.332,0.182,9.72022056806912e-05,"15","MLLT3"
4.16359829227734e-09,1.11466340708354,0.253,0.123,0.000123688014468683,"15","GIGYF2"
4.4477006744604e-09,0.875279776595688,0.309,0.162,0.000132127843936195,"15","NSD1"
4.58454020924287e-09,1.17905990840061,0.3,0.161,0.000136192935995978,"15","MAN1A2"
4.65260680407866e-09,0.946053194609242,0.281,0.14,0.000138214990328765,"15","CMIP"
4.82336796483363e-09,0.991494573713099,0.364,0.213,0.000143287792131313,"15","BRAF"
5.02724623177989e-09,0.744757259331904,0.424,0.25,0.000149344403807485,"15","DOCK2"
5.67139028164161e-09,0.778546571152857,0.401,0.233,0.000168479991096727,"15","HERC4"
6.26154041012074e-09,1.1073877256698,0.258,0.128,0.000186011580963457,"15","PDS5B"
6.37677477178881e-09,0.989542441418762,0.276,0.14,0.00018943484814553,"15","PIBF1"
6.75598821011646e-09,1.09010959303653,0.304,0.162,0.00020070014175793,"15","SMG1"
7.20755674166412e-09,0.549906687730024,0.544,0.353,0.000214114888124616,"15","PARP8"
7.52004454241403e-09,0.914086995274571,0.336,0.184,0.000223397963221494,"15","SETD2"
8.58153687165993e-09,1.0160476907191,0.309,0.166,0.000254931715846402,"15","PKN2"
9.11329132652322e-09,1.51691299916564,0.272,0.15,0.000270728545437025,"15","TNFRSF1B"
9.25061829281418e-09,0.89374980854261,0.35,0.198,0.000274808117624631,"15","SLC4A7"
9.34714577661897e-09,0.800659571431006,0.438,0.268,0.00027767565958602,"15","APBB1IP"
9.48111455899817e-09,0.575573262865285,0.544,0.354,0.000281655470204159,"15","UTRN"
9.80971726058207e-09,1.11459973170286,0.332,0.19,0.000291417270660111,"15","PYHIN1"
1.01362650655911e-08,0.974647472109193,0.327,0.178,0.000301118026303515,"15","ARFGEF1"
1.06283368384055e-08,1.22860634827968,0.263,0.137,0.000315736002458512,"15","ETNK1"
1.09705071882942e-08,1.14046885769877,0.318,0.178,0.000325900857042656,"15","SRSF4"
1.15388389206126e-08,1.18424170730176,0.286,0.152,0.000342784287814639,"15","PVT1"
1.21038669550877e-08,1.06499907340809,0.286,0.147,0.00035956957563479,"15","TNKS"
1.33690901282836e-08,1.19676340406505,0.295,0.157,0.00039715556044092,"15","NFATC2"
2.05500611049872e-08,0.5818859857912,0.359,0.194,0.000610480665245854,"15","ITPR2"
2.38012570273582e-08,0.963412268867713,0.258,0.128,0.000707063942511731,"15","BICRAL"
2.59451807140462e-08,0.959984224190694,0.263,0.131,0.000770753483472172,"15","PSME4"
2.67695000316377e-08,1.11011086947155,0.253,0.128,0.000795241537439861,"15","RANBP9"
2.98917575196647e-08,0.758589999567935,0.304,0.163,0.000887994440636679,"15","VAV3"
3.5412837186533e-08,1.03593991371513,0.253,0.126,0.00105200915430034,"15","MYO9B"
3.59548841205225e-08,1.2232736111916,0.295,0.165,0.00106811174256836,"15","VOPP1"
3.71661123335292e-08,0.624661443127461,0.378,0.213,0.00110409369909215,"15","LINC01619"
4.04608970828028e-08,0.793329985737489,0.323,0.176,0.00120197186963882,"15","CAMK2D"
4.25356219282177e-08,0.974416324565933,0.267,0.139,0.00126360572062156,"15","USP9X"
4.43506536754292e-08,1.1151628317369,0.286,0.156,0.00131752486873597,"15","SETD5"
4.57568364860623e-08,0.491309530868618,0.77,0.745,0.00135929834149145,"15","NEAT1"
4.65320395548452e-08,0.926256828293946,0.295,0.156,0.00138232729905579,"15","DIAPH2"
5.06390691079603e-08,1.19969749556204,0.258,0.138,0.00150433482599018,"15","PPP4R3A"
5.28876894201348e-08,0.937114450652464,0.346,0.202,0.00157113458960395,"15","ITGAL"
5.35662653691304e-08,1.18041869507896,0.276,0.149,0.00159129304532076,"15","SMARCC1"
5.57483972729879e-08,0.988274015857,0.263,0.138,0.00165611763778865,"15","WDR26"
5.7516417621028e-08,1.03837725239737,0.276,0.149,0.00170864021826788,"15","CREBBP"
6.81675100112998e-08,0.828348897765026,0.415,0.269,0.00202505221990568,"15","CCSER2"
7.29240278070926e-08,0.979109793289909,0.373,0.24,0.0021663540940653,"15","LSM14A"
8.0352717925924e-08,0.902690233768655,0.3,0.167,0.00238703819142542,"15","BRWD1"
9.08840848539815e-08,0.711698887260828,0.429,0.267,0.00269989350875723,"15","RUNX1"
1.07812909650824e-07,1.43150450992997,0.304,0.189,0.00320279810699702,"15","SLA"
1.12708620076879e-07,0.93867868839122,0.253,0.132,0.00334823497662384,"15","CHD6"
1.13972265888371e-07,0.755619833832351,0.355,0.209,0.00338577410274584,"15","SYNE1"
1.20781330314799e-07,0.979428869840035,0.313,0.178,0.00358805097966173,"15","SENP6"
1.24200146107474e-07,0.521888626768964,0.539,0.365,0.00368961374041473,"15","SMCHD1"
1.30752834220064e-07,0.999531778884468,0.263,0.139,0.00388427444617546,"15","SP3"
1.31461752921478e-07,0.75799726659008,0.3,0.166,0.00390533429403833,"15","NSMCE2"
1.46362673291894e-07,0.994677288655237,0.267,0.143,0.00434799593548228,"15","FTO"
2.36244814603133e-07,0.513294035056093,0.571,0.423,0.00701812470741528,"15","TNRC6B"
2.49877901539168e-07,0.848078371507819,0.313,0.179,0.00742312282102406,"15","TNRC6A"
2.82486958867019e-07,0.800370651673161,0.295,0.165,0.00839184008706254,"15","FNDC3A"
2.96643425729476e-07,0.960538865213453,0.355,0.226,0.00881238624814554,"15","RSF1"
3.2471839453777e-07,0.987550272366762,0.272,0.151,0.00964640934653354,"15","FUBP1"
3.46314440944154e-07,0.99134321259575,0.286,0.163,0.010287963097128,"15","KDM5A"
3.51799174004579e-07,0.908440188437675,0.369,0.235,0.010450898062154,"15","WAC"
3.60894714364187e-07,0.999786599071438,0.281,0.161,0.0107210992796169,"15","JPX"
4.57712835144422e-07,0.497834631748227,0.585,0.436,0.0135972751936353,"15","PIP4K2A"
4.75339013292913e-07,0.745018603193506,0.304,0.174,0.0141208960678926,"15","PDE4D"
5.15026072715193e-07,1.00381301772225,0.327,0.208,0.0152998795421502,"15","AKNA"
5.37181470381993e-07,0.955145505644082,0.323,0.192,0.0159580499406379,"15","GSK3B"
5.59023704436751e-07,0.978746212663316,0.346,0.225,0.0166069171877026,"15","PAFAH1B1"
5.65044144014043e-07,0.779550445014322,0.281,0.152,0.0167857663862252,"15","RFX3"
5.89542534501055e-07,0.806210957879576,0.258,0.139,0.0175135400724229,"15","PBRM1"
6.41930994227644e-07,0.869287306109413,0.341,0.208,0.0190698440455206,"15","GLG1"
6.79380826003793e-07,0.841235829717209,0.304,0.175,0.0201823661980947,"15","KIAA1109"
8.39345685703847e-07,0.652760335547291,0.29,0.159,0.0249344422852042,"15","RESF1"
8.54360637847163e-07,0.797669484176716,0.387,0.258,0.0253804914685257,"15","OGA"
9.46561248356354e-07,0.794297047030086,0.332,0.202,0.0281194950049222,"15","UBE2K"
9.65366127233748e-07,0.809596079354873,0.258,0.14,0.028678131541733,"15","ZNF652"
1.10579210573655e-06,0.882289693175284,0.276,0.157,0.0328497660851157,"15","UBR5"
1.177206206011e-06,0.578996119987973,0.401,0.256,0.0349712647619689,"15","PPP3CA"
1.20032977354953e-06,0.774430758705761,0.309,0.18,0.0356581965828358,"15","RERE"
1.42950793985882e-06,0.851085256394973,0.364,0.242,0.0424663923693859,"15","IQGAP1"
1.6177128670869e-06,0.948249488121533,0.309,0.188,0.0480573961425504,"15","ITGA4"
1.95960235463461e-06,0.737839152484354,0.336,0.206,0.0582139071491302,"15","UBAC2"
2.12741513566774e-06,0.921092771416275,0.263,0.151,0.0631991214352815,"15","KIF2A"
2.1627335455425e-06,0.698253168341082,0.359,0.232,0.0642483254374309,"15","CDK13"
2.47136971174013e-06,0.855156098211713,0.359,0.244,0.073416980026664,"15","TAOK3"
2.62539615492714e-06,1.02120355685951,0.295,0.187,0.0779926435744205,"15","PPHLN1"
2.79409080044495e-06,0.932551221832941,0.286,0.172,0.0830040554088183,"15","RBM26"
3.30536788763557e-06,0.739035156023044,0.355,0.229,0.0981925638379898,"15","SLC38A1"
3.31185642910387e-06,0.755736828994209,0.295,0.177,0.0983853189393887,"15","USP47"
3.32899152474277e-06,0.766175431210512,0.429,0.317,0.0988943512255335,"15","WIPF1"
3.48682812516999e-06,1.03140216861417,0.346,0.241,0.103583203114425,"15","STAT3"
3.91377517904948e-06,0.785644519944293,0.373,0.246,0.116266519244023,"15","SRPK2"
4.00175126819559e-06,0.671754787604236,0.258,0.144,0.118880024924286,"15","GPHN"
4.18512874226821e-06,0.746281229968371,0.47,0.376,0.124327619546562,"15","ARID4B"
4.63048498635594e-06,0.685746515288132,0.373,0.242,0.137557817489676,"15","KMT2C"
4.87413510817448e-06,0.934058863902609,0.272,0.161,0.144795931658539,"15","SETX"
5.46072129142483e-06,0.780251637912263,0.281,0.165,0.162221647404357,"15","DYM"
5.62210971079759e-06,0.689506963630313,0.295,0.176,0.167016013178664,"15","ATP2B4"
6.67905124021042e-06,0.786965641820548,0.309,0.191,0.198414575192931,"15","ETV6"
6.74637727666675e-06,0.756628554281593,0.281,0.165,0.200414629757939,"15","LRRC8C"
7.71639123705546e-06,0.856005730647351,0.3,0.186,0.229230834479206,"15","DIAPH1"
7.9540603570425e-06,0.787569558499244,0.295,0.178,0.236291271026661,"15","WWOX"
8.06935903047976e-06,0.776799276684332,0.313,0.2,0.239716448718462,"15","CELF1"
8.34662344928981e-06,0.523939411496681,0.387,0.247,0.247953142808052,"15","MED13L"
8.58586807254146e-06,0.893755251009329,0.253,0.147,0.255060382830989,"15","STAT5B"
1.05090973058919e-05,0.701332379306424,0.336,0.219,0.312193753666131,"15","VPS13C"
1.08420320831692e-05,0.842146087576789,0.267,0.159,0.322084247094708,"15","PPP3R1"
1.27344212224225e-05,0.608877073605909,0.258,0.147,0.378301451254506,"15","ZNF609"
1.32184563362898e-05,0.662439259664538,0.272,0.159,0.39268068238216,"15","MAP3K5"
1.37572509589697e-05,0.9863153809724,0.253,0.156,0.408686654238112,"15","CLDND1"
1.53731471004528e-05,0.507052712625353,0.442,0.299,0.456690080913151,"15","DOCK10"
1.6561106218607e-05,0.77306157284764,0.253,0.148,0.491980782436159,"15","STX8"
1.69162702660255e-05,0.850188440778116,0.276,0.17,0.50253164079282,"15","PSPC1"
1.72204254975381e-05,0.649306480206658,0.341,0.222,0.511567180255363,"15","ATF7IP"
1.7372977284521e-05,0.935635733010053,0.263,0.161,0.516099036191266,"15","LNPEP"
1.76827975476106e-05,0.880563795536353,0.309,0.203,0.525302866746869,"15","PPP3CC"
1.78422958734846e-05,0.625233243645618,0.323,0.204,0.530041083513608,"15","KAT6A"
1.83121041365401e-05,0.862183853014075,0.378,0.28,0.543997677584197,"15","GNAS"
2.12048400194451e-05,0.43947184642927,0.452,0.309,0.629932182457656,"15","SSH2"
2.14490597210787e-05,0.857083211583766,0.313,0.211,0.637187217134085,"15","SMAP2"
2.17744519462552e-05,0.769245037177588,0.253,0.149,0.646853643967405,"15","ZNF407"
2.28097940477241e-05,0.87263846807245,0.276,0.175,0.677610551775739,"15","PUM1"
2.39961719170254e-05,0.65639479312593,0.332,0.216,0.712854279139074,"15","NEK7"
2.53532344589431e-05,0.573497424806251,0.295,0.182,0.753168536071823,"15","STIM1"
2.55377412858107e-05,0.440143623044307,0.332,0.206,0.758649680377579,"15","PHTF2"
2.85018235458146e-05,0.64989005935038,0.253,0.148,0.846703672075514,"15","ATAD2B"
2.92981601756865e-05,1.00492630680118,0.253,0.158,0.870360444339118,"15","MARCH7"
3.08240925327591e-05,0.66988121397466,0.263,0.158,0.915691316870674,"15","SLC9A9"
3.10950416718137e-05,0.702122235653772,0.442,0.342,0.923740402944568,"15","SP100"
3.1752025611198e-05,0.99026099719077,0.267,0.171,0.943257424831858,"15","DNAJB14"
3.55355301925717e-05,0.925192797202408,0.263,0.166,1,"15","PTEN"
3.56363276626302e-05,0.690639249223892,0.253,0.148,1,"15","IKZF2"
4.27588888161971e-05,0.801402512933968,0.41,0.316,1,"15","RHOH"
4.41733585177115e-05,0.752177426944329,0.313,0.213,1,"15","CHD1"
4.51254265793892e-05,0.775184534877661,0.336,0.236,1,"15","ROCK1"
4.51894082850799e-05,0.6917284559206,0.493,0.417,1,"15","KMT2E"
4.92015946166508e-05,0.813210895361861,0.29,0.191,1,"15","ZFAND6"
5.22495558503236e-05,0.765167775393787,0.364,0.254,1,"15","STAT4"
5.24154313051685e-05,0.752468094098865,0.281,0.18,1,"15","CDK17"
6.50289218474337e-05,0.886554287797491,0.346,0.254,1,"15","CFLAR"
7.06813155898307e-05,0.428962130765198,0.406,0.277,1,"15","LPP"
7.29827325304385e-05,0.812619849513624,0.281,0.184,1,"15","NCOA3"
7.34015224113081e-05,0.705841966977109,0.258,0.156,1,"15","DOCK11"
9.23892700119016e-05,0.734883156636204,0.281,0.182,1,"15","ZNF644"
0.000102325176672113,0.551609194820474,0.313,0.204,1,"15","RICTOR"
0.000103110501064231,0.791642434161943,0.253,0.163,1,"15","CTNNB1"
0.000115199366728563,0.711538984595705,0.355,0.253,1,"15","BPTF"
0.000120037464290183,0.707243641453543,0.267,0.172,1,"15","MDM4"
0.000125550870463823,1.23537762522318,0.281,0.202,1,"15","ADGRE5"
0.000126747735955324,0.470325531441679,0.429,0.309,1,"15","BCL11B"
0.000130272587724656,0.758059044758819,0.258,0.163,1,"15","ADAM10"
0.000146586178013548,0.708355038103375,0.378,0.286,1,"15","EPC1"
0.000148630495843558,0.646120371123438,0.295,0.194,1,"15","KDM4C"
0.00015881362345856,0.710118977744743,0.281,0.184,1,"15","TUT4"
0.000162692420338322,0.479417232273072,0.544,0.46,1,"15","CDC42SE2"
0.000177003528760458,0.740380049301106,0.346,0.26,1,"15","VMP1"
0.000197643222144556,0.866914005862179,0.272,0.18,1,"15","INPP5D"
0.000202529773742503,0.633763853439762,0.313,0.216,1,"15","USP3"
0.000219173942093911,0.88362600173225,0.484,0.412,1,"15","CD247"
0.000277827967114488,0.474929968253824,0.304,0.2,1,"15","ERBIN"
0.000321857853015941,0.711815994115876,0.272,0.185,1,"15","MARCH6"
0.000489281687203758,0.680445940868949,0.272,0.181,1,"15","SENP7"
0.000527938102306417,0.867015238281305,0.276,0.194,1,"15","CNOT2"
0.000567627308386849,0.697310550934956,0.258,0.173,1,"15","PRPF4B"
0.000570364758501078,0.786197517205385,0.364,0.288,1,"15","SAMSN1"
0.000749486838099517,0.456596203593321,0.327,0.231,1,"15","DENND4A"
0.00082787541771326,0.739852213834324,0.41,0.348,1,"15","ARGLU1"
0.000899874922083992,0.898182352890278,0.272,0.198,1,"15","RALGAPA1"
0.000955446636510401,0.670007990348937,0.373,0.301,1,"15","LRRFIP1"
0.00102168659443749,0.794768463347152,0.327,0.259,1,"15","CSNK1A1"
0.00115666732562341,0.474823298915832,0.327,0.23,1,"15","JAZF1"
0.00115805356125405,0.630608580321707,0.359,0.282,1,"15","PPP1R12A"
0.00144375032162725,0.620898141985163,0.304,0.226,1,"15","XRCC5"
0.00146012328329842,0.607647174093763,0.3,0.221,1,"15","PHIP"
0.00151520654279105,0.589899146163088,0.272,0.193,1,"15","PREX1"
0.00159288452408883,0.346656019893756,0.488,0.411,1,"15","FOXP1"
0.00164633186765594,0.642070837206556,0.332,0.261,1,"15","AKAP9"
0.00205020229684114,0.571906764958634,0.318,0.241,1,"15","BBX"
0.00235281014233678,0.989180178043456,0.267,0.205,1,"15","UBXN4"
0.00257462328227952,0.643188609015428,0.332,0.264,1,"15","GNG2"
0.00266811614408907,0.56860657362316,0.465,0.436,1,"15","HNRNPC"
0.00367449020266821,0.599796153575318,0.429,0.375,1,"15","FAM49B"
0.00389553542487483,0.507697800427707,0.346,0.262,1,"15","PHACTR2"
0.00392753187595377,0.322234131337191,0.378,0.293,1,"15","JMJD1C"
0.00395328924726652,0.476849974713525,0.373,0.299,1,"15","USP15"
0.0042607565060149,0.81743254873213,0.253,0.188,1,"15","FKBP5"
0.00479477798629541,0.733837714874441,0.253,0.193,1,"15","SLTM"
0.00481492339317683,0.301655889220006,0.253,0.176,1,"15","USP25"
0.00507993281769275,0.659835793131296,0.253,0.186,1,"15","TMC8"
0.00698585220114287,1.23117264633394,0.276,0.231,1,"15","CYTOR"
0.00704390165993568,0.657798278602705,0.304,0.246,1,"15","TRA2A"
0.0076945730801098,0.400908650894452,0.323,0.252,1,"15","RBMS1"
0.00802078115390646,0.477192532717774,0.286,0.217,1,"15","STK10"
0,5.61539172006674,0.852,0.066,0,"16","IFI27"
0,5.52958915710258,0.841,0.075,0,"16","PMEL"
0,5.59071319875792,0.688,0.026,0,"16","MLANA"
0,6.58883771829385,0.55,0.011,0,"16","TFAP2A"
0,5.86067844864754,0.566,0.031,0,"16","TYRP1"
0,5.02481956016784,0.534,0.028,0,"16","GPNMB"
0,6.45520716298285,0.503,0.023,0,"16","DCT"
0,5.5344772370521,0.46,0.013,0,"16","MARCKS"
0,5.82929782330544,0.434,0.008,0,"16","NRP2"
0,5.4070483807484,0.397,0.011,0,"16","EDNRB"
0,7.8848537637659,0.386,0.002,0,"16","BHLHE41"
0,5.6832124756613,0.37,0.007,0,"16","MLPH"
0,11.3679696716621,0.36,0.001,0,"16","ANKRD30B"
0,6.75387468086138,0.333,0.003,0,"16","ABCB5"
0,6.89180915666402,0.28,0.002,0,"16","PRAME"
0,5.89441209947908,0.27,0.004,0,"16","TSPAN10"
1.94652796432945e-289,4.73494881884845,0.54,0.032,5.78255062363348e-285,"16","MITF"
1.17072625597632e-272,4.99188598622612,0.423,0.021,3.47787648862884e-268,"16","CTSK"
1.84515021790341e-252,5.30980408250594,0.534,0.037,5.48138775232566e-248,"16","SERPINE2"
2.52260546030343e-250,5.68433315853107,0.259,0.008,7.49390404092341e-246,"16","C11orf96"
1.01674429863549e-243,5.0505197038,0.423,0.024,3.02044228795645e-239,"16","HES1"
2.46245061784227e-227,4.61540357535842,0.317,0.013,7.31520205042404e-223,"16","RHOBTB3"
2.80804874122119e-219,4.50697045798311,0.27,0.01,8.34187039554578e-215,"16","ERBB3"
5.77655639983637e-200,4.09066613653383,0.265,0.01,1.71604160969939e-195,"16","SOX6"
1.65172885987234e-186,4.07575886532346,0.429,0.032,4.90679092402277e-182,"16","SOX4"
1.68469829436296e-181,4.813945479441,0.27,0.012,5.00473322306406e-177,"16","TCEAL9"
8.08891126503746e-178,4.38873884243157,0.487,0.045,2.40297286950468e-173,"16","S100A13"
6.97933862459859e-174,4.69285056237176,0.487,0.046,2.0733521252095e-169,"16","S100A1"
9.24499295867022e-162,3.92432243265794,0.534,0.059,2.74641005823216e-157,"16","ZNF106"
1.09426088187455e-159,3.87252724876953,0.381,0.029,3.25072080178472e-155,"16","TIMP2"
1.54354838263015e-159,4.50408850509134,0.296,0.017,4.58541918027939e-155,"16","TRPM1"
5.42038571780168e-154,5.48265467918296,0.254,0.013,1.61023398518734e-149,"16","CITED1"
2.13915830302316e-152,4.17158850735617,0.519,0.06,6.35479757079091e-148,"16","CHCHD6"
6.28333897714775e-151,3.3843914071639,0.286,0.017,1.86659150994128e-146,"16","ZNF704"
8.44297495522209e-151,4.52456829867132,0.333,0.024,2.50815456994782e-146,"16","CRYAB"
2.03615241859032e-146,3.83793338967199,0.481,0.052,6.04879798990625e-142,"16","BRI3"
1.64091945415428e-144,4.139811836287,0.296,0.019,4.87467942245613e-140,"16","QPCT"
1.30323196858862e-140,3.11058971270314,0.423,0.04,3.87151120908623e-136,"16","DST"
1.9845627012627e-137,3.57023650849422,0.328,0.025,5.8955404166411e-133,"16","SNCA"
4.2151478766393e-135,3.43396678140823,0.534,0.068,1.25219397971324e-130,"16","CD81"
1.42588937360845e-134,4.68426712206965,0.45,0.05,4.23588956217862e-130,"16","MGP"
2.50894204316255e-127,3.73593601016316,0.82,0.208,7.45331412762299e-123,"16","GSTP1"
2.05470061448737e-125,4.26062997464698,0.265,0.018,6.10389911545764e-121,"16","CTSL"
4.90424012592921e-124,4.34751254535427,0.28,0.02,1.45690261420979e-119,"16","TBC1D7"
1.50980763529265e-116,3.71219954829895,0.714,0.159,4.48518554216389e-112,"16","IFITM3"
1.34107792721004e-113,3.11109555529309,0.392,0.042,3.98394019836287e-109,"16","MXI1"
2.75455774400187e-111,3.43372337907885,0.349,0.035,8.18296469010635e-107,"16","CALD1"
1.60210073937751e-105,3.4057379111081,0.619,0.123,4.75936066646877e-101,"16","LGALS3"
3.16056009726869e-105,3.60175099014108,0.45,0.063,9.38907588095609e-101,"16","CD59"
1.45195475500574e-104,3.86570729575649,0.45,0.064,4.31332199069556e-100,"16","S100B"
1.60697907965476e-104,3.13251215052553,0.878,0.309,4.77385275193041e-100,"16","CD63"
5.31742591612278e-104,3.38743235425245,0.968,0.494,1.57964771690259e-99,"16","VIM"
7.23029875842135e-103,3.42943263907254,0.344,0.037,2.14790485216423e-98,"16","EPS8"
2.93006566759675e-101,3.94837500171382,0.27,0.023,8.70434607872965e-97,"16","BEX4"
1.85065660227908e-99,3.75554903379031,0.312,0.031,5.49774556839045e-95,"16","LGALS3BP"
1.46551736565115e-96,3.67178662411535,0.312,0.032,4.35361243813988e-92,"16","MFGE8"
1.46086173419843e-95,3.64528411133733,0.323,0.035,4.33978195378328e-91,"16","GRN"
8.47905740156336e-89,3.81441039947917,0.926,0.656,2.51887358228243e-84,"16","MT-ATP6"
1.1211399501892e-87,3.42319935295624,0.265,0.025,3.33057045002705e-83,"16","FEM1B"
4.50937059602214e-87,3.10463224842215,0.413,0.06,1.3395987229603e-82,"16","PTTG1IP"
1.09856544689798e-86,3.18877985867186,0.296,0.032,3.26350837309983e-82,"16","HPS5"
2.26230754605864e-85,2.98936574697325,0.349,0.044,6.72063702707641e-81,"16","ZFYVE16"
4.73596343577785e-84,3.23581349060933,0.577,0.129,1.40691265786653e-79,"16","TNFRSF14"
6.63333439669173e-84,3.08102430781604,0.577,0.125,1.97056464922521e-79,"16","ANXA5"
5.98728763658361e-79,3.44917978663968,0.889,0.626,1.77864353819989e-74,"16","MT-ND3"
1.264197997822e-78,2.75419638632392,0.942,0.73,3.75555299212981e-74,"16","MT-CO3"
1.6759698462676e-77,2.93662480567855,0.265,0.028,4.97880362230716e-73,"16","CLCN7"
1.7562077410717e-77,3.05532065386998,0.476,0.09,5.2171663364017e-73,"16","AP1S2"
8.98850698371568e-77,2.58982781629964,0.344,0.046,2.67021576965242e-72,"16","PLXNC1"
4.27463839364045e-73,2.80956135853355,0.915,0.757,1.26986682759877e-68,"16","MT-CO2"
2.13629302728929e-72,2.85810776733585,0.921,0.689,6.34628569616829e-68,"16","MT-CYB"
2.34876766550415e-72,3.30718009697982,0.503,0.107,6.97748410391319e-68,"16","IGFBP7"
1.19698911605421e-71,2.66825468211454,0.862,0.547,3.55589556706223e-67,"16","MT-ND1"
1.66495651337746e-64,2.76102876292444,0.614,0.177,4.94608631429041e-60,"16","RPS27L"
2.9001580926722e-64,2.97927452131534,0.381,0.068,8.61549964590131e-60,"16","IER5"
3.28738092496126e-63,2.57863164832084,0.889,0.664,9.76582251378243e-59,"16","MT-ND4"
6.19509630880389e-63,1.86767462217331,0.979,0.539,1.84037726045637e-58,"16","RPL9"
7.41357090141034e-60,1.93252266262634,0.926,0.786,2.20234950768197e-55,"16","MT-CO1"
1.68802851025418e-57,2.09635617619572,0.471,0.102,5.0146262954121e-53,"16","PLEKHA5"
1.51483246969053e-56,3.08064761422255,0.444,0.103,4.50011281770964e-52,"16","APOE"
4.94180339257937e-56,1.81109714081573,0.905,0.522,1.46806153383355e-51,"16","HSP90AA1"
5.28698506748955e-55,3.18596126019489,0.302,0.05,1.57060465399912e-50,"16","POLR2J3.1"
1.48934334417146e-54,2.34610532453507,0.783,0.416,4.42439227253016e-50,"16","MT-ND5"
6.52518020532116e-54,2.0483007227521,0.862,0.639,1.93843528359476e-49,"16","MT-ND2"
2.04320562432611e-53,2.29093529303114,0.254,0.035,6.06975094818556e-49,"16","CCDC88A"
5.18237622960094e-53,2.30659459447995,0.37,0.071,1.53952850652755e-48,"16","STX7"
7.81545964116052e-53,2.55348507512243,0.672,0.273,2.32173859559956e-48,"16","HSPA1A"
5.58674036162389e-51,2.45354173568787,0.571,0.186,1.65965295922761e-46,"16","HSPB1"
1.3938829333605e-50,3.25737370976785,0.27,0.043,4.14080803013403e-46,"16","CEBPD"
4.31255608346452e-49,2.84742472288754,0.397,0.092,1.28113103571481e-44,"16","IFI27L2"
9.05806425740569e-49,2.64923856759329,0.28,0.047,2.69087914894751e-44,"16","TRIB2"
1.08997098013689e-48,2.85684547951777,0.545,0.176,3.23797679069267e-44,"16","CSTB"
6.32429789247659e-47,2.56615329296368,0.275,0.047,1.87875917491802e-42,"16","RAP2B"
1.93719473226757e-45,3.33584576893103,0.254,0.042,5.75482439114727e-41,"16","ARL2"
5.39503988524261e-45,2.70179444053075,0.286,0.053,1.60270449870902e-40,"16","LAMP2"
3.55097730903268e-44,2.32769836455877,0.439,0.119,1.05488882919434e-39,"16","MT-ND4L"
6.19936843995123e-44,1.65206249122344,0.593,0.188,1.84164638245631e-39,"16","XIST"
1.61350367584078e-42,2.83155702988863,0.27,0.05,4.79323536982019e-38,"16","NDUFC1"
1.66947932769782e-42,2.36474249858642,0.381,0.092,4.9595222387919e-38,"16","RFC1"
2.06042796507939e-42,2.73242786727387,0.392,0.102,6.12091335586135e-38,"16","GLUL"
2.96413882702037e-41,2.02789631705153,0.603,0.236,8.80556721342941e-37,"16","JUND"
9.59179274284957e-41,2.55863779126833,0.386,0.1,2.84943387011832e-36,"16","IFI6"
2.49074197788702e-40,1.31705465910589,0.974,0.548,7.39924719370897e-36,"16","FTH1"
7.8701799759028e-40,2.88776056667461,0.82,0.745,2.33799436544144e-35,"16","NEAT1"
2.42819538844434e-39,2.48469478001633,0.519,0.185,7.2134400404516e-35,"16","PEBP1"
2.58953751349463e-38,1.95920103328838,0.265,0.049,7.69273909133848e-34,"16","CEP170"
3.50450597905723e-38,2.83511305108316,0.302,0.067,1.04108359119853e-33,"16","PTMS"
1.60916831478334e-37,1.87476384884399,0.503,0.161,4.78035631272685e-33,"16","CTNNB1"
2.00769439669348e-36,2.56073886979604,0.503,0.186,5.96425774425733e-32,"16","HEXIM1"
1.44471217594917e-35,2.3939959704397,0.376,0.104,4.29180646109221e-31,"16","POLR2F"
3.95622704947288e-33,1.77447306505377,0.291,0.065,1.17527636958691e-28,"16","WDFY1"
2.05660802160831e-32,2.2090385329184,0.381,0.114,6.1095654497918e-28,"16","LAPTM4A"
1.92451141463125e-31,2.50100639100078,0.296,0.073,5.71714605944506e-27,"16","H2AFJ"
3.46810347895734e-31,2.57523673207871,0.28,0.067,1.03026950049386e-26,"16","ASAH1"
5.43037687451149e-30,2.29231939287182,0.312,0.084,1.61320205811113e-25,"16","CEBPB"
7.89380713155344e-30,2.49936539685146,0.27,0.065,2.34501328457058e-25,"16","SELENOM"
8.94147966452117e-30,1.95359806947919,0.545,0.234,2.6562453639393e-25,"16","SDCBP"
9.3020808207326e-30,2.02918722188929,0.286,0.07,2.76336914941503e-25,"16","FBXO32"
1.24036597963943e-29,2.03273728747629,0.524,0.224,3.68475521571484e-25,"16","ATP6V1G1"
5.77447551609888e-29,1.15817412454083,0.799,0.451,1.71542344156749e-24,"16","HSP90AB1"
8.92008720193646e-29,1.56526287485404,0.72,0.395,2.64989030507926e-24,"16","SAT1"
9.51542950275986e-29,2.18367622848678,0.439,0.16,2.82674864238487e-24,"16","CTSD"
1.685074544713e-28,2.09356890777184,0.28,0.07,5.00585094997891e-24,"16","GPM6B"
6.29309808193409e-28,1.4021980948463,0.534,0.22,1.86949064720016e-23,"16","HSPA1B"
1.65108307175372e-27,1.66673648838021,0.259,0.061,4.90487248125877e-23,"16","ZKSCAN1"
2.85206604367344e-27,1.46837353688245,0.735,0.43,8.47263259594069e-23,"16","TOMM7"
9.4541594073373e-26,1.25181833871067,0.46,0.163,2.80854713513769e-21,"16","ZEB2"
8.10473383484143e-25,1.81185966161944,0.481,0.206,2.40767328031634e-20,"16","ANXA2"
9.1291221569976e-25,2.27610704705858,0.328,0.105,2.71198831917928e-20,"16","PHPT1"
1.33746584931571e-24,2.49388923607533,0.259,0.07,3.97320979856217e-20,"16","TKT"
2.05620824412698e-24,1.75202801568321,0.481,0.202,6.10837783082802e-20,"16","ATP1A1"
3.91845724665778e-24,2.08881645366926,0.392,0.143,1.16405609426463e-19,"16","MGST3"
4.7843490697884e-24,1.87877136958642,0.593,0.334,1.42128657816204e-19,"16","ZFP36L1"
6.64129481923769e-24,1.8504068665747,0.439,0.178,1.97292945195094e-19,"16","ZFAND5"
1.66260710396163e-23,2.32582649762228,0.376,0.137,4.93910692373881e-19,"16","NDUFC2"
3.38931294866695e-23,2.25775837161933,0.296,0.093,1.00686319766049e-18,"16","SGK1"
9.1967146618472e-23,2.16042886392852,0.27,0.079,2.73206802459495e-18,"16","H1FX"
1.03467156588404e-22,2.11749378029688,0.312,0.101,3.07369882077173e-18,"16","RNH1"
3.35917836314608e-22,1.6970316059736,0.265,0.074,9.97911116339806e-18,"16","FAM126A"
4.4893326317775e-22,0.93273810956362,0.921,0.549,1.33364604492214e-17,"16","RPL37"
2.650032259076e-21,1.59857909080971,0.413,0.161,7.87245083203708e-17,"16","HP1BP3"
3.46774200331228e-21,1.74531867839018,0.328,0.111,1.03016211692398e-16,"16","UBL3"
6.46166021136425e-21,1.51001552672072,0.296,0.091,1.91956539898998e-16,"16","MGA"
8.08596554623432e-21,2.60689021824302,0.339,0.126,2.40209778481983e-16,"16","KCNQ1OT1"
1.08872192960452e-20,1.80000981517977,0.423,0.179,3.23426623627615e-16,"16","PSAP"
4.89836897214935e-20,1.44468158538341,0.513,0.248,1.45515847055641e-15,"16","WSB1"
6.38391890297281e-20,1.80020902325048,0.481,0.232,1.89647078850613e-15,"16","POLR2L"
7.45446351827895e-20,2.01067358291035,0.423,0.192,2.21449747737513e-15,"16","TXN"
8.92765026734591e-20,2.14193972453634,0.344,0.13,2.65213706492045e-15,"16","STMN1"
1.40085682693616e-19,2.16831507224006,0.36,0.143,4.16152537577924e-15,"16","NDUFB4"
1.62963491634382e-19,1.0358319895623,0.82,0.488,4.84115644598259e-15,"16","NACA"
3.35390372032625e-19,1.5592028481215,0.577,0.324,9.96344178197318e-15,"16","BRD2"
3.83348283627423e-19,1.45750114583333,0.466,0.214,1.13881274617198e-14,"16","SRRM1"
2.8470881395192e-18,1.30540335825716,0.63,0.403,8.4578447360697e-14,"16","FUS"
3.43131707426562e-18,0.595075092972672,0.28,0.085,1.01934136325209e-13,"16","FMN1"
4.62668612805569e-18,1.54826179548231,0.561,0.304,1.3744496480615e-13,"16","NDUFA4"
1.7460856844603e-17,1.76144187222618,0.333,0.131,5.18709674282621e-13,"16","GNG5"
6.83166749274778e-17,0.863460622846942,0.878,0.531,2.02948346207058e-12,"16","RPL29"
3.65449093889198e-16,1.50833087673901,0.481,0.254,1.08563962321664e-11,"16","S100A11"
5.81582959247153e-16,2.2586587121506,0.254,0.088,1.72770849703552e-11,"16","GSTO1"
1.21444054763811e-15,1.62608204270393,0.429,0.217,3.60773853486852e-11,"16","SEPT7"
2.89252179024851e-15,1.25617704109961,0.466,0.232,8.59281448229123e-11,"16","SRRM2"
3.02549276016504e-15,1.03418751568075,0.667,0.426,8.98783134262228e-11,"16","JUN"
3.78281142201394e-15,1.83286360036303,0.402,0.194,1.12375978913768e-10,"16","SQSTM1"
6.90307344928897e-15,0.961073308387618,0.788,0.499,2.05069602958027e-10,"16","SERF2"
1.93715397348441e-14,1.52355311398549,0.45,0.236,5.75470330903012e-10,"16","EIF5"
2.05456760906415e-14,1.35405994196658,0.561,0.318,6.10350399624688e-10,"16","LGALS1"
6.00434273163043e-14,0.744090295389964,0.714,0.462,1.78371009528545e-09,"16","FOS"
6.49663561886858e-14,0.727581545766759,0.905,0.569,1.92995554329729e-09,"16","RPS24"
1.87459247339008e-13,1.53804501446661,0.508,0.299,5.56885186069992e-09,"16","INTS6"
2.40624958423401e-13,1.13597938439566,0.593,0.371,7.14824563988398e-09,"16","SRSF3"
2.67743759997685e-13,2.09948398069216,0.27,0.109,7.95386387825124e-09,"16","PFDN2"
3.16111637085543e-13,0.799389640466406,0.81,0.527,9.39072840290021e-09,"16","RPL7A"
5.32329546578365e-13,0.69791346249058,0.91,0.548,1.58139138402035e-08,"16","RPL37A"
1.01376928630902e-12,0.776255264220084,0.434,0.216,3.01160441883822e-08,"16","LYST"
1.31485918460493e-12,1.12054626678333,0.365,0.167,3.90605217970586e-08,"16","TTC3"
1.53283294418859e-12,1.70288064218899,0.27,0.11,4.55358682730104e-08,"16","SNHG7"
2.56055076471326e-12,1.74103441325696,0.302,0.134,7.60662815673368e-08,"16","EIF1B"
2.78429349940588e-12,1.36381989524632,0.296,0.126,8.27130069868505e-08,"16","GABPB1-AS1"
4.7872557742658e-12,1.60464976897647,0.349,0.176,1.42215007286114e-07,"16","EID1"
7.74543779913742e-12,1.26404172854079,0.381,0.196,2.30093720698975e-07,"16","SET"
9.98261960072127e-12,1.24793287588307,0.291,0.124,2.96553680478627e-07,"16","GOLGB1"
1.21175578188968e-11,1.02263459382242,0.63,0.454,3.59976290125966e-07,"16","HNRNPA2B1"
1.33468506903865e-11,1.1956456510049,0.476,0.278,3.96494893459313e-07,"16","HSPE1"
1.89379727196502e-11,1.92523551938249,0.259,0.116,5.62590355582648e-07,"16","PYURF"
1.98084812212261e-11,1.85076733971944,0.296,0.137,5.88450551638963e-07,"16","SF3B6"
3.24406814582672e-11,1.24230396719866,0.317,0.149,9.63715324080743e-07,"16","TMED10"
3.93495794799853e-11,1.51387645374066,0.344,0.175,1.16895795761192e-06,"16","CBX3"
4.37041140636121e-11,0.785768238111016,0.958,1,1.29831811648773e-06,"16","MALAT1"
5.95726313579822e-11,1.48675466037228,0.302,0.14,1.76972415975158e-06,"16","SLC3A2"
6.47497258321484e-11,1.13262090252134,0.354,0.173,1.92352010529563e-06,"16","EIF3A"
7.4541572201053e-11,1.43627369133626,0.381,0.2,2.21440648537668e-06,"16","TMEM258"
1.04250158210931e-10,0.813161433342082,0.635,0.432,3.09695944997213e-06,"16","H3F3A"
1.04664986422748e-10,0.680354971857001,0.815,0.522,3.10928275166056e-06,"16","RPL24"
1.27729767997972e-10,1.06074736140862,0.487,0.285,3.79446821791575e-06,"16","SFPQ"
1.28168047421416e-10,1.11047879408417,0.333,0.161,3.807488184748e-06,"16","SLC38A2"
1.33292053156355e-10,1.52709124470078,0.259,0.113,3.95970702311583e-06,"16","PHLDA1"
2.38181592732327e-10,0.996735527242812,0.577,0.379,7.07566057529923e-06,"16","SRSF7"
2.57001498808783e-10,1.49852044563848,0.397,0.223,7.63474352511252e-06,"16","PRDX1"
2.68139704636049e-10,0.588007616142255,0.852,0.541,7.9656262056231e-06,"16","RPL14"
2.76028309044255e-10,1.86182208172275,0.27,0.126,8.19997297677768e-06,"16","DYNLRB1"
3.69732673130921e-10,1.1494172524557,0.476,0.287,1.09836485207003e-05,"16","ELOB"
4.45227165184271e-10,0.676204042858892,0.349,0.165,1.32263633961291e-05,"16","PTEN"
4.80242917059228e-10,1.4275377348074,0.418,0.251,1.42665763370785e-05,"16","SLC25A3"
9.46415899525419e-10,1.22080063624545,0.376,0.206,2.81151771272016e-05,"16","HSPD1"
9.60641255368662e-10,1.06668844034385,0.381,0.205,2.85377697732369e-05,"16","RSRC2"
1.54598842797089e-09,0.374769630533565,0.989,0.611,4.59266782297312e-05,"16","RPLP1"
1.81753080465442e-09,1.12251233260891,0.45,0.259,5.39933876138689e-05,"16","VMP1"
2.53628439115332e-09,0.463466364749759,0.915,0.548,7.53454004079916e-05,"16","RPS4X"
2.77946650293553e-09,0.837800182018002,0.254,0.11,8.25696114027057e-05,"16","QKI"
2.99561306691107e-09,1.17133642678299,0.455,0.279,8.89906773787272e-05,"16","GNAS"
3.58037316763145e-09,1.71554195699494,0.307,0.162,0.000106362145690827,"16","UQCR10"
3.62953372445672e-09,1.31546397582287,0.344,0.187,0.000107822558352436,"16","PPP1R10"
3.80885659867326e-09,0.894181980434794,0.571,0.394,0.000113149702976787,"16","SRP14"
5.57790379894938e-09,1.17844718830771,0.392,0.223,0.000165702788155389,"16","MT2A"
6.59429761975944e-09,1.07120613383156,0.497,0.333,0.000195896799390194,"16","ZFAS1"
1.14200771177225e-08,1.67497314171696,0.254,0.122,0.000339256230936182,"16","TYMP"
1.49141244664262e-08,1.89623963100869,0.265,0.134,0.000443053895524122,"16","DSTN"
1.55485297917956e-08,1.66569824871757,0.307,0.168,0.000461900174524871,"16","TOB1"
1.84977807879586e-08,0.96812459357406,0.746,0.547,0.000549513573867888,"16","S100A6"
1.89286693113324e-08,1.39437564512531,0.376,0.222,0.000562313979231751,"16","SNHG8"
2.14151643571751e-08,1.30300081634048,0.286,0.144,0.0006361802875586,"16","NASP"
2.27502418100242e-08,1.22253202730354,0.407,0.257,0.00067584143345039,"16","NCL"
2.57380190815768e-08,0.903227036323443,0.27,0.13,0.000764599332856401,"16","RNMT"
2.66650592508043e-08,1.41707291892368,0.27,0.135,0.000792138915163642,"16","RTF1"
3.70367422171748e-08,0.508351089099532,0.862,0.548,0.00110025050104561,"16","RPL36"
3.95655634863667e-08,1.33788640291158,0.317,0.176,0.00117537419448949,"16","MZT2B"
4.73508538069128e-08,0.665005865703805,0.725,0.499,0.00140665181404196,"16","RPL22"
7.24135143861728e-08,1.35363894437133,0.275,0.143,0.00215118827187003,"16","DYNC1H1"
8.04981067061177e-08,0.935779135276085,0.302,0.154,0.00239135725591864,"16","PNN"
9.28143060925656e-08,1.10408882603805,0.534,0.383,0.00275723459109185,"16","SKP1"
1.10760168957144e-07,0.442656113463894,0.894,0.551,0.00329035233920989,"16","RPL12"
1.14499155373362e-07,1.08050714745609,0.365,0.219,0.00340142640867646,"16","COX5B"
1.40215382162692e-07,1.4312012063339,0.317,0.183,0.00416537835790708,"16","DBI"
1.59256966261407e-07,1.33565304885616,0.28,0.15,0.00473104669672761,"16","VPS28"
1.63350434383098e-07,0.848518453350126,0.455,0.289,0.00485265135421868,"16","IFI16"
1.66716434614845e-07,0.549956832757349,0.751,0.538,0.00495264512310321,"16","ACTG1"
1.85072916143302e-07,0.792144990625475,0.534,0.378,0.00549796111986907,"16","EIF4A2"
2.20689528483593e-07,1.60339206687136,0.254,0.135,0.0065560238226621,"16","NDUFB7"
3.24645117953015e-07,1.46331426754131,0.27,0.147,0.00964423251903023,"16","ATP6V0B"
3.28255541158022e-07,0.370753659780719,0.857,0.55,0.00975148736118135,"16","RPL8"
3.5651899724477e-07,0.566277372641178,0.265,0.127,0.0105911098511504,"16","SPAG9"
3.63658038373311e-07,1.39470128463707,0.307,0.175,0.0108031893459559,"16","GPX4"
4.38338535579413e-07,1.30598113924352,0.429,0.297,0.0130217228764576,"16","COX6C"
4.52483507792656e-07,1.03614660803746,0.376,0.232,0.0134419275659964,"16","EIF4G2"
4.63344474104924e-07,1.31410515725479,0.296,0.167,0.013764574292235,"16","ST13"
4.72675590249295e-07,1.41284482093307,0.307,0.173,0.0140417737595358,"16","SYF2"
5.09027516861095e-07,1.2922195353764,0.259,0.138,0.0151216804433926,"16","SEPT9"
5.72801921068895e-07,0.539113217172573,0.508,0.337,0.0170162266691937,"16","LMNA"
5.81703188689228e-07,0.285418269671434,0.847,0.52,0.0172806566263909,"16","FTL"
5.97389452968221e-07,0.861632834471476,0.259,0.132,0.017746648479327,"16","IVNS1ABP"
8.10380456473033e-07,1.70995087529075,0.291,0.173,0.0240739722204444,"16","EIF5A"
9.24460960751377e-07,1.12966155635254,0.392,0.246,0.0274629617610412,"16","RAN"
1.12343630019879e-06,1.09620167471669,0.302,0.171,0.0333739221700053,"16","EIF4B"
1.28504866684834e-06,0.790280649807535,0.603,0.466,0.0381749407460637,"16","HMGB1"
2.40690167008411e-06,0.835913838013034,0.333,0.198,0.0715018279131887,"16","YWHAE"
2.80520401713495e-06,1.15579998902385,0.28,0.157,0.0833341957370278,"16","HNRNPH3"
2.91026316518902e-06,1.47147721251527,0.259,0.146,0.0864551878482703,"16","SELENOH"
2.96675671857267e-06,1.47582629460022,0.307,0.191,0.0881334418386384,"16","ATP5PF"
2.97195585020745e-06,1.25223320906338,0.259,0.143,0.0882878924421126,"16","EIF1AX"
3.00795547507331e-06,1.34075797084304,0.254,0.138,0.0893573332980029,"16","PDCD6"
3.08183138576091e-06,0.622319199846639,0.519,0.376,0.0915519649767993,"16","FOSB"
3.77132220191742e-06,1.236737963514,0.349,0.226,0.112034668652361,"16","TRMT112"
4.03534039340233e-06,1.03002805901764,0.302,0.174,0.119877857066803,"16","IFRD1"
5.485998795105e-06,1.02145099878075,0.307,0.188,0.162972566206184,"16","HSPH1"
5.80370067802117e-06,0.795319999113912,0.397,0.259,0.172410536041975,"16","PCBP2"
6.23513629331536e-06,0.325202479157422,0.899,0.569,0.185227193865519,"16","RPL30"
6.68888119277306e-06,1.39827341369524,0.328,0.211,0.198706593593709,"16","COX8A"
6.91358050360892e-06,1.07848582097468,0.45,0.333,0.20538173602071,"16","ATP5MC2"
9.09825936214017e-06,0.980114366238087,0.333,0.205,0.270281990871098,"16","SPCS1"
1.02309479446117e-05,0.773974691590323,0.354,0.223,0.30393077059058,"16","C6orf62"
1.37263748452681e-05,0.739509167760991,0.656,0.467,0.407769417528378,"16","ATP5F1E"
1.42020238829876e-05,0.783831418736571,0.254,0.141,0.421899523491911,"16","NABP1"
1.42721682384538e-05,0.482178705481667,0.259,0.139,0.423983301859747,"16","PBRM1"
1.46527643629392e-05,0.821091609200191,0.317,0.189,0.435289670929834,"16","YME1L1"
1.52983904223881e-05,0.32877587282441,0.64,0.433,0.454469284277882,"16","DYNLL1"
1.78893112856241e-05,1.01817469336233,0.413,0.292,0.531437770362035,"16","SUMO2"
1.80786951282219e-05,1.04421905659791,0.354,0.236,0.537063796174087,"16","RAC1"
2.22224796682769e-05,0.251962558948347,0.926,0.569,0.660163203505502,"16","RPS15"
2.39506784953599e-05,1.24340735097397,0.291,0.188,0.711502806061658,"16","ATP5MD"
2.41268135235958e-05,0.619509484695198,0.254,0.14,0.71673524934546,"16","U2SURP"
2.56589142886071e-05,0.360963811131628,0.847,0.541,0.762249366771652,"16","RPL35"
3.57803422422366e-05,1.18651459350254,0.254,0.151,1,"16","TIMP1"
3.66791914664972e-05,1.21285219416688,0.254,0.155,1,"16","NDUFB1"
4.45624675252845e-05,1.24586061272895,0.265,0.163,1,"16","PRDX5"
4.77735998042864e-05,0.314432798390276,0.762,0.506,1,"16","RPL38"
5.42512773361158e-05,0.739462656887167,0.481,0.358,1,"16","SRSF2"
5.72209533591269e-05,0.904042396588872,0.296,0.182,1,"16","TMBIM4"
7.00389967235671e-05,0.558485017681854,0.333,0.202,1,"16","ANKRD28"
7.16982063489303e-05,0.822060006669149,0.376,0.258,1,"16","PTGES3"
7.97528355790661e-05,0.944639082451273,0.392,0.273,1,"16","EIF4A1"
8.45177246451509e-05,1.28566425767453,0.259,0.159,1,"16","TUBB"
0.000109585097558191,0.73006647067632,0.466,0.344,1,"16","TUBA1B"
0.000120381192147148,0.82460143417147,0.265,0.163,1,"16","KIF5B"
0.00013853186569339,0.348626948122036,0.476,0.324,1,"16","DDX17"
0.000157916990164987,1.1351984151084,0.265,0.169,1,"16","ATP5MF"
0.000162353354912525,0.802320189909991,0.402,0.282,1,"16","SOD1"
0.000203316055290067,0.858806332033196,0.328,0.225,1,"16","ATP5MPL"
0.000205651990719015,1.04195261375144,0.328,0.227,1,"16","PARK7"
0.000224470380258576,0.65825499907617,0.561,0.438,1,"16","NPM1"
0.000292338041741443,0.882668191520775,0.349,0.245,1,"16","NDUFS5"
0.000306292175691961,0.561454603667097,0.317,0.204,1,"16","NUCKS1"
0.000307323424063797,0.990477565561689,0.259,0.17,1,"16","MRPS21"
0.000321624460663544,0.777429801744248,0.376,0.268,1,"16","HNRNPA3"
0.000420728145815747,0.772187753303794,0.423,0.302,1,"16","HNRNPU"
0.000483742887828657,1.04384768919898,0.381,0.284,1,"16","UQCRH"
0.000641446623504799,0.640616175383742,0.429,0.332,1,"16","SRSF5"
0.000736612135761041,0.671984800450541,0.259,0.166,1,"16","SRSF10"
0.000772218807243802,0.658993324693747,0.497,0.414,1,"16","PPIA"
0.000805195908489137,0.326654350403226,0.704,0.507,1,"16","RPLP0"
0.000885895818314937,0.633085864380536,0.392,0.291,1,"16","TMBIM6"
0.000939433626081701,0.592973328541497,0.27,0.175,1,"16","RBBP6"
0.00100430816674051,0.90824317802532,0.328,0.24,1,"16","SERBP1"
0.00133411199723706,0.654086535928957,0.429,0.319,1,"16","DDX3X"
0.00234510167879567,0.348500072009179,0.296,0.201,1,"16","PRMT2"
0.00239368688883654,0.464617785696783,0.37,0.271,1,"16","PNISR"
0.00425552770940866,0.451447940550256,0.481,0.384,1,"16","RSRP1"
0.0045549780850887,0.470765196078189,0.503,0.42,1,"16","CIRBP"
0.00484393078945526,0.359686781570823,0.444,0.33,1,"16","SRSF11"
0.00531007802379509,0.675481635775799,0.402,0.319,1,"16","NAP1L1"
0.00548024968094746,0.78738539325913,0.27,0.195,1,"16","HSP90B1"
0.00551815907379848,0.382424325385725,0.429,0.331,1,"16","LDHA"
0.00600916275952046,0.505701732774865,0.487,0.381,1,"16","S100A10"
0.00709528686404096,0.559151756340258,0.275,0.197,1,"16","UBE2B"
0.00762956827310495,0.824000125545698,0.286,0.22,1,"16","TSPO"
0.00790895701377321,0.87245616092915,0.307,0.24,1,"16","HMGN1"
0,5.11140887453185,0.684,0.032,0,"17","PDE7B"
0,5.81337592282146,0.301,0.005,0,"17","LINC02341"
0,6.82920666669736,0.265,0.003,0,"17","ST6GALNAC5"
1.63326299591059e-295,5.78191058857361,0.368,0.01,4.8519343819516e-291,"17","PTCHD1-AS"
1.59654217376737e-293,5.27555623084031,0.551,0.025,4.74284783561073e-289,"17","LHFPL6"
6.53723433881322e-277,5.10715815838127,0.324,0.008,1.94201620503124e-272,"17","AL138828.1"
3.23426148726219e-207,4.62028098945486,0.522,0.032,9.60802060020979e-203,"17","CDK14"
9.38129648510049e-193,4.99272873983378,0.316,0.012,2.7869017468288e-188,"17","CYP7B1"
4.46309061542457e-179,4.02559299290475,0.846,0.11,1.32585032912418e-174,"17","DLEU1"
3.7039010507664e-168,4.55329353335833,0.478,0.034,1.10031788515117e-163,"17","CPM"
9.8281858439486e-153,3.8201516966655,0.919,0.162,2.91965916866181e-148,"17","TSHZ2"
1.78392985277366e-148,3.84773643817347,0.471,0.036,5.29952041363471e-144,"17","AL109930.1"
9.07175116821196e-119,4.19829130673754,0.309,0.019,2.69494511954073e-114,"17","MRC2"
6.47596969101004e-117,3.73449682014688,0.676,0.099,1.92381631610835e-112,"17","SESN3"
7.77589430498285e-113,4.32322177275074,0.25,0.013,2.30998492118126e-108,"17","DLEU7"
7.93408542120453e-100,2.97897866626848,0.86,0.201,2.35697875607723e-95,"17","DLEU2"
7.63469608865482e-97,2.89240650573408,0.926,0.253,2.26803916705669e-92,"17","TOX"
3.50753388974505e-91,2.82962824165376,0.846,0.2,1.04198309262656e-86,"17","PAM"
2.29824763803164e-89,2.56198752385283,0.919,0.243,6.8274042583006e-85,"17","LDLRAD4"
2.03953501612856e-77,3.4765090762673,0.301,0.028,6.05884667241313e-73,"17","GCNT2"
6.33373925047758e-75,3.27179941023436,0.75,0.197,1.88156391913937e-70,"17","RBPJ"
1.19297750081705e-73,3.14303314970335,0.434,0.06,3.54397826167722e-69,"17","ENTPD1"
6.61224836518559e-73,3.43305901550467,0.279,0.025,1.96430062184568e-68,"17","AP000787.1"
1.57913889410552e-72,2.99369797381304,0.559,0.098,4.69114791271926e-68,"17","DGKH"
2.09138347446099e-72,3.93044988365454,0.279,0.026,6.21287288758126e-68,"17","BTLA"
2.11112218364846e-72,2.63338828329812,0.86,0.284,6.27151067096449e-68,"17","NR3C1"
2.84709377286094e-69,3.46277642460432,0.301,0.031,8.457861471038e-65,"17","ST6GALNAC3"
1.36254055060624e-65,3.14013049219132,0.324,0.037,4.04769921368596e-61,"17","GAB2"
9.79575406060145e-62,2.02607263663272,0.86,0.258,2.91002465878287e-57,"17","PHACTR2"
2.31926794751106e-59,2.69926768807839,0.529,0.104,6.88984929167112e-55,"17","HIVEP1"
5.475102518353e-55,2.71558762886414,0.412,0.068,1.62648870512713e-50,"17","TIAM2"
2.24987405364995e-54,2.63580512376704,0.463,0.086,6.68370085117791e-50,"17","CSGALNACT1"
8.38076868137287e-54,2.54327254732042,0.551,0.122,2.48967495217544e-49,"17","ST8SIA1"
3.93292483540726e-53,2.43487175017957,0.485,0.096,1.16835398085444e-48,"17","CDK6"
1.7668864578122e-52,1.95570863022315,0.816,0.273,5.24888960022271e-48,"17","ELMO1"
1.88503390105284e-52,2.76814607492965,0.324,0.044,5.59987020985768e-48,"17","AC053513.1"
2.56702138038275e-52,2.00287503525717,0.868,0.316,7.62585041470303e-48,"17","ATXN1"
2.04960879846322e-51,3.0729227578017,0.316,0.044,6.08877285759468e-47,"17","CARMIL1"
7.16353433494017e-51,3.02887101189585,0.309,0.043,2.12807114488067e-46,"17","TOX2"
2.27408936500939e-49,2.7683058293965,0.279,0.036,6.75563727663339e-45,"17","BMERB1"
2.45354030544351e-49,2.67691658017849,0.632,0.185,7.28873218538103e-45,"17","FKBP5"
2.0987142297792e-48,2.31709163009828,0.676,0.199,6.23465036240508e-44,"17","FUT8"
8.71898652355948e-47,2.98496049701511,0.287,0.04,2.59014932655382e-42,"17","CHN1"
1.60530089684114e-46,2.3590329440667,0.713,0.251,4.76886737424596e-42,"17","STAT4"
4.17909963447642e-46,2.32393190441226,0.463,0.096,1.24148512841391e-41,"17","AGFG1"
9.04864463323426e-46,2.1723646788394,0.368,0.062,2.6880808611949e-41,"17","FHIT"
1.03936589958816e-45,1.88731705877649,0.713,0.222,3.08764427790656e-41,"17","MSI2"
7.4482552115044e-44,1.92927454425305,0.735,0.256,2.21265317568161e-39,"17","RNF19A"
2.04060732649789e-42,2.19210376473318,0.5,0.119,6.06203218482728e-38,"17","CD226"
3.04382175554334e-42,2.0436554378654,0.684,0.225,9.0422812891926e-38,"17","ZEB1"
8.57676989687653e-42,1.69753816414645,0.882,0.397,2.54790103326511e-37,"17","RABGAP1L"
2.30340379601116e-41,2.06048300619072,0.632,0.192,6.84272165681036e-37,"17","NCALD"
4.37034228299446e-40,2.84799688544151,0.279,0.043,1.29829758200916e-35,"17","PKIA"
4.99003521839744e-40,1.97293255981855,0.574,0.155,1.48238976232933e-35,"17","TRPS1"
2.07457263991321e-39,2.27691282868827,0.353,0.066,6.16293294139016e-35,"17","CCDC141"
3.86234233800777e-39,2.51202202933287,0.324,0.057,1.14738603835197e-34,"17","ACVR2A"
1.30205194606479e-38,3.02786226532108,0.331,0.064,3.86800571617467e-34,"17","PGM2L1"
1.83118767343746e-38,2.36848252550689,0.404,0.088,5.43990922148066e-34,"17","TTN"
8.39620115111919e-38,3.19016635526414,0.257,0.039,2.49425947596298e-33,"17","RBMS3"
1.47547948895471e-37,1.88226130212426,0.75,0.316,4.38320691783777e-33,"17","MYCBP2"
3.51977482782319e-37,1.80246776036251,0.618,0.189,1.04561950810144e-32,"17","XIST"
4.78778590675193e-37,1.78831397716553,0.618,0.189,1.42230755931879e-32,"17","ETV6"
2.34883974068979e-36,1.63614626651419,0.794,0.331,6.97769821766716e-32,"17","INPP4B"
5.93542919150425e-36,1.64092723633659,0.662,0.217,1.76323794992017e-31,"17","PTPRJ"
1.3467053419701e-35,1.86702097090304,0.559,0.158,4.00065755939057e-31,"17","SEPTIN6"
1.38801208398632e-35,1.81756400508309,0.581,0.172,4.12336749789816e-31,"17","PCNX2"
3.04362931881528e-35,2.68379401393046,0.287,0.051,9.04170961740455e-31,"17","NINJ2"
1.33926215025272e-34,2.01690631559804,0.537,0.156,3.97854606975576e-30,"17","SLC9A9"
2.66408162905666e-34,2.01269006119119,0.441,0.107,7.91418729543863e-30,"17","MRTFA"
1.67159762653896e-33,1.59548232971342,0.721,0.276,4.9658150691593e-29,"17","PICALM"
3.05681728964094e-33,2.26651813747195,0.301,0.056,9.08088712233635e-29,"17","FAAH2"
3.1121988923738e-33,1.44383385025792,0.787,0.298,9.24540924957485e-29,"17","MAML2"
7.85942711195312e-33,1.98090917852958,0.471,0.129,2.33480001214791e-28,"17","STAM"
9.52149946271244e-33,1.97120353906209,0.522,0.155,2.82855184538798e-28,"17","LEF1"
1.56163306946428e-32,2.13618268723152,0.485,0.139,4.63914335945753e-28,"17","HNRNPLL"
1.9427078865517e-32,1.90283302116286,0.471,0.127,5.77120231857913e-28,"17","FNDC3B"
2.51803767431869e-32,2.62350943386717,0.287,0.054,7.48033451909855e-28,"17","INPP5F"
8.84965995165579e-32,1.97974501732434,0.515,0.16,2.62896848183839e-27,"17","STT3B"
1.83659202404796e-31,2.73264913863574,0.272,0.051,5.45596392583929e-27,"17","LRMP"
3.88791365613091e-31,2.31783176811283,0.441,0.124,1.15498250982681e-26,"17","AHI1"
4.19548903566821e-31,1.53859868480297,0.551,0.164,1.24635392782596e-26,"17","PHF21A"
6.33268380828377e-31,2.3526884953663,0.316,0.066,1.88125037892686e-26,"17","PTPRM"
1.05042391614621e-30,1.43944337767042,0.684,0.25,3.12049432769554e-26,"17","PCED1B"
1.34118381125339e-30,1.55689840550586,0.64,0.211,3.98425474809043e-26,"17","LINC01619"
2.50262346125502e-30,1.67192201640227,0.61,0.204,7.43454351635029e-26,"17","NIBAN1"
2.99361307234438e-30,2.25431109838174,0.316,0.067,8.89312635401346e-26,"17","MSRA"
6.72316327771823e-30,1.67231256144379,0.588,0.201,1.99725011491175e-25,"17","GLCCI1"
1.33369433593342e-29,1.31242663850861,0.846,0.413,3.96200576375741e-25,"17","ANKRD44"
1.85382008023527e-29,2.41801944628967,0.257,0.047,5.50714331235491e-25,"17","GRAMD1B"
2.22010957403573e-29,1.75459719779118,0.397,0.098,6.59527951158796e-25,"17","HECTD4"
4.09950699047035e-29,1.67509216962715,0.64,0.241,1.21784054165903e-24,"17","TBL1XR1"
4.47456312623836e-29,1.61221870156813,0.647,0.243,1.32925846791163e-24,"17","TNIK"
6.48012108669095e-29,1.51002754338983,0.647,0.235,1.92504957122328e-24,"17","CEP85L"
6.52584216022246e-29,1.90577351520481,0.507,0.164,1.93863193053729e-24,"17","VOPP1"
6.6584670716796e-29,2.31745291814062,0.397,0.108,1.97803081298386e-24,"17","SNX9"
8.1669317697578e-29,2.30080316082596,0.272,0.053,2.42615042084195e-24,"17","LRRC8B"
8.64499308188867e-29,2.38767304500514,0.301,0.064,2.56816809483667e-24,"17","PTPN11"
1.38926132506602e-28,1.65233529638062,0.588,0.205,4.12707861837363e-24,"17","PHTF2"
2.50221256631754e-27,1.0607288091364,0.956,0.528,7.43332287075951e-23,"17","MBNL1"
2.86340325831772e-27,1.76659107934994,0.493,0.156,8.50631205948445e-23,"17","KAT6B"
1.01688660921838e-26,1.65787697010996,0.324,0.073,3.02086505000504e-22,"17","LINC00299"
3.76567657105069e-26,1.55811633795647,0.618,0.237,1.11866953896203e-21,"17","FOXO1"
8.60615104482666e-26,1.41843549415949,0.566,0.196,2.55662929088665e-21,"17","BCAS3"
9.46176506052563e-26,2.16697450507382,0.36,0.097,2.81080654653035e-21,"17","PRKAG2"
1.29574609768867e-25,2.49378765733323,0.279,0.062,3.84927293240374e-21,"17","SIRPG"
1.56581941629343e-25,1.23555133691291,0.809,0.41,4.6515797399829e-21,"17","ZBTB20"
1.80938225099878e-25,2.06848751227172,0.338,0.086,5.37513185304208e-21,"17","RDX"
1.85184286789828e-25,1.70434214539007,0.559,0.208,5.50126960766542e-21,"17","ZMYM2"
2.51078514136489e-25,1.69107090879683,0.257,0.054,7.45878941945267e-21,"17","CXCL13"
3.02023889670381e-25,1.57179216101834,0.515,0.171,8.97222369043801e-21,"17","PLCL2"
8.81545915197264e-25,1.77918748443621,0.507,0.179,2.61880845027651e-20,"17","JARID2"
1.3033423056075e-24,1.79622968496298,0.375,0.102,3.87183898726819e-20,"17","UST"
1.53435334732847e-24,2.03326486876105,0.456,0.154,4.55810348890869e-20,"17","IFNAR2"
1.67849263268558e-24,1.25612250665317,0.61,0.227,4.98629806391907e-20,"17","FBXL17"
2.19338903445817e-24,2.11818347175405,0.36,0.101,6.51590080466488e-20,"17","NCOA7"
2.78575792333617e-24,1.45665311355857,0.551,0.195,8.27565106285477e-20,"17","KDM6A"
3.34974820482788e-24,2.19517032319411,0.294,0.07,9.95109699208218e-20,"17","SRGAP2C"
3.77982275988693e-24,1.83527020594728,0.397,0.115,1.12287194727961e-19,"17","ABCC1"
7.7037003655158e-24,1.34985739525533,0.691,0.31,2.28853826758378e-19,"17","ASH1L"
7.77643823495402e-24,1.49847070848124,0.529,0.192,2.31014650645779e-19,"17","MDFIC"
1.1767995391399e-23,1.73342308873009,0.404,0.118,3.49591839092289e-19,"17","DIP2B"
1.33475832799712e-23,1.42694831972733,0.559,0.205,3.96516656498103e-19,"17","COP1"
1.68525107504843e-23,1.48445987111318,0.581,0.224,5.00637536864637e-19,"17","ZNF292"
2.26906568359092e-23,1.49574069465861,0.426,0.132,6.74071342624356e-19,"17","TSPAN5"
2.37202383611685e-23,1.40971196292848,0.721,0.373,7.04657120995232e-19,"17","CCND3"
3.47600311251482e-23,1.4839900602392,0.566,0.221,1.03261624463478e-18,"17","TLK1"
3.70184530330157e-23,1.64133908432602,0.478,0.158,1.0997071842518e-18,"17","RESF1"
4.92239715667478e-23,1.93664141386704,0.39,0.119,1.46229652333338e-18,"17","SMC5"
5.30066089214783e-23,1.9533087375714,0.257,0.056,1.57466733123035e-18,"17","PHLPP1"
5.48305974670972e-23,1.82294076760417,0.544,0.234,1.62885255895506e-18,"17","FAM107B"
5.67224476606759e-23,1.88698920508383,0.324,0.084,1.6850537526557e-18,"17","DISC1"
9.49734190242836e-23,1.4993027211085,0.522,0.187,2.82137535895439e-18,"17","SIPA1L1"
1.39201166262328e-22,1.50402831614069,0.581,0.233,4.13524904615498e-18,"17","NCOA1"
1.94013984467759e-22,1.21254042355234,0.669,0.274,5.76357343658371e-18,"17","AKT3"
2.01880240542155e-22,1.78382225603018,0.272,0.063,5.99725630578579e-18,"17","CYTH3"
2.30253192291337e-22,1.05688122072182,0.757,0.358,6.84013158339874e-18,"17","CBLB"
2.6636549442678e-22,1.40259955719147,0.632,0.266,7.91291974293635e-18,"17","SMYD3"
4.17191519534549e-22,1.60718241728602,0.493,0.175,1.23935084708128e-17,"17","NCK2"
5.27921354441532e-22,1.5394616646062,0.478,0.164,1.56829596763946e-17,"17","TAB2"
9.62767556515037e-22,1.38479807539869,0.618,0.263,2.86009358013922e-17,"17","WNK1"
1.14487745001299e-21,2.03679285649499,0.294,0.076,3.40108744075359e-17,"17","KLHL5"
2.0845913733244e-21,1.55483797319812,0.544,0.215,6.19269559273478e-17,"17","USP3"
2.39340560335861e-21,1.76928339670593,0.287,0.07,7.11009002589742e-17,"17","HS2ST1"
2.619346329151e-21,1.78771100676771,0.346,0.099,7.78129214000888e-17,"17","CCDC18-AS1"
3.79622235591412e-21,2.0008229782009,0.36,0.113,1.12774377527141e-16,"17","ICOS"
4.58797829051815e-21,1.80976063122424,0.434,0.15,1.36295071076423e-16,"17","MAP3K2"
5.3221819151049e-21,1.32008203793436,0.559,0.218,1.58106058152021e-16,"17","PAG1"
8.59933330676243e-21,1.2709568747141,0.618,0.255,2.55460394543992e-16,"17","EXOC4"
1.33717957019604e-20,1.15106639789512,0.64,0.271,3.97235934918139e-16,"17","STAG1"
1.7549421001011e-20,1.43270752227431,0.434,0.143,5.21340649677033e-16,"17","GTDC1"
2.76303650074656e-20,1.68474857811084,0.419,0.142,8.20815253276779e-16,"17","COMMD10"
2.89596363705518e-20,2.15020240965591,0.25,0.06,8.60303917659982e-16,"17","ZC3H12D"
7.76486999626973e-20,1.0331154395869,0.757,0.412,2.30670992979185e-15,"17","PRKCH"
8.74199792459539e-20,1.17943943452117,0.64,0.273,2.59698532345955e-15,"17","KLF12"
8.89717416706144e-20,1.28086866320013,0.669,0.324,2.64308352980894e-15,"17","RORA"
1.3542863393788e-19,1.4415317420054,0.5,0.19,4.02317842839259e-15,"17","NFAT5"
1.48299476981948e-19,1.24561807984322,0.684,0.359,4.40553256270272e-15,"17","CLEC2D"
1.75982978532016e-19,1.21141195436481,0.551,0.216,5.22792634325059e-15,"17","NCOA2"
1.76565997645551e-19,1.55022334520734,0.507,0.21,5.2452460920564e-15,"17","SMAP2"
2.42047098231933e-19,1.59372204445081,0.353,0.109,7.19049314717603e-15,"17","BACH1"
2.52607603485115e-19,1.18766203209556,0.684,0.331,7.50421407673232e-15,"17","DOCK8"
3.19247026321814e-19,1.10666526601327,0.581,0.236,9.48387141094213e-15,"17","FAF1"
4.66844445162234e-19,1.89669945213529,0.294,0.083,1.38685479324345e-14,"17","SUZ12"
4.8315670874884e-19,1.58516207096368,0.404,0.143,1.43531363468018e-14,"17","EPSTI1"
7.39184466642748e-19,1.50258765971669,0.382,0.124,2.19589529505561e-14,"17","FBXL20"
9.43007990296652e-19,2.3063243996226,0.338,0.11,2.80139383677426e-14,"17","MAF"
1.70807812999993e-18,1.7122990746473,0.316,0.092,5.07418770079079e-14,"17","DENND1A"
3.15788829875691e-18,1.6177753136234,0.368,0.122,9.38113876911716e-14,"17","LRCH3"
3.55699041793053e-18,1.37059477948629,0.522,0.221,1.05667514345462e-13,"17","ATF7IP"
4.30461947014994e-18,1.50029757329162,0.426,0.153,1.27877330599744e-13,"17","RASA1"
4.54537965202848e-18,1.7905422812619,0.331,0.104,1.3502959332281e-13,"17","TMEM245"
4.70928051289414e-18,1.45766131297283,0.404,0.14,1.39898596196546e-13,"17","BACH2"
5.41078474658701e-18,1.11733939797949,0.596,0.251,1.6073818246686e-13,"17","VPS13B"
5.79642784960546e-18,1.96711114382963,0.382,0.138,1.72194482128229e-13,"17","LIMS1"
5.92795420886522e-18,0.98970283230578,0.581,0.236,1.76101735682759e-13,"17","CDKAL1"
7.17741983897768e-18,1.22811050632147,0.61,0.285,2.1321961115651e-13,"17","CCDC91"
7.59792728156297e-18,1.69919649056904,0.272,0.074,2.25711625753391e-13,"17","SMURF1"
9.15860930296263e-18,1.2915517062792,0.39,0.13,2.72074806563111e-13,"17","DDHD1"
1.01529149614112e-17,1.60221386076119,0.294,0.084,3.01612644758641e-13,"17","AHCYL2"
1.33616373300305e-17,1.37064164295869,0.463,0.181,3.96934160163215e-13,"17","ARID2"
1.3747067347774e-17,1.58893511366952,0.36,0.118,4.08384129700324e-13,"17","GMDS-DT"
1.63476736612197e-17,1.10082352367733,0.574,0.246,4.85640341453854e-13,"17","MED13L"
2.01057465345635e-17,1.19737753693857,0.471,0.186,5.97281412302278e-13,"17","PRKCA"
2.11690844747079e-17,1.42602928587152,0.456,0.174,6.28869992490148e-13,"17","MAP4K4"
2.35845284211221e-17,1.57930481965942,0.382,0.134,7.00625585806273e-13,"17","NELL2"
2.90743271420767e-17,1.49180171306023,0.404,0.144,8.63711036409672e-13,"17","SEPTIN7"
2.9357931781606e-17,0.875895255563053,0.743,0.368,8.72136079436168e-13,"17","FOXN3"
5.15715165553874e-17,0.946949867678443,0.743,0.409,1.53203504231089e-12,"17","FOXP1"
6.34725198214035e-17,1.2577493832536,0.522,0.227,1.88557814633443e-12,"17","ATP2B1"
7.50039532373222e-17,0.942858546122914,0.654,0.289,2.22814243882113e-12,"17","FTX"
7.73503982651955e-17,1.41617928877821,0.39,0.139,2.29784828126416e-12,"17","USP9X"
1.12533660320246e-16,1.35905701690889,0.353,0.116,3.34303744713355e-12,"17","MAP3K1"
1.14564847563798e-16,0.925486113619975,0.676,0.33,3.40337792657774e-12,"17","LRBA"
1.99086973584435e-16,1.05563446733585,0.618,0.288,5.91427672427282e-12,"17","PAN3"
2.84685626633751e-16,1.0839104270123,0.61,0.283,8.45715591040883e-12,"17","DPYD"
3.11179189299473e-16,1.23296136646679,0.456,0.178,9.24420017651944e-12,"17","ARFGEF1"
3.34603960829887e-16,1.57172361860351,0.301,0.093,9.94007986437345e-12,"17","RABGAP1"
4.41294902807937e-16,1.44126006139167,0.316,0.1,1.31095476777154e-11,"17","TMCC1"
5.71159575739715e-16,1.60931269551291,0.265,0.076,1.69674375164997e-11,"17","VPS41"
5.86813037799877e-16,0.983872688077807,0.603,0.276,1.74324549139209e-11,"17","ZFAND3"
8.22861845304163e-16,0.808900533149123,0.912,0.702,2.44447568384508e-11,"17","PTPRC"
8.87987855351386e-16,1.674548749083,0.265,0.076,2.63794552189236e-11,"17","ENTPD1-AS1"
9.26472992391493e-16,1.26679238585056,0.493,0.208,2.75227331849741e-11,"17","DYRK1A"
9.66463631555347e-16,1.41243601622548,0.419,0.164,2.87107351026147e-11,"17","FNDC3A"
9.86559484365075e-16,1.56810185274567,0.324,0.108,2.93077226020333e-11,"17","SS18"
1.03836586189491e-15,0.649104256796403,0.897,0.526,3.08467346593121e-11,"17","ARHGAP15"
1.22377026175042e-15,1.59993741524268,0.39,0.153,3.63545431658197e-11,"17","CEMIP2"
1.55260808229692e-15,1.27193348242271,0.382,0.138,4.61233283007945e-11,"17","ASAP1"
1.99522444558868e-15,1.32849529775905,0.397,0.147,5.9272132605103e-11,"17","ATAD2B"
2.05772366219813e-15,1.33145055134001,0.353,0.121,6.11287968329199e-11,"17","LINC01578"
2.36355273899328e-15,1.71049063589158,0.279,0.086,7.02140612172735e-11,"17","UBASH3B"
3.27599460256817e-15,1.03056397842709,0.551,0.242,9.73199716584927e-11,"17","TCF12"
3.74919487128524e-15,1.48908054244166,0.346,0.123,1.11377332041271e-10,"17","GTF2I"
4.76948616644091e-15,1.92577165569473,0.301,0.101,1.4168712554646e-10,"17","IL6ST"
5.10641321287854e-15,1.06505082097025,0.493,0.207,1.51696217314983e-10,"17","R3HDM2"
5.74573147587959e-15,1.0822216736037,0.463,0.185,1.70688444953955e-10,"17","MKLN1"
6.38702029660657e-15,1.12723399480187,0.456,0.185,1.89739211951291e-10,"17","GATAD2B"
8.02941441829131e-15,1.68359841466007,0.309,0.105,2.3852981412418e-10,"17","TBC1D4"
9.16056090901496e-15,1.39472116704093,0.426,0.175,2.72132782924107e-10,"17","MARK3"
1.0660544301274e-14,1.44837053560317,0.397,0.156,3.16692789557946e-10,"17","NFATC2"
1.10807101073349e-14,0.981581172018959,0.588,0.292,3.29174655158598e-10,"17","JMJD1C"
1.11613246679628e-14,0.623437704016025,0.853,0.469,3.31569471911169e-10,"17","SKAP1"
1.16581742865373e-14,1.53006124806425,0.257,0.076,3.46329383530163e-10,"17","ARFGEF2"
1.88655254014035e-14,1.50438087323585,0.257,0.077,5.60438163099495e-10,"17","MCF2L2"
1.90149136483635e-14,1.67752772161815,0.412,0.175,5.64876039751935e-10,"17","SMARCA2"
2.10531146132159e-14,1.00664832386159,0.662,0.337,6.25424875814806e-10,"17","ARID1B"
2.11894996180399e-14,1.36867859931574,0.272,0.084,6.29476465153113e-10,"17","KDM2B"
2.31006784247334e-14,1.51322990381876,0.272,0.085,6.86251853963556e-10,"17","LRCH1"
2.36726550960098e-14,1.25937230072051,0.507,0.241,7.03243564937164e-10,"17","IQGAP1"
2.49449511460189e-14,1.02317070583232,0.441,0.176,7.41039663694783e-10,"17","SCAPER"
2.87667372058183e-14,1.13005936223119,0.426,0.168,8.54573462173244e-10,"17","ATP8A1"
2.98940575601605e-14,1.3593419064041,0.316,0.107,8.88062767939689e-10,"17","SLC39A11"
3.19579248852493e-14,1.75426109618665,0.279,0.092,9.49374074566101e-10,"17","PELI1"
3.62521187200044e-14,1.22048366370746,0.434,0.179,1.07694169081517e-09,"17","TNRC6A"
3.84792075245085e-14,1.48987217053085,0.287,0.092,1.14310181793057e-09,"17","CERT1"
4.5563431162042e-14,0.937743015242744,0.574,0.265,1.35355284953078e-09,"17","SIK3"
4.77612380150172e-14,1.2622459985574,0.419,0.171,1.41884309771211e-09,"17","RBM26"
5.08480568044913e-14,0.988127530380909,0.537,0.25,1.51054322349102e-09,"17","BCL2"
5.1839225845629e-14,1.36758034529868,0.331,0.117,1.5399878821961e-09,"17","AVL9"
5.77973192750329e-14,1.16171349286621,0.397,0.157,1.7169849637034e-09,"17","UBR5"
6.09757190166908e-14,1.24001240082486,0.456,0.197,1.81140568482883e-09,"17","FRYL"
7.09373080624065e-14,1.17396545660645,0.5,0.235,2.10733461060991e-09,"17","WAC"
7.20993510688285e-14,0.985952791038075,0.522,0.227,2.14185542220169e-09,"17","VTI1A"
8.12960539564269e-14,1.03366583640873,0.596,0.295,2.41506187488357e-09,"17","BIRC6"
1.04082477056235e-13,1.59346648785645,0.279,0.092,3.09197814590959e-09,"17","FBXO34"
1.24512095002824e-13,1.61778339476186,0.309,0.112,3.6988808062489e-09,"17","SFXN1"
1.39328383984898e-13,1.03673452129684,0.699,0.47,4.13902830303938e-09,"17","ANKRD12"
1.41088443022079e-13,1.43404278427472,0.382,0.156,4.1913143768569e-09,"17","ZNF831"
1.52144594645869e-13,1.37887305905883,0.397,0.158,4.51975947314483e-09,"17","THADA"
2.17000855016673e-13,1.10057221818939,0.507,0.233,6.4464443999803e-09,"17","HERC4"
2.91568440400983e-13,0.951928724091457,0.574,0.279,8.66162365899202e-09,"17","USP34"
2.93606376057719e-13,1.04973886860904,0.397,0.156,8.72216461354665e-09,"17","DIAPH2"
3.01122544115013e-13,0.978072249162531,0.588,0.317,8.94544741802468e-09,"17","WIPF1"
3.03026015743271e-13,0.85148230962935,0.441,0.177,9.00199384968535e-09,"17","WWOX"
3.29124340245658e-13,1.38405335053754,0.346,0.128,9.77729677567776e-09,"17","AC068587.4"
3.36024394171734e-13,1.55695561700364,0.265,0.087,9.98227667765972e-09,"17","MBD2"
3.39249542790407e-13,1.39858268806703,0.272,0.089,1.00780861676746e-08,"17","MAP2K4"
3.43731900842667e-13,0.78673538270799,0.596,0.286,1.02112435783331e-08,"17","CASK"
3.61529282096649e-13,1.56411859885489,0.265,0.087,1.07399503832451e-08,"17","SUSD6"
3.72570264148031e-13,1.25725761574064,0.368,0.143,1.10679448370456e-08,"17","SCAF8"
4.15042738356302e-13,1.48915249729519,0.301,0.107,1.23296746283507e-08,"17","PBX3"
4.96671771974453e-13,1.44896873120676,0.25,0.079,1.47546283300451e-08,"17","NUP214"
5.02147151191721e-13,1.13037694096228,0.426,0.181,1.49172854204524e-08,"17","CUL3"
6.40560117115249e-13,0.910175839815901,0.581,0.291,1.90291193991427e-08,"17","MACF1"
6.44917725941329e-13,1.1717123168825,0.426,0.184,1.91585708845391e-08,"17","SETD2"
7.44860964451556e-13,1.23837644841767,0.39,0.161,2.21275846709624e-08,"17","MAP4"
7.69339139887381e-13,1.61832337084452,0.272,0.093,2.28547578286344e-08,"17","CHD3"
8.10832937352341e-13,1.15314992789736,0.301,0.103,2.4087414069926e-08,"17","TAF1"
8.15384504763477e-13,1.12084112347123,0.529,0.267,2.42226274830086e-08,"17","RUNX1"
8.76446109773221e-13,1.27096726629048,0.375,0.152,2.60365845830331e-08,"17","PVT1"
8.7941047768982e-13,1.56432050731604,0.25,0.08,2.61246470607315e-08,"17","TBL1X"
9.02081598946522e-13,1.28137682608764,0.316,0.114,2.67981380599043e-08,"17","R3HDM1"
1.065261966985e-12,1.63347439298561,0.257,0.085,3.16457372532234e-08,"17","USP12"
1.18827943406208e-12,1.3874533135571,0.257,0.083,3.53002171476822e-08,"17","NLK"
1.22432830272637e-12,0.967175035363571,0.515,0.25,3.63711208890924e-08,"17","RBM6"
1.22867390228912e-12,1.39333543439105,0.265,0.087,3.65002156153028e-08,"17","SEPTIN2"
1.28486704117308e-12,1.25517112325204,0.36,0.143,3.81695451921286e-08,"17","FTO"
1.34210974681277e-12,1.12793877298443,0.441,0.199,3.98700542485669e-08,"17","ZNF148"
1.40073912452114e-12,1.65360449181257,0.265,0.09,4.16117571721495e-08,"17","KPNA1"
1.4037394136836e-12,1.07653396492378,0.471,0.215,4.17008867622987e-08,"17","NEK7"
1.47647097314465e-12,1.44370351663463,0.279,0.096,4.38615231992081e-08,"17","DCAF6"
1.89002759740143e-12,0.967503582798525,0.588,0.318,5.61470498360043e-08,"17","CNOT6L"
1.91643296657177e-12,1.1580951271666,0.404,0.168,5.69314741379475e-08,"17","PRRC2B"
2.46139291751104e-12,1.03273582269344,0.485,0.236,7.31205994005005e-08,"17","ROCK1"
2.49047266464443e-12,0.904641285450008,0.691,0.423,7.39844714485921e-08,"17","TNRC6B"
2.59932831542596e-12,1.00190043685069,0.515,0.235,7.7218246266359e-08,"17","ARL15"
2.6299997641726e-12,1.56672713981754,0.257,0.087,7.81294029942756e-08,"17","CSNK1G3"
2.81990162031644e-12,1.08703902036565,0.316,0.114,8.37708174347405e-08,"17","SEPTIN9"
2.82927314770922e-12,0.937556977987114,0.559,0.273,8.40492173989978e-08,"17","FAM172A"
2.8970842710002e-12,1.51385998683252,0.294,0.108,8.60636824386029e-08,"17","NPEPPS"
2.99900597222464e-12,1.28259417031229,0.426,0.189,8.90914704168773e-08,"17","KMT2A"
3.22335055233054e-12,0.868086138468431,0.654,0.388,9.57560748580834e-08,"17","FNBP1"
3.98768951453273e-12,1.20849452864091,0.382,0.161,1.18462292408224e-07,"17","JPX"
4.31516110017184e-12,1.66873104429355,0.25,0.085,1.28190490802805e-07,"17","HBS1L"
4.39665853525648e-12,1.20885896889995,0.346,0.133,1.30611535106864e-07,"17","RFX7"
4.45495273041678e-12,1.50161648663343,0.309,0.118,1.32343280762491e-07,"17","RAB3GAP1"
5.44436150556938e-12,1.05987103600396,0.588,0.353,1.61735647245949e-07,"17","RAP1A"
5.62914212692242e-12,0.935880099020959,0.559,0.277,1.67224925164484e-07,"17","LPP"
5.97031899694127e-12,1.11570012113261,0.397,0.169,1.77360266442134e-07,"17","DLG1"
6.28423820087359e-12,1.57268432839969,0.25,0.086,1.86685864233352e-07,"17","ZC3H7A"
8.29040443792422e-12,1.2272737914985,0.353,0.144,2.46283044637415e-07,"17","UBE2H"
8.86530623996789e-12,1.52777891231278,0.257,0.089,2.63361652470726e-07,"17","AHR"
9.86571670718269e-12,0.990380988575376,0.404,0.173,2.93080846220276e-07,"17","PPP1R16B"
1.01777442463411e-11,1.36512211449257,0.301,0.114,3.02350248326056e-07,"17","SCLT1"
1.06313318349322e-11,1.50360092311209,0.36,0.159,3.1582497482033e-07,"17","NFKB1"
1.24665609500802e-11,1.55269310713792,0.272,0.099,3.70344126144032e-07,"17","TNPO3"
1.27500779639689e-11,1.061077148389,0.434,0.198,3.78766566075624e-07,"17","TBC1D22A"
1.27547757724138e-11,1.27341160401816,0.279,0.1,3.78906123871097e-07,"17","RC3H2"
1.41908799648869e-11,0.91786463277311,0.449,0.2,4.21568471116896e-07,"17","COG5"
1.44289738475141e-11,1.04282231558934,0.375,0.154,4.28641526088101e-07,"17","STK39"
1.55973340743433e-11,1.42915344525536,0.316,0.127,4.63350003346517e-07,"17","CPSF6"
1.68448837309218e-11,1.27124144424581,0.353,0.148,5.00410960994495e-07,"17","MAPK1"
1.71851153014006e-11,1.45734971486771,0.39,0.174,5.10518220258707e-07,"17","PDE4D"
2.37194906767362e-11,1.35690455104062,0.272,0.098,7.04634909533802e-07,"17","BMPR2"
2.44423201059866e-11,1.22735205645013,0.434,0.217,7.26108003388543e-07,"17","LYST"
2.50250354009493e-11,1.3193679606785,0.301,0.116,7.43418726656001e-07,"17","SPG11"
2.58895731410461e-11,1.24007463828461,0.331,0.133,7.69101549301056e-07,"17","RC3H1"
2.66998122120617e-11,1.11607480882748,0.507,0.279,7.93171321383717e-07,"17","PDCD4"
2.92769342485395e-11,1.0608848513811,0.529,0.285,8.69729885721362e-07,"17","EPC1"
3.05390420329793e-11,0.818604219600243,0.706,0.477,9.07223321673716e-07,"17","FYN"
3.08116635046607e-11,1.20696807209323,0.316,0.122,9.15322087732955e-07,"17","NBAS"
3.19650947050509e-11,1.09307621867523,0.353,0.143,9.49587068402946e-07,"17","RAPGEF1"
3.40061447187339e-11,1.02554603329921,0.404,0.176,1.01022054115943e-06,"17","EIF4G3"
3.8199101519905e-11,0.995479811918698,0.434,0.202,1.13478070885182e-06,"17","ITGAL"
4.37621628507905e-11,1.03957601391809,0.449,0.209,1.30004257180843e-06,"17","PUM2"
5.11092297865311e-11,1.23756168664929,0.36,0.157,1.51830188926848e-06,"17","MARCH7"
5.12120523752162e-11,1.0400951893563,0.375,0.162,1.52135643991055e-06,"17","NSD1"
5.47020367276487e-11,1.12485547144858,0.331,0.134,1.62503340506826e-06,"17","RPRD2"
5.48823537857277e-11,1.30286670282124,0.412,0.205,1.63039008391261e-06,"17","LUC7L2"
6.81769357298611e-11,1.09453147703101,0.419,0.197,2.02533222972698e-06,"17","RALGAPA1"
7.66513304935276e-11,1.48777459615529,0.279,0.108,2.27708107497123e-06,"17","AFTPH"
8.5967710977957e-11,0.703083627776691,0.515,0.249,2.55384279002217e-06,"17","PRKCB"
8.65270334336097e-11,1.18703870292544,0.36,0.157,2.57045858221224e-06,"17","EHMT1"
1.00861388854552e-10,1.30439004578882,0.353,0.152,2.99628927870216e-06,"17","RAP1GDS1"
1.03868022985028e-10,1.08194870652357,0.515,0.292,3.08560735881622e-06,"17","ATRX"
1.11535940602683e-10,0.983591790000872,0.419,0.19,3.31339818748391e-06,"17","HIVEP2"
1.12382823510066e-10,1.02821523880805,0.331,0.133,3.33855653801355e-06,"17","MEF2A"
1.25181240252731e-10,1.09272269535173,0.353,0.147,3.71875910418787e-06,"17","ZNF609"
1.3034010652192e-10,0.963789300113386,0.493,0.257,3.87201354444668e-06,"17","NIPBL"
1.32077289739664e-10,0.900119344444872,0.485,0.242,3.9236200462962e-06,"17","EPS15"
1.34450753202747e-10,1.09475394002102,0.294,0.112,3.99412852539402e-06,"17","WDPCP"
1.4118469832399e-10,1.27160081975131,0.272,0.102,4.19417383311077e-06,"17","ARMH3"
1.43074335961505e-10,1.05004846957637,0.346,0.143,4.25030929840843e-06,"17","SMG6"
1.52768954710226e-10,1.15386494217754,0.36,0.157,4.53830733757668e-06,"17","STIM2"
1.53831361898144e-10,0.828844035358103,0.574,0.323,4.56986826790816e-06,"17","DDX17"
1.7694185677906e-10,0.920665390084857,0.426,0.198,5.25641173933552e-06,"17","ARHGEF3"
1.81585021727696e-10,1.31829443839721,0.36,0.163,5.39434624046467e-06,"17","ADAM10"
1.82605814303557e-10,1.26046595249888,0.368,0.166,5.42467092551577e-06,"17","PRDM2"
1.84289907560973e-10,0.837544294372713,0.36,0.149,5.47470028391383e-06,"17","MAN2A1"
1.8670022364018e-10,1.2457558665369,0.36,0.158,5.54630354367882e-06,"17","GPCPD1"
1.88805335040472e-10,1.36227442262462,0.265,0.097,5.6088400880473e-06,"17","ANKRD13C"
1.96736982987553e-10,1.02392010739769,0.39,0.175,5.84446555361123e-06,"17","ESYT2"
2.07633616005323e-10,1.01276019795625,0.382,0.169,6.16817183067013e-06,"17","CLASP1"
2.23244982752339e-10,1.05065262489355,0.301,0.118,6.63193870262372e-06,"17","NF1"
2.30305750439459e-10,1.23420736422756,0.25,0.089,6.841692928305e-06,"17","RAB3GAP2"
2.41772203474484e-10,1.20083200396254,0.272,0.102,7.1823268486165e-06,"17","PDXDC1"
2.42079963697221e-10,1.308946839144,0.331,0.138,7.19146948155333e-06,"17","RFTN1"
2.45689240308995e-10,0.983719368896061,0.441,0.218,7.29869026185931e-06,"17","ABI1"
2.68870018631404e-10,1.35732061732752,0.434,0.235,7.98732164348312e-06,"17","TANK"
2.75447893866852e-10,0.905569208575259,0.412,0.188,8.18273058310257e-06,"17","IMMP2L"
2.87317833802448e-10,1.02647730576348,0.294,0.113,8.53535088876931e-06,"17","SPATA5"
3.10644188948559e-10,1.61686542794199,0.25,0.092,9.22830692109483e-06,"17","STAMBPL1"
3.41082832168874e-10,1.14801767164111,0.331,0.138,1.01325476952407e-05,"17","VWA8"
4.07148572461619e-10,0.96028935611398,0.39,0.175,1.20951626421173e-05,"17","PDS5A"
4.12111851510558e-10,0.946068689429595,0.294,0.113,1.22426067728241e-05,"17","LARP4B"
4.17749284159668e-10,0.756297791634845,0.463,0.219,1.24100779845312e-05,"17","PACS1"
4.28252268706786e-10,1.28805195771793,0.294,0.12,1.27220901464725e-05,"17","CNTRL"
4.32105714302907e-10,1.09769347744792,0.324,0.135,1.28365644547965e-05,"17","UVRAG"
4.61733205244574e-10,0.61457861869367,0.706,0.459,1.37167083282006e-05,"17","CDC42SE2"
4.72907607779939e-10,0.94487067126766,0.463,0.232,1.40486663043186e-05,"17","CDK13"
6.12054473686977e-10,1.23855644140655,0.257,0.096,1.8182302249819e-05,"17","XPR1"
6.39560362987885e-10,1.00447063411582,0.257,0.094,1.89994197032811e-05,"17","MSH3"
6.54119307226519e-10,1.02599958032923,0.324,0.135,1.94319222597782e-05,"17","DENND4C"
7.0658774550398e-10,0.961881685751361,0.346,0.147,2.09906021556867e-05,"17","LCOR"
8.16714885960117e-10,1.17164257708971,0.316,0.133,2.42621491172172e-05,"17","TRAF3"
8.30127862340483e-10,1.1298112081597,0.309,0.129,2.46606084065487e-05,"17","STRN3"
9.24333312107525e-10,1.25132913606972,0.279,0.111,2.74591697027783e-05,"17","ITPKB"
9.28569525811287e-10,0.759987299079486,0.551,0.308,2.75850149032759e-05,"17","BCL11B"
9.97817461985715e-10,1.07494835456071,0.382,0.181,2.96421633432096e-05,"17","PTPRA"
1.05164467715769e-09,0.933025827375467,0.412,0.199,3.12412084243236e-05,"17","ERBIN"
1.10081169525685e-09,1.05210736399461,0.485,0.269,3.27018130309954e-05,"17","CHD2"
1.24903934417469e-09,0.922327886190906,0.375,0.168,3.71052117973974e-05,"17","RAD51B"
1.40659420270875e-09,1.04411191543586,0.61,0.411,4.17856939798689e-05,"17","CD247"
1.43791074877331e-09,1.2511039518119,0.316,0.141,4.27160146138088e-05,"17","CREB1"
1.59575286497472e-09,0.895816882518705,0.36,0.163,4.74050303598041e-05,"17","VAV3"
1.60576748438064e-09,1.32515210615784,0.272,0.108,4.77025346584956e-05,"17","AEBP2"
1.61361028745903e-09,0.910813876324932,0.338,0.145,4.79355208095454e-05,"17","DUSP16"
1.64661299174378e-09,0.960391906712859,0.301,0.123,4.89159321457326e-05,"17","ZNRF2"
1.7047416075731e-09,1.07703223866446,0.279,0.112,5.0642758936174e-05,"17","SSBP2"
1.90816284505621e-09,1.08278787574169,0.404,0.198,5.66857936380848e-05,"17","TENT2"
2.15361123549662e-09,1.1126802285223,0.324,0.14,6.39773289728981e-05,"17","PIBF1"
2.17790685578994e-09,1.13888939017202,0.375,0.185,6.46990789649519e-05,"17","ASXL1"
2.21705001118766e-09,1.05659642529472,0.301,0.126,6.58619046823519e-05,"17","OXNAD1"
2.31078479738373e-09,0.951767804320342,0.382,0.175,6.86464839758784e-05,"17","KIAA1109"
2.44271988285481e-09,1.2286847376031,0.309,0.132,7.25658795599678e-05,"17","CHD6"
2.50371836670596e-09,1.0090592092356,0.581,0.375,7.43779615197339e-05,"17","ARID4B"
2.8196856034232e-09,1.02063617624552,0.36,0.165,8.37644002208931e-05,"17","LRRC8C"
2.94439570738268e-09,0.954971475914215,0.434,0.219,8.74691632792174e-05,"17","ARAP2"
2.98237120083934e-09,0.91089331156996,0.471,0.246,8.85973012633343e-05,"17","RPS6KA3"
3.17356443511953e-09,1.2143037052081,0.287,0.119,9.42770786740959e-05,"17","NIN"
3.2159308068085e-09,1.06151644209303,0.375,0.177,9.55356564778603e-05,"17","USP47"
3.21665085356435e-09,0.973354705914203,0.456,0.236,9.5557046906836e-05,"17","PCM1"
3.24340357657304e-09,1.07527468605193,0.316,0.138,9.63517900492554e-05,"17","WDR26"
3.34071622097631e-09,1.06504491632761,0.287,0.117,9.92426567765433e-05,"17","POU2F1"
3.46802785369804e-09,1.09651999579723,0.301,0.128,0.000103024703449808,"17","GPR174"
3.48240224439412e-09,1.12778633239778,0.301,0.128,0.000103451723474216,"17","RANBP9"
3.53313207920087e-09,1.2121721874673,0.324,0.146,0.00010495875467682,"17","ANKRD36"
4.05002720577119e-09,1.06590296276037,0.294,0.122,0.000120314158201845,"17","ANKRD36C"
4.05221702034493e-09,1.23583922099293,0.265,0.106,0.000120379211023387,"17","RELCH"
4.94089148065329e-09,0.856921232740765,0.309,0.128,0.000146779063215767,"17","SNHG14"
5.0983719052705e-09,1.01025484402985,0.346,0.157,0.000151457334189871,"17","RBM33"
5.11935598643678e-09,0.941700405482674,0.36,0.165,0.000152080708289077,"17","DYM"
5.1437852389595e-09,0.904130382102563,0.294,0.119,0.00015280642809377,"17","ATR"
5.20535119928518e-09,0.940928172831116,0.338,0.149,0.000154635368077165,"17","ZFR"
5.43482911025851e-09,1.19005355353079,0.279,0.117,0.00016145246837845,"17","PRKDC"
5.48758624472273e-09,1.25053842248753,0.331,0.157,0.000163019724571978,"17","MIER1"
5.88998786587306e-09,1.14003131970628,0.353,0.17,0.000174973869531491,"17","PSPC1"
5.89850219616012e-09,0.788540204853184,0.603,0.424,0.000175226804741329,"17","CD2"
6.24120927625575e-09,0.951604238654871,0.331,0.147,0.000185407603969729,"17","STAU2"
6.30837728324818e-09,0.775648269396459,0.485,0.255,0.000187402963953454,"17","PDE3B"
6.75019624959722e-09,0.812923141903261,0.463,0.235,0.000200528079986785,"17","HERC1"
7.3470714503874e-09,0.637612458739744,0.61,0.355,0.000218259451576658,"17","UTRN"
7.65694548227158e-09,1.29215874833597,0.301,0.137,0.000227464879441842,"17","HIF1A"
8.07810085555607e-09,0.839035049315289,0.434,0.219,0.000239976142116004,"17","VPS13C"
8.16759418142128e-09,1.12833061748435,0.301,0.129,0.000242634720347482,"17","USP24"
8.58817599003399e-09,0.893852385318253,0.463,0.253,0.00025512894413594,"17","BPTF"
9.05581332748847e-09,0.779384826526527,0.434,0.219,0.0002690210465197,"17","PIAS1"
9.89730876659202e-09,0.834744433290409,0.353,0.161,0.000294019351529149,"17","WWP1"
1.02608851608061e-08,0.708062446673288,0.463,0.232,0.000304820115472067,"17","TBC1D5"
1.0341087931065e-08,1.40468605240549,0.272,0.117,0.000307202699168147,"17","RLF"
1.04164840746246e-08,1.07006013316609,0.279,0.117,0.000309442492404872,"17","TMEM131"
1.09554016997727e-08,1.0998779218111,0.368,0.179,0.000325452118295149,"17","CAMK1D"
1.10684323130998e-08,1.14769904071046,0.25,0.099,0.000328809918725257,"17","TLK2"
1.11609022032978e-08,0.792866652945289,0.434,0.225,0.000331556921753367,"17","NLRC5"
1.14309281810912e-08,1.16541437642563,0.265,0.109,0.000339578583475676,"17","AMBRA1"
1.16342025395011e-08,1.09536134976245,0.419,0.225,0.000345617254840959,"17","PAFAH1B1"
1.16567014051112e-08,1.22629906207141,0.39,0.204,0.000346285628641639,"17","NAP1L4"
1.24792646876787e-08,0.916379630078677,0.316,0.139,0.000370721516076873,"17","VPS13D"
1.33805542685004e-08,0.95549344068869,0.39,0.194,0.000397496125654341,"17","KDM4C"
1.36669867852121e-08,0.934652774164548,0.316,0.141,0.000406005176428294,"17","ST8SIA4"
1.47850831860297e-08,0.837036481175249,0.294,0.122,0.000439220466207385,"17","XKR6"
1.47961352254132e-08,1.19044515696442,0.272,0.113,0.00043954878914135,"17","UBR3"
1.48324005482915e-08,0.703338219388926,0.404,0.194,0.000440626123088096,"17","SPIDR"
1.53671102398626e-08,0.81583843078761,0.441,0.228,0.000456510743895598,"17","ITK"
1.58968998594688e-08,1.42181032125316,0.257,0.11,0.000472249204125241,"17","TNFRSF25"
1.60981232094208e-08,0.926846315381462,0.39,0.191,0.000478226946182264,"17","ACAP2"
1.64824647244488e-08,1.43248483968312,0.25,0.105,0.000489644579569201,"17","TSPAN14"
1.79039549875911e-08,0.606018717184913,0.493,0.25,0.000531872790816369,"17","DOCK2"
1.86808285489147e-08,0.743343432227383,0.537,0.315,0.000554951373702608,"17","ANKRD11"
1.9014066172579e-08,1.42354920876037,0.25,0.102,0.000564850863788805,"17","NUMB"
1.91181465786017e-08,1.00217895649429,0.324,0.145,0.000567942780410522,"17","RNGTT"
1.95998593051595e-08,0.913872288684715,0.404,0.207,0.000582253020378375,"17","ADK"
1.97337744016507e-08,0.874727704281594,0.375,0.181,0.000586231236149837,"17","STIM1"
2.32650895921946e-08,1.00567079250709,0.309,0.139,0.000691136016515325,"17","PBRM1"
2.40922591490601e-08,1.13761893987733,0.265,0.111,0.000715708742541128,"17","ITPR1"
2.42512597930765e-08,0.980812405331732,0.404,0.212,0.000720432174672923,"17","GOLGA4"
2.42808548633744e-08,0.920275627043459,0.36,0.168,0.000721311355426263,"17","AP3B1"
2.51096849516896e-08,0.934380596778466,0.338,0.159,0.000745933410859843,"17","ASCC3"
2.62442213039374e-08,0.983730672140345,0.294,0.128,0.000779637082276068,"17","PPP3CB"
2.78026864509873e-08,1.18176285075457,0.346,0.17,0.000825934406399479,"17","DNAJB14"
2.81439618068049e-08,1.0988682041923,0.25,0.101,0.000836072673394753,"17","AP1G1"
3.0133283617122e-08,1.05463181386048,0.331,0.158,0.000895169456413843,"17","UBE3A"
3.1779979024257e-08,0.933438129999675,0.331,0.155,0.000944087836873603,"17","MED13"
3.20922724616641e-08,0.798298247801947,0.331,0.149,0.000953365138018655,"17","CREBBP"
3.3317263520132e-08,1.00714966453227,0.316,0.142,0.000989755947392562,"17","ZDHHC20"
4.26389373749845e-08,0.881967259693036,0.456,0.258,0.00126667491259866,"17","OGA"
4.3441559319895e-08,0.858946822234403,0.257,0.104,0.00129051840271612,"17","TASOR2"
4.47266128993882e-08,0.490287781471852,0.515,0.272,0.00132869348940213,"17","KANSL1"
4.52454324212258e-08,0.743507699125035,0.39,0.19,0.00134410606093735,"17","FBXO11"
4.55825702354297e-08,0.838556103616951,0.471,0.269,0.00135412141398391,"17","APBB1IP"
4.60973730146524e-08,0.720959621854592,0.456,0.24,0.00136941466014628,"17","MBD5"
4.65693834181084e-08,0.794262252568289,0.353,0.166,0.00138343667320175,"17","TRIP12"
4.7818976982856e-08,0.820329942042266,0.493,0.291,0.0014205583492297,"17","NCOR1"
5.48785874725974e-08,1.21024743427982,0.279,0.128,0.00163027819804845,"17","SPAG9"
5.69044958158457e-08,0.893590127818799,0.39,0.198,0.00169046185720133,"17","ITFG1"
6.02157421648922e-08,0.887262784357448,0.353,0.168,0.00178882905249245,"17","ATP11B"
6.09033478921132e-08,0.94995967521098,0.397,0.21,0.00180925575583101,"17","LCP2"
6.18155240177855e-08,0.724637948412602,0.338,0.157,0.00183635377199635,"17","SERINC5"
6.38765499511731e-08,0.860176962033256,0.574,0.397,0.0018975806693995,"17","N4BP2L2"
6.43230745249651e-08,0.817612040222168,0.507,0.316,0.00191084557491314,"17","RHOH"
6.48321327911922e-08,0.721451538484873,0.456,0.242,0.00192596816882795,"17","KMT2C"
6.64384166640065e-08,1.01473186336123,0.257,0.107,0.00197368604383764,"17","ULK4"
6.92417590522567e-08,0.781056227567081,0.404,0.203,0.00205696493616539,"17","ANKRD17"
7.21041634458773e-08,0.813056506953248,0.301,0.133,0.00214199838348668,"17","FOXJ3"
8.87385963117488e-08,0.764771677959595,0.316,0.143,0.00263615748063312,"17","WDR70"
8.98932201424787e-08,1.24743204362456,0.331,0.167,0.00267045789077262,"17","BRWD1"
9.76585652304984e-08,1.0329223590922,0.324,0.16,0.00290114299730242,"17","CD6"
9.95271246481728e-08,1.10418249568972,0.265,0.115,0.00295665229192327,"17","TPK1"
1.10007956043388e-07,0.811403670132477,0.588,0.404,0.00326800635018094,"17","AKAP13"
1.10620488710006e-07,0.661043375290522,0.397,0.195,0.00328620285810813,"17","AC079793.1"
1.14592019516866e-07,0.868554951483784,0.324,0.151,0.00340418512378754,"17","PPP6R2"
1.20733846741449e-07,1.00827535294727,0.434,0.252,0.00358664038514823,"17","CYTH1"
1.4756940656423e-07,0.937755198345765,0.316,0.151,0.00438384436080357,"17","KIF2A"
1.51332742342191e-07,0.501128144910099,0.618,0.369,0.00449564177675948,"17","RIPOR2"
1.61542726508077e-07,0.921417650721412,0.257,0.11,0.00479894977637543,"17","EFR3A"
1.66662293487971e-07,0.749710329847966,0.368,0.181,0.00495103675264714,"17","GPRIN3"
1.66877275850329e-07,0.838762773222107,0.515,0.324,0.00495742323368572,"17","SH3KBP1"
1.71893858814901e-07,1.22628586392334,0.279,0.129,0.00510645086381426,"17","PDS5B"
1.7265790879198e-07,0.852522558133299,0.338,0.165,0.00512914849648335,"17","CAMKMT"
2.03341176216563e-07,1.09233230694578,0.346,0.179,0.00604065632186545,"17","SRSF4"
2.10866449692072e-07,0.800372468136072,0.426,0.24,0.00626420962100237,"17","LSM14A"
2.22788699868641e-07,0.945664118555051,0.272,0.12,0.00661838390699773,"17","PTBP2"
2.41951537225139e-07,0.984081745542329,0.301,0.143,0.00718765431634722,"17","GMDS"
2.49418936742302e-07,1.23591507449923,0.279,0.126,0.00740948835380357,"17","HUWE1"
3.04626984407073e-07,1.01759375117161,0.287,0.134,0.00904955382578093,"17","ADNP"
3.07057399589858e-07,0.851513385562825,0.324,0.157,0.0091217541696159,"17","SETD5"
3.1072491187856e-07,1.08256424011879,0.279,0.129,0.00923070495717637,"17","TAOK1"
3.2960835690185e-07,0.914199360878157,0.309,0.148,0.00979167545848326,"17","ST6GAL1"
3.41122349044402e-07,0.601542313572244,0.566,0.366,0.0101337216230621,"17","ETS1"
3.63443647383072e-07,0.774146343870883,0.36,0.181,0.0107968204328089,"17","SENP7"
3.80365733304208e-07,0.975628366788552,0.309,0.149,0.0112995248392681,"17","RSRC1"
3.94969838395068e-07,1.05960996141862,0.324,0.162,0.0117333689892023,"17","ZRANB2"
4.22565517221271e-07,0.992625030756184,0.375,0.2,0.0125531538200923,"17","CELF1"
4.36439111909857e-07,0.995956864066678,0.301,0.15,0.0129652966975061,"17","ANKRD10"
4.38239793555281e-07,0.782718038069121,0.39,0.209,0.0130187895471467,"17","SYNE1"
4.52550273637486e-07,1.01509313236947,0.25,0.111,0.0134439109789488,"17","XYLT1"
4.62428892239276e-07,0.967244857224109,0.412,0.243,0.0137373751017522,"17","SCAF11"
4.78190388146033e-07,0.93596330755928,0.25,0.109,0.0142056018606542,"17","ATXN2"
4.9848870015008e-07,1.03060489233681,0.346,0.184,0.0148086038153584,"17","MARCH6"
5.15381932032736e-07,0.856980107934948,0.324,0.159,0.0153104510548965,"17","PPP3R1"
5.18090785263337e-07,0.905711409731668,0.316,0.153,0.015390922957818,"17","RFX3"
5.27996193498913e-07,1.07591758990981,0.265,0.123,0.0156851829202722,"17","SMAD2"
5.68532022630771e-07,0.830795610373789,0.346,0.179,0.0168893807962923,"17","SENP6"
6.07200961841174e-07,0.93885137564242,0.301,0.147,0.0180381189734157,"17","STAT5B"
6.21886174973185e-07,0.829936418459584,0.353,0.183,0.0184743725999284,"17","MLLT3"
7.34230273518707e-07,0.953788957148219,0.265,0.123,0.0218117787354202,"17","TAF3"
7.59402431857889e-07,0.50284840854647,0.5,0.275,0.0225595680432023,"17","PCNX1"
7.90008818856383e-07,1.19376221326012,0.287,0.144,0.0234687919817666,"17","PTBP3"
7.95694004089481e-07,1.1579781195412,0.25,0.115,0.0236376817794862,"17","XPO6"
8.55089392796543e-07,0.792891104420436,0.294,0.139,0.0254021405918069,"17","TRPM7"
9.76596049240308e-07,0.976735304136545,0.272,0.128,0.0290117388347818,"17","UMAD1"
1.0116573745807e-06,1.04679995898538,0.301,0.15,0.030053305626669,"17","SMARCC1"
1.04831843174881e-06,0.696831861267719,0.309,0.148,0.031142395651962,"17","TNKS"
1.15265271149204e-06,0.918538573942323,0.287,0.139,0.0342418541002939,"17","TRIM33"
1.22052926376816e-06,0.994563227876563,0.39,0.226,0.0362582628387609,"17","RSF1"
1.22549068799105e-06,0.843036935094649,0.36,0.192,0.0364056518681501,"17","GSK3B"
1.27355610668116e-06,0.918801752899376,0.25,0.113,0.0378335312611773,"17","PHACTR4"
1.27588567217169e-06,0.975475967117253,0.279,0.136,0.0379027356632045,"17","RNF115"
1.39657610599305e-06,0.755380670647332,0.382,0.209,0.0414880863807354,"17","GLG1"
1.40640846004261e-06,0.926727351340293,0.265,0.122,0.0417801761224858,"17","WDR7"
1.46206588728711e-06,0.896685821769005,0.338,0.18,0.0434335913136382,"17","MECP2"
1.50288645711153e-06,1.03735398927739,0.279,0.136,0.0446462479814123,"17","OSBPL3"
1.54050985697337e-06,1.0268550414863,0.25,0.115,0.0457639263211078,"17","PHKB"
1.74272347220937e-06,0.970919082613785,0.25,0.117,0.0517710861889238,"17","KIAA0319L"
1.76924646614292e-06,1.10669873795338,0.279,0.14,0.0525590047697077,"17","ANKIB1"
1.83987081886326e-06,1.07859520353964,0.441,0.287,0.0546570424159708,"17","SAMSN1"
1.85362517216601e-06,0.607262856450608,0.404,0.216,0.0550656429895357,"17","BTBD9"
1.85958191210953e-06,1.06913714567928,0.279,0.138,0.0552425998630378,"17","CEP350"
2.0466373410302e-06,0.913669561956065,0.257,0.119,0.0607994554899843,"17","MAPKAP1"
2.09200048078336e-06,0.656893651148224,0.375,0.199,0.0621470582826313,"17","SLC4A7"
2.15394912026889e-06,1.06411410477735,0.287,0.147,0.0639873665158279,"17","THOC2"
2.2886498886492e-06,0.680843598325967,0.603,0.434,0.0679889222421018,"17","FYB1"
2.54204714453969e-06,0.857391509466168,0.294,0.147,0.0755165945228406,"17","ITCH"
2.78397513737754e-06,0.513377021816724,0.36,0.185,0.0827035494060746,"17","TRAPPC9"
2.97496145664309e-06,0.902022112127031,0.265,0.127,0.0883771799924963,"17","UBR1"
3.10005150850816e-06,0.727300368650149,0.36,0.195,0.0920932301632519,"17","ZNF638"
3.24777201668836e-06,0.661750994653519,0.353,0.18,0.0964815632997611,"17","RERE"
3.61156232822086e-06,0.585998170480075,0.419,0.229,0.107288682084457,"17","ZCCHC7"
3.8331247208622e-06,0.884564145294218,0.353,0.196,0.113870636082653,"17","KDM2A"
4.03993865395254e-06,0.909274185683836,0.441,0.282,0.120014457592968,"17","TNFAIP8"
4.05906460501255e-06,0.69857831056133,0.272,0.13,0.120582632221108,"17","CBFA2T2"
4.3103853939611e-06,0.770429565768999,0.404,0.244,0.128048618898402,"17","TAOK3"
4.61258764699455e-06,0.794184233684101,0.331,0.177,0.137026141229267,"17","ATP2B4"
4.7609133958671e-06,0.747690154322701,0.294,0.149,0.141432454251024,"17","ZNF407"
5.19407668399895e-06,0.895082627407756,0.316,0.166,0.154300436051557,"17","NSMCE2"
5.48571268958214e-06,0.902790221968181,0.25,0.118,0.162964066869417,"17","ATG7"
5.76290172215419e-06,0.981020540191194,0.257,0.128,0.171198521460035,"17","AFF4"
6.46681419089121e-06,0.844635250874347,0.301,0.157,0.192109649168805,"17","CAB39"
6.78532203707766e-06,0.499511923759649,0.574,0.386,0.201571561755466,"17","EML4"
6.93826031484947e-06,0.672364293345698,0.338,0.18,0.206114899173233,"17","PHC3"
7.14615188841749e-06,0.966348749930839,0.324,0.175,0.212290734149218,"17","PUM1"
7.42299043184496e-06,0.778678823315628,0.346,0.194,0.220514776758818,"17","CNOT2"
7.70508232084536e-06,0.392359993603713,0.537,0.323,0.228894880505353,"17","CHST11"
8.24596688626055e-06,0.923128331447684,0.294,0.153,0.244962938290142,"17","ERC1"
8.54128765189667e-06,0.574015057656446,0.346,0.184,0.253736032274894,"17","XRN1"
8.94805966024454e-06,0.752244170978163,0.331,0.182,0.265820008326885,"17","ZNF644"
8.99353887384787e-06,0.999452453838704,0.353,0.201,0.267171059325399,"17","STAG2"
9.09542781448176e-06,0.775512431874972,0.265,0.132,0.27019787408481,"17","RNF216"
9.60578762536031e-06,0.519142540858133,0.434,0.247,0.285359132986579,"17","CAMK4"
9.74534693142108e-06,0.539499604331733,0.382,0.209,0.289505021291726,"17","PPP6R3"
9.88799317051942e-06,0.991020105239924,0.265,0.138,0.29374261311662,"17","LUC7L"
1.03855866099479e-05,0.765704118715763,0.353,0.205,0.308524621421723,"17","RAB2A"
1.07091111450564e-05,0.717640809194279,0.279,0.14,0.318135564786191,"17","EXOC6B"
1.08757063451093e-05,0.537091941721768,0.375,0.204,0.323084608394161,"17","RICTOR"
1.17499857572189e-05,0.915317176578859,0.25,0.123,0.349056826889701,"17","CCNY"
1.20265185758528e-05,0.962323715590522,0.265,0.134,0.35727178733286,"17","REV3L"
1.29557661961267e-05,0.852909219869671,0.324,0.181,0.384876946388336,"17","DENND1B"
1.48823436801273e-05,0.771458740271007,0.257,0.128,0.442109783705543,"17","SUPT3H"
1.63456527012799e-05,0.502466193581433,0.309,0.157,0.485580304796921,"17","MON2"
1.67451888251784e-05,0.787560502630928,0.25,0.124,0.497449324429576,"17","SMURF2"
1.70355772259759e-05,0.823476165964563,0.338,0.197,0.506075892652067,"17","ITSN2"
1.74526127800682e-05,1.00576422331425,0.265,0.139,0.518464767857485,"17","PPP4R3A"
1.75623505572343e-05,0.535988667062,0.412,0.246,0.521724748003758,"17","SRPK2"
1.78732915626903e-05,0.555454242922207,0.441,0.269,0.530961872452842,"17","CCSER2"
2.01412811506864e-05,0.860105425033702,0.301,0.165,0.598337039143442,"17","PPM1B"
2.16407983428482e-05,0.84006891007856,0.257,0.129,0.642883196370992,"17","RNF111"
2.22660933181843e-05,0.935368721043941,0.294,0.163,0.661458834203301,"17","CNOT4"
2.2852166821975e-05,0.679176443769304,0.301,0.161,0.678869319780411,"17","LNPEP"
2.33725827535399e-05,0.461189399877486,0.382,0.217,0.694329315859409,"17","TTC17"
2.40198852471828e-05,0.81345746470435,0.353,0.207,0.71355873103806,"17","UBAC2"
2.47614759963162e-05,0.695578167019865,0.463,0.298,0.735589167422564,"17","USP15"
2.67937549859223e-05,0.842038556357498,0.316,0.18,0.795962079366793,"17","CDK17"
2.72838165583823e-05,0.800487816900143,0.309,0.173,0.810520338499861,"17","PRPF4B"
2.77588878876282e-05,0.680988035787038,0.331,0.184,0.824633282477771,"17","TUT4"
2.9089805768095e-05,0.936419966775579,0.25,0.129,0.864170859952797,"17","EP300"
2.91445017740283e-05,0.697620109953606,0.265,0.135,0.865795714201059,"17","KAT2B"
3.0764133569527e-05,0.554545852772124,0.39,0.229,0.913910115949939,"17","JAZF1"
3.22998598771106e-05,0.814001836369853,0.25,0.128,0.959531937369324,"17","SCFD2"
3.7299003761066e-05,1.33897947475678,0.316,0.206,1,"17","SEC11A"
3.75632299621056e-05,0.696294614130787,0.434,0.279,1,"17","MBP"
3.95087746535345e-05,0.808781160585984,0.404,0.254,1,"17","CFLAR"
3.98292978765188e-05,0.755446277325017,0.279,0.15,1,"17","SPPL3"
4.08899806301456e-05,0.560598455128602,0.36,0.209,1,"17","GNB1"
4.27925463120174e-05,0.609766973952354,0.404,0.254,1,"17","GLS"
4.4799796521241e-05,0.785144003820213,0.279,0.15,1,"17","ATP9B"
4.48869746087529e-05,0.742390394821815,0.279,0.148,1,"17","FARS2"
4.8195700560793e-05,0.844539001074634,0.309,0.179,1,"17","RAB27A"
4.82815521317159e-05,0.701633496991117,0.36,0.214,1,"17","BRAF"
5.33844666082365e-05,0.710086041463623,0.324,0.184,1,"17","ANKHD1"
5.61550739321204e-05,0.587481506750085,0.346,0.203,1,"17","PPP3CC"
5.66718608737823e-05,0.66854335855288,0.294,0.158,1,"17","SGMS1"
5.71462689862889e-05,0.557675763645876,0.301,0.163,1,"17","RNF38"
5.71779808179416e-05,0.517645150588993,0.39,0.231,1,"17","NFATC3"
5.74774724362143e-05,0.638980786441094,0.529,0.417,1,"17","KMT2E"
6.83996543808676e-05,0.974136889719449,0.368,0.237,1,"17","TRAF3IP3"
6.90574649024314e-05,0.887677789505065,0.309,0.182,1,"17","WDR33"
7.49739680469821e-05,0.729661757520196,0.257,0.136,1,"17","SECISBP2"
7.93269541024909e-05,0.409367152866837,0.596,0.452,1,"17","CELF2"
7.93736793241318e-05,0.770959985165595,0.309,0.183,1,"17","ADD3"
8.42162040956703e-05,0.640390393910409,0.25,0.131,1,"17","LINC01934"
0.000102316581232311,0.643043662356344,0.412,0.275,1,"17","NKTR"
0.000107388891639627,0.510136917994063,0.301,0.165,1,"17","UBR2"
0.000107693859711156,0.593947199578657,0.294,0.164,1,"17","TRERF1"
0.000110067852917568,0.716052145491068,0.287,0.161,1,"17","SETX"
0.000126762111551134,0.679790030624015,0.316,0.184,1,"17","NCOA3"
0.000138852288089485,0.698934364041354,0.279,0.154,1,"17","TMEM131L"
0.000141525571817109,0.562218495000003,0.265,0.143,1,"17","TGFBR2"
0.00014811978589711,0.989364957647166,0.265,0.152,1,"17","FUBP1"
0.000148524121848386,0.612737814095517,0.294,0.168,1,"17","FNBP4"
0.000152894637454578,0.636570972639414,0.324,0.193,1,"17","PREX1"
0.000178509741039965,0.725877909291988,0.279,0.161,1,"17","PAK2"
0.000188112491783025,0.777774332220567,0.382,0.259,1,"17","CSNK1A1"
0.000212159630695026,0.42883590596384,0.309,0.171,1,"17","MYO5A"
0.00021870727163192,0.638438406146552,0.338,0.204,1,"17","FBXW7"
0.00023265948111749,0.705490963848354,0.25,0.137,1,"17","ETNK1"
0.000238770694948754,0.820652771272234,0.36,0.241,1,"17","KTN1"
0.000258433739119135,0.808289278112797,0.309,0.188,1,"17","THRAP3"
0.000294437627249435,0.478761657599715,0.654,0.531,1,"17","CD44"
0.000326224461863778,0.859888531893422,0.301,0.191,1,"17","ZFAND6"
0.000358316298122861,0.839673894350884,0.272,0.164,1,"17","TCF7"
0.000361642302365405,0.446255256971955,0.324,0.189,1,"17","SLFN12L"
0.000393282540847013,0.499185551633551,0.338,0.205,1,"17","KAT6A"
0.000408995316587967,0.454671092390203,0.625,0.48,1,"17","HNRNPH1"
0.000431288487836984,0.517529542758,0.265,0.151,1,"17","SND1"
0.00043133891367971,0.573424677271369,0.316,0.191,1,"17","OGT"
0.000454325731104596,0.465093319527206,0.456,0.309,1,"17","SSH2"
0.000516795032235342,0.453364899312827,0.301,0.176,1,"17","USP25"
0.000517690871390006,0.480495312589999,0.368,0.241,1,"17","BBX"
0.000523655811032906,0.305607881919064,0.346,0.202,1,"17","CARD11"
0.000526666964738578,0.565287381899762,0.279,0.165,1,"17","ELOVL5"
0.00054857000888101,0.753723429204583,0.301,0.187,1,"17","DIAPH1"
0.000576862127233471,0.931754722101411,0.294,0.189,1,"17","FNIP1"
0.000588562070636285,0.785439459182702,0.272,0.166,1,"17","ZEB2"
0.000609727518496666,0.711387499059285,0.265,0.157,1,"17","PHF3"
0.000639759406737773,0.614426217815387,0.257,0.148,1,"17","MLLT10"
0.000649197148324839,0.579829922161171,0.375,0.252,1,"17","RBMS1"
0.000728116233194879,0.746211781280866,0.294,0.186,1,"17","UPF2"
0.000899802642181238,0.682358076038871,0.265,0.157,1,"17","NEDD9"
0.000918244382366744,0.649819397319191,0.265,0.161,1,"17","STAT1"
0.000925921710573729,0.906659492271825,0.316,0.222,1,"17","NDFIP1"
0.00102066551138238,0.835449417577562,0.265,0.163,1,"17","NEMF"
0.00102713106008568,0.719023331586405,0.272,0.169,1,"17","PHF14"
0.00106251922460525,0.687155150427265,0.265,0.164,1,"17","KDM5A"
0.0011107318687101,0.470943434562473,0.544,0.435,1,"17","HNRNPC"
0.00115656107748659,0.549159360785775,0.324,0.206,1,"17","GPATCH8"
0.00116087500255976,0.664989436102443,0.25,0.145,1,"17","PPP4R3B"
0.00139446602014041,0.46973324970095,0.287,0.175,1,"17","HELZ"
0.00142478125742803,0.654007825610244,0.375,0.271,1,"17","PNISR"
0.00145199970450904,0.906933935795567,0.265,0.171,1,"17","RSBN1L"
0.00146518468138365,0.317255473053883,0.294,0.178,1,"17","CCDC88C"
0.00156977694112878,0.354625178351125,0.316,0.195,1,"17","ITPR2"
0.00171165810595606,0.25238258113242,0.441,0.3,1,"17","DOCK10"
0.00177363790095592,0.415126663058487,0.368,0.239,1,"17","EPB41"
0.00191879647374916,0.314521080011184,0.331,0.207,1,"17","RAPGEF6"
0.00207511791333371,0.323741467825847,0.287,0.174,1,"17","FCHSD2"
0.0021165957561453,0.252146004697972,0.36,0.231,1,"17","DENND4A"
0.00212659078282714,0.856389589517305,0.287,0.195,1,"17","GCC2"
0.00219134754788521,0.252085080405367,0.426,0.292,1,"17","ATM"
0.00223547061249421,0.461693080334685,0.434,0.331,1,"17","PRRC2C"
0.00225505842148582,0.637940802394815,0.449,0.348,1,"17","ARGLU1"
0.00232821441765799,0.347134933795529,0.272,0.166,1,"17","PTEN"
0.00240973812370034,0.271833035739865,0.301,0.186,1,"17","CDC14A"
0.00256878575657023,0.295313280989904,0.449,0.31,1,"17","IQGAP2"
0.00263528154212948,0.584675428647986,0.346,0.246,1,"17","TRA2A"
0.00276389957353552,0.438924910505189,0.265,0.163,1,"17","SMG1"
0.00286654535695102,0.305483840442553,0.331,0.213,1,"17","SOS1"
0.00304867402501316,0.467677464286663,0.257,0.157,1,"17","DOCK11"
0.00304943888743387,0.640001905818777,0.272,0.177,1,"17","RAB8B"
0.0030985685159959,0.377605287728057,0.471,0.354,1,"17","IKZF1"
0.00323056421550548,0.698211057203898,0.257,0.164,1,"17","BRD4"
0.00326344338721338,0.531378852175844,0.301,0.199,1,"17","CYLD"
0.00328011198330266,0.609761807320571,0.36,0.267,1,"17","ITGB1"
0.00348260335401659,0.54734389650004,0.257,0.162,1,"17","URI1"
0.00375471049292711,0.497665415401651,0.257,0.162,1,"17","MAN1A2"
0.00404526461982167,0.73886759422585,0.272,0.187,1,"17","PPHLN1"
0.0042992555141529,0.680607080404085,0.265,0.176,1,"17","YTHDC1"
0.00522344485706831,0.600638673744339,0.309,0.214,1,"17","AHNAK"
0.00553579976469114,0.549167062641105,0.25,0.161,1,"17","PPP2R5E"
0.00585559358527273,0.56982808183166,0.294,0.202,1,"17","UBE2K"
0.00588736545220383,0.27476521928801,0.375,0.257,1,"17","RASA2"
0.00611006696487876,0.822824130919623,0.272,0.19,1,"17","SLA"
0.0061177519903638,0.523888810512389,0.375,0.282,1,"17","PPP1R12A"
0.00615677757306883,0.318545407239589,0.309,0.206,1,"17","OSBPL8"
0.00683778176513275,0.387226967725271,0.382,0.279,1,"17","EMB"
0.00757642715073711,0.304128508634234,0.456,0.343,1,"17","SP100"
0.00862127769004396,0.387681139796096,0.265,0.172,1,"17","MDM4"
0.00862579796721017,0.611973303015229,0.404,0.33,1,"17","SRSF11"
0.00878295104333921,0.479154376523922,0.316,0.221,1,"17","PHIP"
0.00958543971942775,0.463299795329554,0.279,0.192,1,"17","PYHIN1"
